"","study.accession","experiment.accession","source_name","disease.status","tissue","sample.type"
"1","SRP078505","SRX1949039","squamous cell carcinoma, primary tumor","squamous cell carcinoma","primary tumor","single cell"
"2","SRP078505","SRX1949082","squamous cell carcinoma, metastatic tumor","squamous cell carcinoma","metastatic lymph node tumor","single cell"
"3","SRP078505","SRX1949023","squamous cell carcinoma, primary tumor","squamous cell carcinoma","primary tumor","single cell"
"4","SRP078505","SRX1949101","squamous cell carcinoma, metastatic tumor","squamous cell carcinoma","metastatic lymph node tumor","single cell"
"5","SRP078505","SRX1949088","squamous cell carcinoma, metastatic tumor","squamous cell carcinoma","metastatic lymph node tumor","single cell"
"6","SRP078505","SRX1949003","squamous cell carcinoma, primary tumor","squamous cell carcinoma","primary tumor","single cell"
"7","SRP078505","SRX1948971","squamous cell carcinoma, primary tumor","squamous cell carcinoma","primary tumor","single cell"
"8","SRP078505","SRX1949057","squamous cell carcinoma, metastatic tumor","squamous cell carcinoma","metastatic lymph node tumor","single cell"
"9","SRP078505","SRX1949080","squamous cell carcinoma, metastatic tumor","squamous cell carcinoma","metastatic lymph node tumor","single cell"
"10","SRP078505","SRX1948973","squamous cell carcinoma, primary tumor","squamous cell carcinoma","primary tumor","single cell"
"11","SRP078505","SRX1949006","squamous cell carcinoma, primary tumor","squamous cell carcinoma","primary tumor","single cell"
"12","SRP078505","SRX1949015","squamous cell carcinoma, primary tumor","squamous cell carcinoma","primary tumor","single cell"
"13","SRP078505","SRX1949110","squamous cell carcinoma, metastatic tumor","squamous cell carcinoma","metastatic lymph node tumor","single cell"
"14","SRP078505","SRX1948972","squamous cell carcinoma, primary tumor","squamous cell carcinoma","primary tumor","single cell"
"15","SRP078505","SRX1949005","squamous cell carcinoma, primary tumor","squamous cell carcinoma","primary tumor","single cell"
"16","SRP078505","SRX1949074","squamous cell carcinoma, metastatic tumor","squamous cell carcinoma","metastatic lymph node tumor","single cell"
"17","SRP078505","SRX1949022","squamous cell carcinoma, primary tumor","squamous cell carcinoma","primary tumor","single cell"
"18","SRP078505","SRX1949073","squamous cell carcinoma, metastatic tumor","squamous cell carcinoma","metastatic lymph node tumor","single cell"
"19","SRP078505","SRX1948979","squamous cell carcinoma, primary tumor","squamous cell carcinoma","primary tumor","single cell"
"20","SRP078505","SRX1949010","squamous cell carcinoma, primary tumor","squamous cell carcinoma","primary tumor","single cell"
"21","SRP078505","SRX1949000","squamous cell carcinoma, primary tumor","squamous cell carcinoma","primary tumor","single cell"
"22","SRP078505","SRX1949021","squamous cell carcinoma, primary tumor","squamous cell carcinoma","primary tumor","single cell"
"23","SRP078505","SRX1949045","squamous cell carcinoma, primary tumor","squamous cell carcinoma","primary tumor","single cell"
"24","SRP078505","SRX1949083","squamous cell carcinoma, metastatic tumor","squamous cell carcinoma","metastatic lymph node tumor","single cell"
"25","SRP078505","SRX1949084","squamous cell carcinoma, metastatic tumor","squamous cell carcinoma","metastatic lymph node tumor","single cell"
"26","SRP078505","SRX1949009","squamous cell carcinoma, primary tumor","squamous cell carcinoma","primary tumor","single cell"
"27","SRP078505","SRX1949066","squamous cell carcinoma, metastatic tumor","squamous cell carcinoma","metastatic lymph node tumor","single cell"
"28","SRP078505","SRX1949089","squamous cell carcinoma, metastatic tumor","squamous cell carcinoma","metastatic lymph node tumor","single cell"
"29","SRP078505","SRX1949087","squamous cell carcinoma, metastatic tumor","squamous cell carcinoma","metastatic lymph node tumor","single cell"
"30","SRP078505","SRX1949019","squamous cell carcinoma, primary tumor","squamous cell carcinoma","primary tumor","single cell"
"31","SRP078505","SRX1948984","squamous cell carcinoma, primary tumor","squamous cell carcinoma","primary tumor","single cell"
"32","SRP078505","SRX1948985","squamous cell carcinoma, primary tumor","squamous cell carcinoma","primary tumor","single cell"
"33","SRP078505","SRX1949118","squamous cell carcinoma, metastatic tumor","squamous cell carcinoma","metastatic lymph node tumor","single cell"
"34","SRP078505","SRX1949007","squamous cell carcinoma, primary tumor","squamous cell carcinoma","primary tumor","single cell"
"35","SRP078505","SRX1948988","squamous cell carcinoma, primary tumor","squamous cell carcinoma","primary tumor","single cell"
"36","SRP078505","SRX1948983","squamous cell carcinoma, primary tumor","squamous cell carcinoma","primary tumor","single cell"
"37","SRP078505","SRX1949098","squamous cell carcinoma, metastatic tumor","squamous cell carcinoma","metastatic lymph node tumor","single cell"
"38","SRP078505","SRX1949106","squamous cell carcinoma, metastatic tumor","squamous cell carcinoma","metastatic lymph node tumor","single cell"
"39","SRP078505","SRX1949105","squamous cell carcinoma, metastatic tumor","squamous cell carcinoma","metastatic lymph node tumor","single cell"
"40","SRP078505","SRX1949051","squamous cell carcinoma, metastatic tumor","squamous cell carcinoma","metastatic lymph node tumor","single cell"
"41","SRP078505","SRX1948992","squamous cell carcinoma, primary tumor","squamous cell carcinoma","primary tumor","single cell"
"42","SRP078505","SRX1949077","squamous cell carcinoma, metastatic tumor","squamous cell carcinoma","metastatic lymph node tumor","single cell"
"43","SRP078505","SRX1949016","squamous cell carcinoma, primary tumor","squamous cell carcinoma","primary tumor","single cell"
"44","SRP078505","SRX1949052","squamous cell carcinoma, metastatic tumor","squamous cell carcinoma","metastatic lymph node tumor","single cell"
"45","SRP078505","SRX1949108","squamous cell carcinoma, metastatic tumor","squamous cell carcinoma","metastatic lymph node tumor","single cell"
"46","SRP078505","SRX1949059","squamous cell carcinoma, metastatic tumor","squamous cell carcinoma","metastatic lymph node tumor","single cell"
"47","SRP078505","SRX1949001","squamous cell carcinoma, primary tumor","squamous cell carcinoma","primary tumor","single cell"
"48","SRP078505","SRX1949086","squamous cell carcinoma, metastatic tumor","squamous cell carcinoma","metastatic lymph node tumor","single cell"
"49","SRP078505","SRX1949063","squamous cell carcinoma, metastatic tumor","squamous cell carcinoma","metastatic lymph node tumor","single cell"
"50","SRP078505","SRX1949100","squamous cell carcinoma, metastatic tumor","squamous cell carcinoma","metastatic lymph node tumor","single cell"
"51","SRP078505","SRX1949076","squamous cell carcinoma, metastatic tumor","squamous cell carcinoma","metastatic lymph node tumor","single cell"
"52","SRP078505","SRX1948991","squamous cell carcinoma, primary tumor","squamous cell carcinoma","primary tumor","single cell"
"53","SRP078505","SRX1949020","squamous cell carcinoma, primary tumor","squamous cell carcinoma","primary tumor","single cell"
"54","SRP078505","SRX1949047","squamous cell carcinoma, metastatic tumor","squamous cell carcinoma","metastatic lymph node tumor","single cell"
"55","SRP078505","SRX1949111","squamous cell carcinoma, metastatic tumor","squamous cell carcinoma","metastatic lymph node tumor","single cell"
"56","SRP078505","SRX1949053","squamous cell carcinoma, metastatic tumor","squamous cell carcinoma","metastatic lymph node tumor","single cell"
"57","SRP078505","SRX1949055","squamous cell carcinoma, metastatic tumor","squamous cell carcinoma","metastatic lymph node tumor","single cell"
"58","SRP078505","SRX1948990","squamous cell carcinoma, primary tumor","squamous cell carcinoma","primary tumor","single cell"
"59","SRP078505","SRX1949040","squamous cell carcinoma, primary tumor","squamous cell carcinoma","primary tumor","single cell"
"60","SRP078505","SRX1949090","squamous cell carcinoma, metastatic tumor","squamous cell carcinoma","metastatic lymph node tumor","single cell"
"61","SRP078505","SRX1949099","squamous cell carcinoma, metastatic tumor","squamous cell carcinoma","metastatic lymph node tumor","single cell"
"62","SRP078505","SRX1948997","squamous cell carcinoma, primary tumor","squamous cell carcinoma","primary tumor","single cell"
"63","SRP078505","SRX1948986","squamous cell carcinoma, primary tumor","squamous cell carcinoma","primary tumor","single cell"
"64","SRP078505","SRX1949075","squamous cell carcinoma, metastatic tumor","squamous cell carcinoma","metastatic lymph node tumor","single cell"
"65","SRP078505","SRX1949014","squamous cell carcinoma, primary tumor","squamous cell carcinoma","primary tumor","single cell"
"66","SRP078505","SRX1949033","squamous cell carcinoma, primary tumor","squamous cell carcinoma","primary tumor","single cell"
"67","SRP078505","SRX1949026","squamous cell carcinoma, primary tumor","squamous cell carcinoma","primary tumor","single cell"
"68","SRP078505","SRX1949048","squamous cell carcinoma, metastatic tumor","squamous cell carcinoma","metastatic lymph node tumor","single cell"
"69","SRP078505","SRX1949114","squamous cell carcinoma, metastatic tumor","squamous cell carcinoma","metastatic lymph node tumor","single cell"
"70","SRP078505","SRX1949093","squamous cell carcinoma, metastatic tumor","squamous cell carcinoma","metastatic lymph node tumor","single cell"
"71","SRP078505","SRX1949081","squamous cell carcinoma, metastatic tumor","squamous cell carcinoma","metastatic lymph node tumor","single cell"
"72","SRP078505","SRX1949028","squamous cell carcinoma, primary tumor","squamous cell carcinoma","primary tumor","single cell"
"73","SRP078505","SRX1949072","squamous cell carcinoma, metastatic tumor","squamous cell carcinoma","metastatic lymph node tumor","single cell"
"74","SRP078505","SRX1949011","squamous cell carcinoma, primary tumor","squamous cell carcinoma","primary tumor","single cell"
"75","SRP078505","SRX1949085","squamous cell carcinoma, metastatic tumor","squamous cell carcinoma","metastatic lymph node tumor","single cell"
"76","SRP078505","SRX1949046","squamous cell carcinoma, primary tumor","squamous cell carcinoma","primary tumor","single cell"
"77","SRP078505","SRX1948976","squamous cell carcinoma, primary tumor","squamous cell carcinoma","primary tumor","single cell"
"78","SRP078505","SRX1948989","squamous cell carcinoma, primary tumor","squamous cell carcinoma","primary tumor","single cell"
"79","SRP078505","SRX1948993","squamous cell carcinoma, primary tumor","squamous cell carcinoma","primary tumor","single cell"
"80","SRP078505","SRX1949071","squamous cell carcinoma, metastatic tumor","squamous cell carcinoma","metastatic lymph node tumor","single cell"
"81","SRP078505","SRX1948981","squamous cell carcinoma, primary tumor","squamous cell carcinoma","primary tumor","single cell"
"82","SRP078505","SRX1949104","squamous cell carcinoma, metastatic tumor","squamous cell carcinoma","metastatic lymph node tumor","single cell"
"83","SRP078505","SRX1949097","squamous cell carcinoma, metastatic tumor","squamous cell carcinoma","metastatic lymph node tumor","single cell"
"84","SRP078505","SRX1949027","squamous cell carcinoma, primary tumor","squamous cell carcinoma","primary tumor","single cell"
"85","SRP078505","SRX1949024","squamous cell carcinoma, primary tumor","squamous cell carcinoma","primary tumor","single cell"
"86","SRP078505","SRX1949049","squamous cell carcinoma, metastatic tumor","squamous cell carcinoma","metastatic lymph node tumor","single cell"
"87","SRP078505","SRX1948998","squamous cell carcinoma, primary tumor","squamous cell carcinoma","primary tumor","single cell"
"88","SRP078505","SRX1949044","squamous cell carcinoma, primary tumor","squamous cell carcinoma","primary tumor","single cell"
"89","SRP078505","SRX1949037","squamous cell carcinoma, primary tumor","squamous cell carcinoma","primary tumor","single cell"
"90","SRP078505","SRX1949068","squamous cell carcinoma, metastatic tumor","squamous cell carcinoma","metastatic lymph node tumor","single cell"
"91","SRP078505","SRX1949092","squamous cell carcinoma, metastatic tumor","squamous cell carcinoma","metastatic lymph node tumor","single cell"
"92","SRP078505","SRX1949008","squamous cell carcinoma, primary tumor","squamous cell carcinoma","primary tumor","single cell"
"93","SRP078505","SRX1949056","squamous cell carcinoma, metastatic tumor","squamous cell carcinoma","metastatic lymph node tumor","single cell"
"94","SRP078505","SRX1949070","squamous cell carcinoma, metastatic tumor","squamous cell carcinoma","metastatic lymph node tumor","single cell"
"95","SRP078505","SRX1949030","squamous cell carcinoma, primary tumor","squamous cell carcinoma","primary tumor","single cell"
"96","SRP078505","SRX1949032","squamous cell carcinoma, primary tumor","squamous cell carcinoma","primary tumor","single cell"
"97","SRP078505","SRX1949018","squamous cell carcinoma, primary tumor","squamous cell carcinoma","primary tumor","single cell"
"98","SRP078505","SRX1949095","squamous cell carcinoma, metastatic tumor","squamous cell carcinoma","metastatic lymph node tumor","single cell"
"99","SRP078505","SRX1948982","squamous cell carcinoma, primary tumor","squamous cell carcinoma","primary tumor","single cell"
"100","SRP078505","SRX1949078","squamous cell carcinoma, metastatic tumor","squamous cell carcinoma","metastatic lymph node tumor","single cell"
"101","SRP078505","SRX1949012","squamous cell carcinoma, primary tumor","squamous cell carcinoma","primary tumor","single cell"
"102","SRP078505","SRX1949069","squamous cell carcinoma, metastatic tumor","squamous cell carcinoma","metastatic lymph node tumor","single cell"
"103","SRP078505","SRX1949115","squamous cell carcinoma, metastatic tumor","squamous cell carcinoma","metastatic lymph node tumor","single cell"
"104","SRP078505","SRX1949036","squamous cell carcinoma, primary tumor","squamous cell carcinoma","primary tumor","single cell"
"105","SRP078505","SRX1949004","squamous cell carcinoma, primary tumor","squamous cell carcinoma","primary tumor","single cell"
"106","SRP078505","SRX1948974","squamous cell carcinoma, primary tumor","squamous cell carcinoma","primary tumor","single cell"
"107","SRP078505","SRX1949034","squamous cell carcinoma, primary tumor","squamous cell carcinoma","primary tumor","single cell"
"108","SRP078505","SRX1949064","squamous cell carcinoma, metastatic tumor","squamous cell carcinoma","metastatic lymph node tumor","single cell"
"109","SRP078505","SRX1949042","squamous cell carcinoma, primary tumor","squamous cell carcinoma","primary tumor","single cell"
"110","SRP078505","SRX1949017","squamous cell carcinoma, primary tumor","squamous cell carcinoma","primary tumor","single cell"
"111","SRP078505","SRX1949107","squamous cell carcinoma, metastatic tumor","squamous cell carcinoma","metastatic lymph node tumor","single cell"
"112","SRP078505","SRX1948969","squamous cell carcinoma, primary tumor","squamous cell carcinoma","primary tumor","single cell"
"113","SRP078505","SRX1949002","squamous cell carcinoma, primary tumor","squamous cell carcinoma","primary tumor","single cell"
"114","SRP078505","SRX1948995","squamous cell carcinoma, primary tumor","squamous cell carcinoma","primary tumor","single cell"
"115","SRP078505","SRX1949102","squamous cell carcinoma, metastatic tumor","squamous cell carcinoma","metastatic lymph node tumor","single cell"
"116","SRP078505","SRX1949041","squamous cell carcinoma, primary tumor","squamous cell carcinoma","primary tumor","single cell"
"117","SRP078505","SRX1948978","squamous cell carcinoma, primary tumor","squamous cell carcinoma","primary tumor","single cell"
"118","SRP078505","SRX1949031","squamous cell carcinoma, primary tumor","squamous cell carcinoma","primary tumor","single cell"
"119","SRP078505","SRX1949035","squamous cell carcinoma, primary tumor","squamous cell carcinoma","primary tumor","single cell"
"120","SRP078505","SRX1948975","squamous cell carcinoma, primary tumor","squamous cell carcinoma","primary tumor","single cell"
"121","SRP078505","SRX1948999","squamous cell carcinoma, primary tumor","squamous cell carcinoma","primary tumor","single cell"
"122","SRP078505","SRX1949094","squamous cell carcinoma, metastatic tumor","squamous cell carcinoma","metastatic lymph node tumor","single cell"
"123","SRP078505","SRX1948994","squamous cell carcinoma, primary tumor","squamous cell carcinoma","primary tumor","single cell"
"124","SRP078505","SRX1949043","squamous cell carcinoma, primary tumor","squamous cell carcinoma","primary tumor","single cell"
"125","SRP078505","SRX1949058","squamous cell carcinoma, metastatic tumor","squamous cell carcinoma","metastatic lymph node tumor","single cell"
"126","SRP078505","SRX1948996","squamous cell carcinoma, primary tumor","squamous cell carcinoma","primary tumor","single cell"
"127","SRP078505","SRX1949013","squamous cell carcinoma, primary tumor","squamous cell carcinoma","primary tumor","single cell"
"128","SRP078505","SRX1949091","squamous cell carcinoma, metastatic tumor","squamous cell carcinoma","metastatic lymph node tumor","single cell"
"129","SRP078505","SRX1949054","squamous cell carcinoma, metastatic tumor","squamous cell carcinoma","metastatic lymph node tumor","single cell"
"130","SRP078505","SRX1949103","squamous cell carcinoma, metastatic tumor","squamous cell carcinoma","metastatic lymph node tumor","single cell"
"131","SRP078505","SRX1949113","squamous cell carcinoma, metastatic tumor","squamous cell carcinoma","metastatic lymph node tumor","single cell"
"132","SRP078505","SRX1949079","squamous cell carcinoma, metastatic tumor","squamous cell carcinoma","metastatic lymph node tumor","single cell"
"133","SRP078505","SRX1949038","squamous cell carcinoma, primary tumor","squamous cell carcinoma","primary tumor","single cell"
"134","SRP078505","SRX1949062","squamous cell carcinoma, metastatic tumor","squamous cell carcinoma","metastatic lymph node tumor","single cell"
"135","SRP078505","SRX1948977","squamous cell carcinoma, primary tumor","squamous cell carcinoma","primary tumor","single cell"
"136","SRP078505","SRX1949112","squamous cell carcinoma, metastatic tumor","squamous cell carcinoma","metastatic lymph node tumor","single cell"
"137","SRP078505","SRX1949067","squamous cell carcinoma, metastatic tumor","squamous cell carcinoma","metastatic lymph node tumor","single cell"
"138","SRP078505","SRX1949117","squamous cell carcinoma, metastatic tumor","squamous cell carcinoma","metastatic lymph node tumor","single cell"
"139","SRP078505","SRX1949029","squamous cell carcinoma, primary tumor","squamous cell carcinoma","primary tumor","single cell"
"140","SRP078505","SRX1948970","squamous cell carcinoma, primary tumor","squamous cell carcinoma","primary tumor","single cell"
"141","SRP078505","SRX1948980","squamous cell carcinoma, primary tumor","squamous cell carcinoma","primary tumor","single cell"
"142","SRP078505","SRX1948987","squamous cell carcinoma, primary tumor","squamous cell carcinoma","primary tumor","single cell"
"143","SRP078505","SRX1949061","squamous cell carcinoma, metastatic tumor","squamous cell carcinoma","metastatic lymph node tumor","single cell"
"144","SRP078505","SRX1949096","squamous cell carcinoma, metastatic tumor","squamous cell carcinoma","metastatic lymph node tumor","single cell"
"145","SRP078505","SRX1949065","squamous cell carcinoma, metastatic tumor","squamous cell carcinoma","metastatic lymph node tumor","single cell"
"146","SRP078505","SRX1949025","squamous cell carcinoma, primary tumor","squamous cell carcinoma","primary tumor","single cell"
"147","SRP078505","SRX1949050","squamous cell carcinoma, metastatic tumor","squamous cell carcinoma","metastatic lymph node tumor","single cell"
"148","SRP078505","SRX1949119","squamous cell carcinoma, metastatic tumor","squamous cell carcinoma","metastatic lymph node tumor","single cell"
"149","SRP078505","SRX1949109","squamous cell carcinoma, metastatic tumor","squamous cell carcinoma","metastatic lymph node tumor","single cell"
"150","SRP078505","SRX1949060","squamous cell carcinoma, metastatic tumor","squamous cell carcinoma","metastatic lymph node tumor","single cell"
"151","SRP078505","SRX1949116","squamous cell carcinoma, metastatic tumor","squamous cell carcinoma","metastatic lymph node tumor","single cell"
"152","SRP078505","SRX1948968","squamous cell carcinoma, primary tumor","squamous cell carcinoma","primary tumor","single cell"
