"","study.accession","experiment.accession","source_name","cell.type"
"1","SRP059035","SRX1047593","PDX, LC-MBT-15","PDX"
"2","SRP059035","SRX1047517","PDX, LC-PT-45-Re","PDX"
"3","SRP059035","SRX1047572","PDX, LC-MBT-15","PDX"
"4","SRP059035","SRX1047500","PDX, LC-PT-45","PDX"
"5","SRP059035","SRX1047435","human lung cancer cell line","H358"
"6","SRP059035","SRX1047494","PDX, LC-PT-45","PDX"
"7","SRP059035","SRX1047589","PDX, LC-MBT-15","PDX"
"8","SRP059035","SRX1047585","PDX, LC-MBT-15","PDX"
"9","SRP059035","SRX1047580","PDX, LC-MBT-15","PDX"
"10","SRP059035","SRX1047505","PDX, LC-PT-45","PDX"
"11","SRP059035","SRX1047427","human lung cancer cell line","H358"
"12","SRP059035","SRX1047432","human lung cancer cell line","H358"
"13","SRP059035","SRX1047613","PDX, LC-MBT-15","PDX"
"14","SRP059035","SRX1047573","PDX, LC-MBT-15","PDX"
"15","SRP059035","SRX1047458","human lung cancer cell line","H358"
"16","SRP059035","SRX1047486","PDX, LC-PT-45","PDX"
"17","SRP059035","SRX1047586","PDX, LC-MBT-15","PDX"
"18","SRP059035","SRX1047490","PDX, LC-PT-45","PDX"
"19","SRP059035","SRX1047540","PDX, LC-PT-45-Re","PDX"
"20","SRP059035","SRX1047606","PDX, LC-MBT-15","PDX"
"21","SRP059035","SRX1047497","PDX, LC-PT-45","PDX"
"22","SRP059035","SRX1047430","human lung cancer cell line","H358"
"23","SRP059035","SRX1047479","PDX, LC-PT-45","PDX"
"24","SRP059035","SRX1047436","human lung cancer cell line","H358"
"25","SRP059035","SRX1047469","human lung cancer cell line","H358"
"26","SRP059035","SRX1047519","PDX, LC-PT-45-Re","PDX"
"27","SRP059035","SRX1047543","PDX, LC-PT-45-Re","PDX"
"28","SRP059035","SRX1047529","PDX, LC-PT-45-Re","PDX"
"29","SRP059035","SRX1047496","PDX, LC-PT-45","PDX"
"30","SRP059035","SRX1047452","human lung cancer cell line","H358"
"31","SRP059035","SRX1047545","PDX, LC-PT-45-Re","PDX"
"32","SRP059035","SRX1047605","PDX, LC-MBT-15","PDX"
"33","SRP059035","SRX1047506","PDX, LC-PT-45","PDX"
"34","SRP059035","SRX1047464","human lung cancer cell line","H358"
"35","SRP059035","SRX1047619","PDX, LC-PT-45","PDX"
"36","SRP059035","SRX1047623","primary tumor, LC-PT-45","primary tumor"
"37","SRP059035","SRX1047566","PDX, LC-MBT-15","PDX"
"38","SRP059035","SRX1047609","PDX, LC-MBT-15","PDX"
"39","SRP059035","SRX1047550","PDX, LC-PT-45-Re","PDX"
"40","SRP059035","SRX1047484","PDX, LC-PT-45","PDX"
"41","SRP059035","SRX1047562","PDX, LC-MBT-15","PDX"
"42","SRP059035","SRX1047451","human lung cancer cell line","H358"
"43","SRP059035","SRX1047525","PDX, LC-PT-45-Re","PDX"
"44","SRP059035","SRX1047597","PDX, LC-MBT-15","PDX"
"45","SRP059035","SRX1047493","PDX, LC-PT-45","PDX"
"46","SRP059035","SRX1047547","PDX, LC-PT-45-Re","PDX"
"47","SRP059035","SRX1047459","human lung cancer cell line","H358"
"48","SRP059035","SRX1047468","human lung cancer cell line","H358"
"49","SRP059035","SRX1047520","PDX, LC-PT-45-Re","PDX"
"50","SRP059035","SRX1047571","PDX, LC-MBT-15","PDX"
"51","SRP059035","SRX1047424","human lung cancer cell line","H358"
"52","SRP059035","SRX1047456","human lung cancer cell line","H358"
"53","SRP059035","SRX1047607","PDX, LC-MBT-15","PDX"
"54","SRP059035","SRX1047499","PDX, LC-PT-45","PDX"
"55","SRP059035","SRX1047448","human lung cancer cell line","H358"
"56","SRP059035","SRX1047570","PDX, LC-MBT-15","PDX"
"57","SRP059035","SRX1047467","human lung cancer cell line","H358"
"58","SRP059035","SRX1047553","PDX, LC-PT-45-Re","PDX"
"59","SRP059035","SRX1047423","human lung cancer cell line","H358"
"60","SRP059035","SRX1047534","PDX, LC-PT-45-Re","PDX"
"61","SRP059035","SRX1047626","primary tumor, LC-MBT-15","primary tumor"
"62","SRP059035","SRX1047509","PDX, LC-PT-45","PDX"
"63","SRP059035","SRX1047532","PDX, LC-PT-45-Re","PDX"
"64","SRP059035","SRX1047565","PDX, LC-MBT-15","PDX"
"65","SRP059035","SRX1047584","PDX, LC-MBT-15","PDX"
"66","SRP059035","SRX1047512","PDX, LC-PT-45-Re","PDX"
"67","SRP059035","SRX1047470","PDX, LC-PT-45","PDX"
"68","SRP059035","SRX1047561","PDX, LC-MBT-15","PDX"
"69","SRP059035","SRX1047478","PDX, LC-PT-45","PDX"
"70","SRP059035","SRX1047569","PDX, LC-MBT-15","PDX"
"71","SRP059035","SRX1047610","PDX, LC-MBT-15","PDX"
"72","SRP059035","SRX1047600","PDX, LC-MBT-15","PDX"
"73","SRP059035","SRX1047530","PDX, LC-PT-45-Re","PDX"
"74","SRP059035","SRX1047602","PDX, LC-MBT-15","PDX"
"75","SRP059035","SRX1047491","PDX, LC-PT-45","PDX"
"76","SRP059035","SRX1047599","PDX, LC-MBT-15","PDX"
"77","SRP059035","SRX1047611","PDX, LC-MBT-15","PDX"
"78","SRP059035","SRX1047428","human lung cancer cell line","H358"
"79","SRP059035","SRX1047596","PDX, LC-MBT-15","PDX"
"80","SRP059035","SRX1047567","PDX, LC-MBT-15","PDX"
"81","SRP059035","SRX1047528","PDX, LC-PT-45-Re","PDX"
"82","SRP059035","SRX1047591","PDX, LC-MBT-15","PDX"
"83","SRP059035","SRX1047511","PDX, LC-PT-45-Re","PDX"
"84","SRP059035","SRX1047563","PDX, LC-MBT-15","PDX"
"85","SRP059035","SRX1047440","human lung cancer cell line","H358"
"86","SRP059035","SRX1047476","PDX, LC-PT-45","PDX"
"87","SRP059035","SRX1047477","PDX, LC-PT-45","PDX"
"88","SRP059035","SRX1047546","PDX, LC-PT-45-Re","PDX"
"89","SRP059035","SRX1047425","human lung cancer cell line","H358"
"90","SRP059035","SRX1047487","PDX, LC-PT-45","PDX"
"91","SRP059035","SRX1047522","PDX, LC-PT-45-Re","PDX"
"92","SRP059035","SRX1047551","PDX, LC-PT-45-Re","PDX"
"93","SRP059035","SRX1047535","PDX, LC-PT-45-Re","PDX"
"94","SRP059035","SRX1047515","PDX, LC-PT-45-Re","PDX"
"95","SRP059035","SRX1047439","human lung cancer cell line","H358"
"96","SRP059035","SRX1047620","human lung cancer cell line","H358"
"97","SRP059035","SRX1047441","human lung cancer cell line","H358"
"98","SRP059035","SRX1047465","human lung cancer cell line","H358"
"99","SRP059035","SRX1047612","PDX, LC-MBT-15","PDX"
"100","SRP059035","SRX1047576","PDX, LC-MBT-15","PDX"
"101","SRP059035","SRX1047461","human lung cancer cell line","H358"
"102","SRP059035","SRX1047429","human lung cancer cell line","H358"
"103","SRP059035","SRX1047558","PDX, LC-PT-45-Re","PDX"
"104","SRP059035","SRX1047587","PDX, LC-MBT-15","PDX"
"105","SRP059035","SRX1047544","PDX, LC-PT-45-Re","PDX"
"106","SRP059035","SRX1047592","PDX, LC-MBT-15","PDX"
"107","SRP059035","SRX1047539","PDX, LC-PT-45-Re","PDX"
"108","SRP059035","SRX1047556","PDX, LC-PT-45-Re","PDX"
"109","SRP059035","SRX1047454","human lung cancer cell line","H358"
"110","SRP059035","SRX1047604","PDX, LC-MBT-15","PDX"
"111","SRP059035","SRX1047510","PDX, LC-PT-45-Re","PDX"
"112","SRP059035","SRX1047568","PDX, LC-MBT-15","PDX"
"113","SRP059035","SRX1047473","PDX, LC-PT-45","PDX"
"114","SRP059035","SRX1047443","human lung cancer cell line","H358"
"115","SRP059035","SRX1047555","PDX, LC-PT-45-Re","PDX"
"116","SRP059035","SRX1047462","human lung cancer cell line","H358"
"117","SRP059035","SRX1047438","human lung cancer cell line","H358"
"118","SRP059035","SRX1047457","human lung cancer cell line","H358"
"119","SRP059035","SRX1047482","PDX, LC-PT-45","PDX"
"120","SRP059035","SRX1047516","PDX, LC-PT-45-Re","PDX"
"121","SRP059035","SRX1047485","PDX, LC-PT-45","PDX"
"122","SRP059035","SRX1047449","human lung cancer cell line","H358"
"123","SRP059035","SRX1047590","PDX, LC-MBT-15","PDX"
"124","SRP059035","SRX1047503","PDX, LC-PT-45","PDX"
"125","SRP059035","SRX1047508","PDX, LC-PT-45","PDX"
"126","SRP059035","SRX1047513","PDX, LC-PT-45-Re","PDX"
"127","SRP059035","SRX1047507","PDX, LC-PT-45","PDX"
"128","SRP059035","SRX1047531","PDX, LC-PT-45-Re","PDX"
"129","SRP059035","SRX1047557","PDX, LC-PT-45-Re","PDX"
"130","SRP059035","SRX1047594","PDX, LC-MBT-15","PDX"
"131","SRP059035","SRX1047538","PDX, LC-PT-45-Re","PDX"
"132","SRP059035","SRX1047577","PDX, LC-MBT-15","PDX"
"133","SRP059035","SRX1047463","human lung cancer cell line","H358"
"134","SRP059035","SRX1047615","PDX, LC-MBT-15","PDX"
"135","SRP059035","SRX1047504","PDX, LC-PT-45","PDX"
"136","SRP059035","SRX1047421","human lung cancer cell line","H358"
"137","SRP059035","SRX1047578","PDX, LC-MBT-15","PDX"
"138","SRP059035","SRX1047466","human lung cancer cell line","H358"
"139","SRP059035","SRX1047453","human lung cancer cell line","H358"
"140","SRP059035","SRX1047537","PDX, LC-PT-45-Re","PDX"
"141","SRP059035","SRX1047518","PDX, LC-PT-45-Re","PDX"
"142","SRP059035","SRX1047419","human lung cancer cell line","H358"
"143","SRP059035","SRX1047564","PDX, LC-MBT-15","PDX"
"144","SRP059035","SRX1047524","PDX, LC-PT-45-Re","PDX"
"145","SRP059035","SRX1047616","PDX, LC-PT-45","PDX"
"146","SRP059035","SRX1047574","PDX, LC-MBT-15","PDX"
"147","SRP059035","SRX1047442","human lung cancer cell line","H358"
"148","SRP059035","SRX1047621","PDX, LC-PT-45","PDX"
"149","SRP059035","SRX1047552","PDX, LC-PT-45-Re","PDX"
"150","SRP059035","SRX1047527","PDX, LC-PT-45-Re","PDX"
"151","SRP059035","SRX1047475","primary tumor, LC-PT-45","primary tumor"
"152","SRP059035","SRX1047455","human lung cancer cell line","H358"
"153","SRP059035","SRX1047536","PDX, LC-PT-45-Re","PDX"
"154","SRP059035","SRX1047521","PDX, LC-PT-45-Re","PDX"
"155","SRP059035","SRX1047582","PDX, LC-MBT-15","PDX"
"156","SRP059035","SRX1047420","human lung cancer cell line","H358"
"157","SRP059035","SRX1047495","PDX, LC-PT-45","PDX"
"158","SRP059035","SRX1047444","human lung cancer cell line","H358"
"159","SRP059035","SRX1047542","PDX, LC-PT-45-Re","PDX"
"160","SRP059035","SRX1047579","PDX, LC-MBT-15","PDX"
"161","SRP059035","SRX1047583","PDX, LC-MBT-15","PDX"
"162","SRP059035","SRX1047434","human lung cancer cell line","H358"
"163","SRP059035","SRX1047433","human lung cancer cell line","H358"
"164","SRP059035","SRX1047601","PDX, LC-MBT-15","PDX"
"165","SRP059035","SRX1047492","PDX, LC-PT-45","PDX"
"166","SRP059035","SRX1047581","PDX, LC-MBT-15","PDX"
"167","SRP059035","SRX1047498","PDX, LC-PT-45","PDX"
"168","SRP059035","SRX1047480","PDX, LC-PT-45","PDX"
"169","SRP059035","SRX1047437","human lung cancer cell line","H358"
"170","SRP059035","SRX1047614","PDX, LC-MBT-15","PDX"
"171","SRP059035","SRX1047559","PDX, LC-PT-45-Re","PDX"
"172","SRP059035","SRX1047625","blood, LC-MBT-15","blood"
"173","SRP059035","SRX1047575","PDX, LC-MBT-15","PDX"
"174","SRP059035","SRX1047447","human lung cancer cell line","H358"
"175","SRP059035","SRX1047523","PDX, LC-PT-45-Re","PDX"
"176","SRP059035","SRX1047502","PDX, LC-PT-45","PDX"
"177","SRP059035","SRX1047450","human lung cancer cell line","H358"
"178","SRP059035","SRX1047431","human lung cancer cell line","H358"
"179","SRP059035","SRX1047533","PDX, LC-PT-45-Re","PDX"
"180","SRP059035","SRX1047474","PDX, LC-PT-45","PDX"
"181","SRP059035","SRX1047588","PDX, LC-MBT-15","PDX"
"182","SRP059035","SRX1047514","PDX, LC-PT-45-Re","PDX"
"183","SRP059035","SRX1047549","PDX, LC-PT-45-Re","PDX"
"184","SRP059035","SRX1047608","PDX, LC-MBT-15","PDX"
"185","SRP059035","SRX1047483","PDX, LC-PT-45","PDX"
"186","SRP059035","SRX1047624","PDX, LC-MBT-15","PDX"
"187","SRP059035","SRX1047471","PDX, LC-PT-45","PDX"
"188","SRP059035","SRX1047617","PDX, LC-PT-45","PDX"
"189","SRP059035","SRX1047422","human lung cancer cell line","H358"
"190","SRP059035","SRX1047595","PDX, LC-MBT-15","PDX"
"191","SRP059035","SRX1047548","PDX, LC-PT-45-Re","PDX"
"192","SRP059035","SRX1047618","PDX, LC-PT-45","PDX"
"193","SRP059035","SRX1047622","blood, LC-PT-45","blood"
"194","SRP059035","SRX1047460","human lung cancer cell line","H358"
"195","SRP059035","SRX1047554","PDX, LC-PT-45-Re","PDX"
"196","SRP059035","SRX1047598","PDX, LC-MBT-15","PDX"
"197","SRP059035","SRX1047426","human lung cancer cell line","H358"
"198","SRP059035","SRX1047472","PDX, LC-PT-45","PDX"
"199","SRP059035","SRX1047488","PDX, LC-PT-45","PDX"
"200","SRP059035","SRX1047445","human lung cancer cell line","H358"
"201","SRP059035","SRX1047501","PDX, LC-PT-45","PDX"
"202","SRP059035","SRX1047603","PDX, LC-MBT-15","PDX"
"203","SRP059035","SRX1047560","PDX, LC-MBT-15","PDX"
"204","SRP059035","SRX1047481","PDX, LC-PT-45","PDX"
"205","SRP059035","SRX1047541","PDX, LC-PT-45-Re","PDX"
"206","SRP059035","SRX1047526","PDX, LC-PT-45-Re","PDX"
"207","SRP059035","SRX1047489","PDX, LC-PT-45","PDX"
"208","SRP059035","SRX1047446","human lung cancer cell line","H358"
