"","study.accession","experiment.accession","source_name","injected.cells","treatment","time.point","tissue"
"1","SRP110615","SRX2961669","Neuroblastoma","LAN-1","AZA + RA","day10","Tumor"
"2","SRP110615","SRX2961678","Neuroblastoma","LAN-1","AZA + RA","day14","Tumor"
"3","SRP110615","SRX2961644","Neuroblastoma","CHP212","DMSO (CTRL)","EP","Tumor"
"4","SRP110615","SRX2961637","Neuroblastoma","CHP212","AZA + RA","EP","Tumor"
"5","SRP110615","SRX2961659","Neuroblastoma","LAN-1","DMSO (CTRL)","EP","Tumor"
"6","SRP110615","SRX2961676","Neuroblastoma","LAN-1","AZA + RA","day14","Tumor"
"7","SRP110615","SRX2961675","Neuroblastoma","LAN-1","DMSO (CTRL)","day14","Tumor"
"8","SRP110615","SRX2961677","Neuroblastoma","LAN-1","AZA + RA","day14","Tumor"
"9","SRP110615","SRX2961638","Neuroblastoma","CHP212","AZA + RA","EP","Tumor"
"10","SRP110615","SRX2961693","Neuroblastoma","SK-N-AS","DMSO (CTRL)","EP","Tumor"
"11","SRP110615","SRX2961641","Neuroblastoma","CHP212","DMSO (CTRL)","EP","Tumor"
"12","SRP110615","SRX2961665","Neuroblastoma","LAN-1","DMSO (CTRL)","day10","Tumor"
"13","SRP110615","SRX2961664","Neuroblastoma","LAN-1","DMSO (CTRL)","day10","Tumor"
"14","SRP110615","SRX2961645","Neuroblastoma","CHP212","RA","EP","Tumor"
"15","SRP110615","SRX2961672","Neuroblastoma","LAN-1","DMSO (CTRL)","day14","Tumor"
"16","SRP110615","SRX2961636","Neuroblastoma","CHP212","AZA + RA","EP","Tumor"
"17","SRP110615","SRX2961658","Neuroblastoma","LAN-1","DMSO (CTRL)","EP","Tumor"
"18","SRP110615","SRX2961647","Neuroblastoma","CHP212","RA","EP","Tumor"
"19","SRP110615","SRX2961697","Neuroblastoma","SK-N-AS","RA","EP","Tumor"
"20","SRP110615","SRX2961640","Neuroblastoma","CHP212","DMSO (CTRL)","EP","Tumor"
"21","SRP110615","SRX2961694","Neuroblastoma","SK-N-AS","DMSO (CTRL)","EP","Tumor"
"22","SRP110615","SRX2961635","Neuroblastoma","CHP212","AZA + RA","EP","Tumor"
"23","SRP110615","SRX2961689","Neuroblastoma","SK-N-AS","AZA + RA","EP","Tumor"
"24","SRP110615","SRX2961670","Neuroblastoma","LAN-1","AZA + RA","day10","Tumor"
"25","SRP110615","SRX2961692","Neuroblastoma","SK-N-AS","DMSO (CTRL)","EP","Tumor"
"26","SRP110615","SRX2961630","Neuroblastoma","CHP212","AZA","EP","Tumor"
"27","SRP110615","SRX2961649","Neuroblastoma","CHP212","RA","EP","Tumor"
"28","SRP110615","SRX2961654","Neuroblastoma","LAN-1","AZA + RA","EP","Tumor"
"29","SRP110615","SRX2961652","Neuroblastoma","LAN-1","AZA","EP","Tumor"
"30","SRP110615","SRX2961671","Neuroblastoma","LAN-1","DMSO (CTRL)","day14","Tumor"
"31","SRP110615","SRX2961691","Neuroblastoma","SK-N-AS","DMSO (CTRL)","EP","Tumor"
"32","SRP110615","SRX2961688","Neuroblastoma","SK-N-AS","AZA + RA","EP","Tumor"
"33","SRP110615","SRX2961656","Neuroblastoma","LAN-1","AZA + RA","EP","Tumor"
"34","SRP110615","SRX2961633","Neuroblastoma","CHP212","AZA","EP","Tumor"
"35","SRP110615","SRX2961679","Neuroblastoma","LAN-1","AZA + RA","day14","Tumor"
"36","SRP110615","SRX2961687","Neuroblastoma","SK-N-AS","AZA + RA","EP","Tumor"
"37","SRP110615","SRX2961642","Neuroblastoma","CHP212","DMSO (CTRL)","EP","Tumor"
"38","SRP110615","SRX2961646","Neuroblastoma","CHP212","RA","EP","Tumor"
"39","SRP110615","SRX2961660","Neuroblastoma","LAN-1","DMSO (CTRL)","EP","Tumor"
"40","SRP110615","SRX2961682","Neuroblastoma","LAN-1","RA","EP","Tumor"
"41","SRP110615","SRX2961668","Neuroblastoma","LAN-1","AZA + RA","day10","Tumor"
"42","SRP110615","SRX2961650","Neuroblastoma","LAN-1","AZA","EP","Tumor"
"43","SRP110615","SRX2961696","Neuroblastoma","SK-N-AS","RA","EP","Tumor"
"44","SRP110615","SRX2961651","Neuroblastoma","LAN-1","AZA","EP","Tumor"
"45","SRP110615","SRX2961648","Neuroblastoma","CHP212","RA","EP","Tumor"
"46","SRP110615","SRX2961680","Neuroblastoma","LAN-1","AZA + RA","day14","Tumor"
"47","SRP110615","SRX2961655","Neuroblastoma","LAN-1","AZA + RA","EP","Tumor"
"48","SRP110615","SRX2961695","Neuroblastoma","SK-N-AS","RA","EP","Tumor"
"49","SRP110615","SRX2961639","Neuroblastoma","CHP212","AZA + RA","EP","Tumor"
"50","SRP110615","SRX2961674","Neuroblastoma","LAN-1","DMSO (CTRL)","day14","Tumor"
"51","SRP110615","SRX2961631","Neuroblastoma","CHP212","AZA","EP","Tumor"
"52","SRP110615","SRX2961657","Neuroblastoma","LAN-1","DMSO (CTRL)","EP","Tumor"
"53","SRP110615","SRX2961684","Neuroblastoma","SK-N-AS","AZA","EP","Tumor"
"54","SRP110615","SRX2961643","Neuroblastoma","CHP212","DMSO (CTRL)","EP","Tumor"
"55","SRP110615","SRX2961667","Neuroblastoma","LAN-1","AZA + RA","day10","Tumor"
"56","SRP110615","SRX2961690","Neuroblastoma","SK-N-AS","AZA + RA","EP","Tumor"
"57","SRP110615","SRX2961663","Neuroblastoma","LAN-1","DMSO (CTRL)","day10","Tumor"
"58","SRP110615","SRX2961673","Neuroblastoma","LAN-1","DMSO (CTRL)","day14","Tumor"
"59","SRP110615","SRX2961685","Neuroblastoma","SK-N-AS","AZA","EP","Tumor"
"60","SRP110615","SRX2961686","Neuroblastoma","SK-N-AS","AZA","EP","Tumor"
"61","SRP110615","SRX2961666","Neuroblastoma","LAN-1","AZA + RA","day10","Tumor"
"62","SRP110615","SRX2961681","Neuroblastoma","LAN-1","RA","EP","Tumor"
"63","SRP110615","SRX2961661","Neuroblastoma","LAN-1","DMSO (CTRL)","day10","Tumor"
"64","SRP110615","SRX2961632","Neuroblastoma","CHP212","AZA","EP","Tumor"
"65","SRP110615","SRX2961683","Neuroblastoma","LAN-1","RA","EP","Tumor"
"66","SRP110615","SRX2961653","Neuroblastoma","LAN-1","AZA + RA","EP","Tumor"
"67","SRP110615","SRX2961634","Neuroblastoma","CHP212","AZA","EP","Tumor"
"68","SRP110615","SRX2961662","Neuroblastoma","LAN-1","DMSO (CTRL)","day10","Tumor"
