"","study.accession","experiment.accession","gap_accession","submitter.handle","biospecimen.repository","study.name","study.design","biospecimen.repository.sample.id","submitted.sample.id","submitted.subject.id","gap_sample_id","gap_subject_id","sex","study.disease","body.site","analyte.type","is.tumor","subject.is.affected","molecular.data.type","gap_consent_code","gap_consent_short_name"
"1","SRP046943","SRX703397","phs000792","NCI_MalignantPeripheralNerveSheathTumors","NCI_MalignantPeripheralNerveSheathTumors","Oncogenomics of Malignant Peripheral Nerve Sheath Tumors","Case Set","4t","4t","4","1393977","1061349","male","Neurilemmoma","lung","DNA","Yes","Yes","Array_SNP","1","GRU-PUB-MDS"
"2","SRP046943","SRX703419","phs000792","NCI_MalignantPeripheralNerveSheathTumors","NCI_MalignantPeripheralNerveSheathTumors","Oncogenomics of Malignant Peripheral Nerve Sheath Tumors","Case Set","18t","18t","18","1393964","1061343","male","Neurilemmoma","arm","DNA","Yes","Yes","Array_SNP","1","GRU-PUB-MDS"
"3","SRP046943","SRX703408","phs000792","NCI_MalignantPeripheralNerveSheathTumors","NCI_MalignantPeripheralNerveSheathTumors","Oncogenomics of Malignant Peripheral Nerve Sheath Tumors","Case Set","12n","12n","12","1393949","1061338","male","Neurilemmoma","fat","DNA","No","Yes","Array_SNP","1","GRU-PUB-MDS"
"4","SRP046943","SRX703418","phs000792","NCI_MalignantPeripheralNerveSheathTumors","NCI_MalignantPeripheralNerveSheathTumors","Oncogenomics of Malignant Peripheral Nerve Sheath Tumors","Case Set","18n","18n","18","1393963","1061343","male","Neurilemmoma","muscle","DNA","No","Yes","Array_SNP","1","GRU-PUB-MDS"
"5","SRP046943","SRX703437","phs000792","NCI_MalignantPeripheralNerveSheathTumors","NCI_MalignantPeripheralNerveSheathTumors","Oncogenomics of Malignant Peripheral Nerve Sheath Tumors","Case Set","20t_RNA","20t_RNA","20","1393970","1061346","male","Neurilemmoma","arm","RNA","Yes","Yes",NA,"1","GRU-PUB-MDS"
"6","SRP046943","SRX703394","phs000792","NCI_MalignantPeripheralNerveSheathTumors","NCI_MalignantPeripheralNerveSheathTumors","Oncogenomics of Malignant Peripheral Nerve Sheath Tumors","Case Set","2n","2n","2","1393973","1061345","male","Neurilemmoma","muscle","DNA","No","Yes","Array_SNP","1","GRU-PUB-MDS"
"7","SRP046943","SRX703415","phs000792","NCI_MalignantPeripheralNerveSheathTumors","NCI_MalignantPeripheralNerveSheathTumors","Oncogenomics of Malignant Peripheral Nerve Sheath Tumors","Case Set","15t","15t","15","1393959","1061341","male","Neurilemmoma","forearm","DNA","Yes","Yes","Array_SNP","1","GRU-PUB-MDS"
"8","SRP046943","SRX703395","phs000792","NCI_MalignantPeripheralNerveSheathTumors","NCI_MalignantPeripheralNerveSheathTumors","Oncogenomics of Malignant Peripheral Nerve Sheath Tumors","Case Set","2t","2t","2","1393974","1061345","male","Neurilemmoma","arm","DNA","Yes","Yes","SNP Genotypes (Array)","1","GRU-PUB-MDS"
"9","SRP046943","SRX703432","phs000792","NCI_MalignantPeripheralNerveSheathTumors","NCI_MalignantPeripheralNerveSheathTumors","Oncogenomics of Malignant Peripheral Nerve Sheath Tumors","Case Set","12t_RNA","12t_RNA","12","1393951","1061338","male","Neurilemmoma","calf","RNA","Yes","Yes",NA,"1","GRU-PUB-MDS"
"10","SRP046943","SRX703414","phs000792","NCI_MalignantPeripheralNerveSheathTumors","NCI_MalignantPeripheralNerveSheathTumors","Oncogenomics of Malignant Peripheral Nerve Sheath Tumors","Case Set","15n","15n","15","1393958","1061341","male","Neurilemmoma","muscle","DNA","No","Yes","Array_SNP","1","GRU-PUB-MDS"
"11","SRP046943","SRX703439","phs000792","NCI_MalignantPeripheralNerveSheathTumors","NCI_MalignantPeripheralNerveSheathTumors","Oncogenomics of Malignant Peripheral Nerve Sheath Tumors","Case Set","22t_RNA","22t_RNA","22","1393972","1061348","female","Neurilemmoma","abdomen","RNA","Yes","Yes",NA,"1","GRU-PUB-MDS"
"12","SRP046943","SRX703399","phs000792","NCI_MalignantPeripheralNerveSheathTumors","NCI_MalignantPeripheralNerveSheathTumors","Oncogenomics of Malignant Peripheral Nerve Sheath Tumors","Case Set","7t","7t","7","1393981","1061351","male","Neurilemmoma","neck","DNA","Yes","Yes","Array_SNP","1","GRU-PUB-MDS"
"13","SRP046943","SRX703428","phs000792","NCI_MalignantPeripheralNerveSheathTumors","NCI_MalignantPeripheralNerveSheathTumors","Oncogenomics of Malignant Peripheral Nerve Sheath Tumors","Case Set","8t_RNA","8t_RNA","8","1393985","1061352","female","Neurilemmoma","lung","RNA","Yes","Yes",NA,"1","GRU-PUB-MDS"
"14","SRP046943","SRX703416","phs000792","NCI_MalignantPeripheralNerveSheathTumors","NCI_MalignantPeripheralNerveSheathTumors","Oncogenomics of Malignant Peripheral Nerve Sheath Tumors","Case Set","16n","16n","16","1393960","1061342","male","Neurilemmoma","muscle","DNA","No","Yes","Array_SNP","1","GRU-PUB-MDS"
"15","SRP046943","SRX703407","phs000792","NCI_MalignantPeripheralNerveSheathTumors","NCI_MalignantPeripheralNerveSheathTumors","Oncogenomics of Malignant Peripheral Nerve Sheath Tumors","Case Set","11t","11t","11","1393947","1061337","male","Neurilemmoma","chest wall","DNA","Yes","Yes","Array_SNP","1","GRU-PUB-MDS"
"16","SRP046943","SRX703424","phs000792","NCI_MalignantPeripheralNerveSheathTumors","NCI_MalignantPeripheralNerveSheathTumors","Oncogenomics of Malignant Peripheral Nerve Sheath Tumors","Case Set","2t_RNA","2t_RNA","2","1393975","1061345","male","Neurilemmoma","arm","RNA","Yes","Yes",NA,"1","GRU-PUB-MDS"
"17","SRP046943","SRX703398","phs000792","NCI_MalignantPeripheralNerveSheathTumors","NCI_MalignantPeripheralNerveSheathTumors","Oncogenomics of Malignant Peripheral Nerve Sheath Tumors","Case Set","7n","7n","7","1393980","1061351","male","Neurilemmoma","muscle","DNA","No","Yes","Array_SNP","1","GRU-PUB-MDS"
"18","SRP046943","SRX703410","phs000792","NCI_MalignantPeripheralNerveSheathTumors","NCI_MalignantPeripheralNerveSheathTumors","Oncogenomics of Malignant Peripheral Nerve Sheath Tumors","Case Set","13n","13n","13","1393952","1061339","male","Neurilemmoma","lung","DNA","No","Yes","Array_SNP","1","GRU-PUB-MDS"
"19","SRP046943","SRX703423","phs000792","NCI_MalignantPeripheralNerveSheathTumors","NCI_MalignantPeripheralNerveSheathTumors","Oncogenomics of Malignant Peripheral Nerve Sheath Tumors","Case Set","20t","20t","20","1393969","1061346","male","Neurilemmoma","arm","DNA","Yes","Yes","Array_SNP","1","GRU-PUB-MDS"
"20","SRP046943","SRX703430","phs000792","NCI_MalignantPeripheralNerveSheathTumors","NCI_MalignantPeripheralNerveSheathTumors","Oncogenomics of Malignant Peripheral Nerve Sheath Tumors","Case Set","10t_RNA","10t_RNA","10","1393945","1061336","male","Neurilemmoma","lung","RNA","Yes","Yes",NA,"1","GRU-PUB-MDS"
"21","SRP046943","SRX703420","phs000792","NCI_MalignantPeripheralNerveSheathTumors","NCI_MalignantPeripheralNerveSheathTumors","Oncogenomics of Malignant Peripheral Nerve Sheath Tumors","Case Set","19n","19n","19","1393965","1061344","male","Neurilemmoma","lung","DNA","No","Yes","Array_SNP","1","GRU-PUB-MDS"
"22","SRP046943","SRX703438","phs000792","NCI_MalignantPeripheralNerveSheathTumors","NCI_MalignantPeripheralNerveSheathTumors","Oncogenomics of Malignant Peripheral Nerve Sheath Tumors","Case Set","21t_RNA","21t_RNA","21","1393971","1061347","male","Neurilemmoma","parotid","RNA","Yes","Yes",NA,"1","GRU-PUB-MDS"
"23","SRP046943","SRX703401","phs000792","NCI_MalignantPeripheralNerveSheathTumors","NCI_MalignantPeripheralNerveSheathTumors","Oncogenomics of Malignant Peripheral Nerve Sheath Tumors","Case Set","8t","8t","8","1393984","1061352","female","Neurilemmoma","lung","DNA","Yes","Yes","Array_SNP","1","GRU-PUB-MDS"
"24","SRP046943","SRX703400","phs000792","NCI_MalignantPeripheralNerveSheathTumors","NCI_MalignantPeripheralNerveSheathTumors","Oncogenomics of Malignant Peripheral Nerve Sheath Tumors","Case Set","8n","8n","8","1393983","1061352","female","Neurilemmoma","lung","DNA","No","Yes","Array_SNP","1","GRU-PUB-MDS"
"25","SRP046943","SRX703402","phs000792","NCI_MalignantPeripheralNerveSheathTumors","NCI_MalignantPeripheralNerveSheathTumors","Oncogenomics of Malignant Peripheral Nerve Sheath Tumors","Case Set","9n","9n","9","1393986","1061353","male","Neurilemmoma","lung","DNA","No","Yes","Array_SNP","1","GRU-PUB-MDS"
"26","SRP046943","SRX703427","phs000792","NCI_MalignantPeripheralNerveSheathTumors","NCI_MalignantPeripheralNerveSheathTumors","Oncogenomics of Malignant Peripheral Nerve Sheath Tumors","Case Set","7t_RNA","7t_RNA","7","1393982","1061351","male","Neurilemmoma","neck","RNA","Yes","Yes",NA,"1","GRU-PUB-MDS"
"27","SRP046943","SRX703412","phs000792","NCI_MalignantPeripheralNerveSheathTumors","NCI_MalignantPeripheralNerveSheathTumors","Oncogenomics of Malignant Peripheral Nerve Sheath Tumors","Case Set","14n","14n","14","1393955","1061340","male","Neurilemmoma","muscle","DNA","No","Yes","Array_SNP","1","GRU-PUB-MDS"
"28","SRP046943","SRX703435","phs000792","NCI_MalignantPeripheralNerveSheathTumors","NCI_MalignantPeripheralNerveSheathTumors","Oncogenomics of Malignant Peripheral Nerve Sheath Tumors","Case Set","16t_RNA","16t_RNA","16","1393962","1061342","male","Neurilemmoma","thigh","RNA","Yes","Yes",NA,"1","GRU-PUB-MDS"
"29","SRP046943","SRX703405","phs000792","NCI_MalignantPeripheralNerveSheathTumors","NCI_MalignantPeripheralNerveSheathTumors","Oncogenomics of Malignant Peripheral Nerve Sheath Tumors","Case Set","10t","10t","10","1393944","1061336","male","Neurilemmoma","lung","DNA","Yes","Yes","Array_SNP","1","GRU-PUB-MDS"
"30","SRP046943","SRX703431","phs000792","NCI_MalignantPeripheralNerveSheathTumors","NCI_MalignantPeripheralNerveSheathTumors","Oncogenomics of Malignant Peripheral Nerve Sheath Tumors","Case Set","11t_RNA","11t_RNA","11","1393948","1061337","male","Neurilemmoma","chest wall","RNA","Yes","Yes",NA,"1","GRU-PUB-MDS"
"31","SRP046943","SRX703404","phs000792","NCI_MalignantPeripheralNerveSheathTumors","NCI_MalignantPeripheralNerveSheathTumors","Oncogenomics of Malignant Peripheral Nerve Sheath Tumors","Case Set","10n","10n","10","1393943","1061336","male","Neurilemmoma","lung","DNA","No","Yes","Array_SNP","1","GRU-PUB-MDS"
"32","SRP046943","SRX703421","phs000792","NCI_MalignantPeripheralNerveSheathTumors","NCI_MalignantPeripheralNerveSheathTumors","Oncogenomics of Malignant Peripheral Nerve Sheath Tumors","Case Set","19t","19t","19","1393966","1061344","male","Neurilemmoma","lung","DNA","Yes","Yes","Array_SNP","1","GRU-PUB-MDS"
"33","SRP046943","SRX703436","phs000792","NCI_MalignantPeripheralNerveSheathTumors","NCI_MalignantPeripheralNerveSheathTumors","Oncogenomics of Malignant Peripheral Nerve Sheath Tumors","Case Set","19t_RNA","19t_RNA","19","1393967","1061344","male","Neurilemmoma","lung","RNA","Yes","Yes",NA,"1","GRU-PUB-MDS"
"34","SRP046943","SRX703434","phs000792","NCI_MalignantPeripheralNerveSheathTumors","NCI_MalignantPeripheralNerveSheathTumors","Oncogenomics of Malignant Peripheral Nerve Sheath Tumors","Case Set","14t_RNA","14t_RNA","14","1393957","1061340","male","Neurilemmoma","chest wall","RNA","Yes","Yes",NA,"1","GRU-PUB-MDS"
"35","SRP046943","SRX703426","phs000792","NCI_MalignantPeripheralNerveSheathTumors","NCI_MalignantPeripheralNerveSheathTumors","Oncogenomics of Malignant Peripheral Nerve Sheath Tumors","Case Set","5t_RNA","5t_RNA","5","1393979","1061350","female","Neurilemmoma","thigh","RNA","Yes","Yes",NA,"1","GRU-PUB-MDS"
"36","SRP046943","SRX703409","phs000792","NCI_MalignantPeripheralNerveSheathTumors","NCI_MalignantPeripheralNerveSheathTumors","Oncogenomics of Malignant Peripheral Nerve Sheath Tumors","Case Set","12t","12t","12","1393950","1061338","male","Neurilemmoma","calf","DNA","Yes","Yes","SNP Genotypes (Array)","1","GRU-PUB-MDS"
"37","SRP046943","SRX703403","phs000792","NCI_MalignantPeripheralNerveSheathTumors","NCI_MalignantPeripheralNerveSheathTumors","Oncogenomics of Malignant Peripheral Nerve Sheath Tumors","Case Set","9t","9t","9","1393987","1061353","male","Neurilemmoma","lung","DNA","Yes","Yes","Array_SNP","1","GRU-PUB-MDS"
"38","SRP046943","SRX703422","phs000792","NCI_MalignantPeripheralNerveSheathTumors","NCI_MalignantPeripheralNerveSheathTumors","Oncogenomics of Malignant Peripheral Nerve Sheath Tumors","Case Set","20n","20n","20","1393968","1061346","male","Neurilemmoma","muscle","DNA","No","Yes","Array_SNP","1","GRU-PUB-MDS"
"39","SRP046943","SRX703429","phs000792","NCI_MalignantPeripheralNerveSheathTumors","NCI_MalignantPeripheralNerveSheathTumors","Oncogenomics of Malignant Peripheral Nerve Sheath Tumors","Case Set","9t_RNA","9t_RNA","9","1393988","1061353","male","Neurilemmoma","lung","RNA","Yes","Yes",NA,"1","GRU-PUB-MDS"
"40","SRP046943","SRX703425","phs000792","NCI_MalignantPeripheralNerveSheathTumors","NCI_MalignantPeripheralNerveSheathTumors","Oncogenomics of Malignant Peripheral Nerve Sheath Tumors","Case Set","4t_RNA","4t_RNA","4","1393978","1061349","male","Neurilemmoma","lung","RNA","Yes","Yes",NA,"1","GRU-PUB-MDS"
"41","SRP046943","SRX703433","phs000792","NCI_MalignantPeripheralNerveSheathTumors","NCI_MalignantPeripheralNerveSheathTumors","Oncogenomics of Malignant Peripheral Nerve Sheath Tumors","Case Set","13t_RNA","13t_RNA","13","1393954","1061339","male","Neurilemmoma","lung","RNA","Yes","Yes",NA,"1","GRU-PUB-MDS"
"42","SRP046943","SRX703396","phs000792","NCI_MalignantPeripheralNerveSheathTumors","NCI_MalignantPeripheralNerveSheathTumors","Oncogenomics of Malignant Peripheral Nerve Sheath Tumors","Case Set","4n","4n","4","1393976","1061349","male","Neurilemmoma","muscle","DNA","No","Yes","SNP Genotypes (Array)","1","GRU-PUB-MDS"
"43","SRP046943","SRX703413","phs000792","NCI_MalignantPeripheralNerveSheathTumors","NCI_MalignantPeripheralNerveSheathTumors","Oncogenomics of Malignant Peripheral Nerve Sheath Tumors","Case Set","14t","14t","14","1393956","1061340","male","Neurilemmoma","chest wall","DNA","Yes","Yes","Array_SNP","1","GRU-PUB-MDS"
"44","SRP046943","SRX703406","phs000792","NCI_MalignantPeripheralNerveSheathTumors","NCI_MalignantPeripheralNerveSheathTumors","Oncogenomics of Malignant Peripheral Nerve Sheath Tumors","Case Set","11n","11n","11","1393946","1061337","male","Neurilemmoma","muscle","DNA","No","Yes","Array_SNP","1","GRU-PUB-MDS"
"45","SRP046943","SRX703411","phs000792","NCI_MalignantPeripheralNerveSheathTumors","NCI_MalignantPeripheralNerveSheathTumors","Oncogenomics of Malignant Peripheral Nerve Sheath Tumors","Case Set","13t","13t","13","1393953","1061339","male","Neurilemmoma","lung","DNA","Yes","Yes","Array_SNP","1","GRU-PUB-MDS"
"46","SRP046943","SRX703417","phs000792","NCI_MalignantPeripheralNerveSheathTumors","NCI_MalignantPeripheralNerveSheathTumors","Oncogenomics of Malignant Peripheral Nerve Sheath Tumors","Case Set","16t","16t","16","1393961","1061342","male","Neurilemmoma","thigh","DNA","Yes","Yes","SNP Genotypes (Array)","1","GRU-PUB-MDS"
