"","study.accession","experiment.accession","source_name","cell.type","patient"
"1","SRP022131","SRX275419","differentiated cell","differentiated cell","csc1"
"2","SRP022131","SRX385937","gastric cancer stem cell","gastric cancer stem cell","csc1"
"3","SRP022131","SRX385936","differentiated cell","differentiated cell","csc1"
"4","SRP022131","SRX275422","differentiated cell","differentiated cell","csc2"
"5","SRP022131","SRX275428","gastric normal tissue","gastric normal tissue",NA
"6","SRP022131","SRX275426","mixture of several clones","mixture of several clones","csc3"
"7","SRP022131","SRX275429","gastric normal tissue","gastric normal tissue",NA
"8","SRP022131","SRX275425","differentiated cell","differentiated cell","csc3"
"9","SRP022131","SRX275427","gastric cancer stem cell","gastric cancer stem cell","csc3"
"10","SRP022131","SRX385938","differentiated cell","differentiated cell","csc1"
"11","SRP022131","SRX275420","mixture of several clones","mixture of several clones","csc1"
"12","SRP022131","SRX275421","gastric cancer stem cell","gastric cancer stem cell","csc1"
"13","SRP022131","SRX275424","gastric cancer stem cell","gastric cancer stem cell","csc2"
"14","SRP022131","SRX385935","gastric cancer stem cell","gastric cancer stem cell","csc1"
"15","SRP022131","SRX275423","mixture of several clones","mixture of several clones","csc2"
