"","study.accession","experiment.accession","source_name","treatment","cell.line"
"1","SRP057074","SRX986807","Human Ovarian Cancer Cell Line","pladienolide B treated for 4 h","TOV21G"
"2","SRP057074","SRX986805","Human Ovarian Cancer Cell Line","DMSO treated for 4 h","TOV21G"
"3","SRP057074","SRX986801","Human Ovarian Cancer Cell Line","Control siRNA transfection for 48 h","TOV21G"
"4","SRP057074","SRX986799","Human Ovarian Cancer Cell Line","BuGZ siRNA transfection for 48 h","TOV21G"
"5","SRP057074","SRX986798","Human Ovarian Cancer Cell Line","Bub3 siRNA transfection for 48 h","TOV21G"
"6","SRP057074","SRX986797","Human Ovarian Cancer Cell Line","Bub3 siRNA transfection for 48 h","TOV21G"
"7","SRP057074","SRX986806","Human Ovarian Cancer Cell Line","DMSO treated for 4 h","TOV21G"
"8","SRP057074","SRX986790","Human Foreskin Fibroblast Cell Line","Bub3 siRNA transfection for 48 h","HFF"
"9","SRP057074","SRX986803","Human Ovarian Cancer Cell Line","Control siRNA transfection for 48 h","TOV21G"
"10","SRP057074","SRX986800","Human Ovarian Cancer Cell Line","BuGZ siRNA transfection for 48 h","TOV21G"
"11","SRP057074","SRX986794","Human Foreskin Fibroblast Cell Line","Control siRNA transfection for 48 h","HFF"
"12","SRP057074","SRX986791","Human Foreskin Fibroblast Cell Line","BuGZ siRNA transfection for 48 h","HFF"
"13","SRP057074","SRX986793","Human Foreskin Fibroblast Cell Line","Control siRNA transfection for 48 h","HFF"
"14","SRP057074","SRX986804","Human Ovarian Cancer Cell Line","Control siRNA transfection for 48 h","TOV21G"
"15","SRP057074","SRX986802","Human Ovarian Cancer Cell Line","Control siRNA transfection for 48 h","TOV21G"
"16","SRP057074","SRX986789","Human Foreskin Fibroblast Cell Line","Bub3 siRNA transfection for 48 h","HFF"
"17","SRP057074","SRX986795","Human Foreskin Fibroblast Cell Line","DMSO treated for 4 h","HFF"
"18","SRP057074","SRX986796","Human Foreskin Fibroblast Cell Line","pladienolide B treated for 4 h","HFF"
"19","SRP057074","SRX986808","Human Ovarian Cancer Cell Line","pladienolide B treated for 4 h","TOV21G"
"20","SRP057074","SRX986792","Human Foreskin Fibroblast Cell Line","BuGZ siRNA transfection for 48 h","HFF"
