"","study.accession","experiment.accession","source_name","diagnosis","karyotype","tissue"
"1","SRP039591","SRX483398","HSTL_Spleen","Hepatosplenic T-cell lymphoma (HSTL)","45-46,X,-Y,-4,der(7)add(7)(p22)add(7)(q32), i(7)(q10),+i(7)(q10)[2],der(8)t(1;8)(q21; p23),-22,+mar1,+mar2[cp11].aCGH+8","Spleen"
"2","SRP039591","SRX483399","HSTL_Spleen","Hepatosplenic T-cell lymphoma (HSTL)","46-47,XY,add(4)(p16),i(7)(q10),+8[4],-[20],+mar[2][cp6]","Spleen"
"3","SRP039591","SRX483403","PTCL-NOS_Lymph node","Peripheral T-cell lymphoma not otherwise specified (PTCL-NOS)","46,XX,t(1;5)(p34;q22)","Lymph node"
"4","SRP039591","SRX483402","normal tissue_Spleen","normal tissue","NA","Spleen"
"5","SRP039591","SRX483400","HSTL_Spleen","Hepatosplenic T-cell lymphoma (HSTL)","40-48,XY,+X  [3],-5[4],i(7)(q10),+8[5],+10[2],add(11)(q22)[10],inc[cp12].aCGH+8","Spleen"
"6","SRP039591","SRX483401","HSTL_culture","Hepatosplenic T-cell lymphoma (HSTL)","46,XY,add(5)(q?),i(7)(q10),-10[5][cp15]c .aCGH+8","culture"
"7","SRP039591","SRX483405","PTCL-NOS_Spleen","Peripheral T-cell lymphoma not otherwise specified (PTCL-NOS)","35-47,X,-X[9],?der(2)dup(2)(q13q23),+3[2],t(3;14)(p13;q32),del(5)(q11q13),del(6)(p23p25),+7[5],-8[4],add(11)(p15),+19,-20[3],+22[2],inc[cp11]","Spleen"
"8","SRP039591","SRX483404","PTCL-NOS_Lymph node","Peripheral T-cell lymphoma not otherwise specified (PTCL-NOS)","38-47,XX,+X[10],+2[12],+3[2],del(6)(q15q25),+7[13],add(16)(q24)[14],-18[10],-20[9][cp16]","Lymph node"
