"","study.accession","experiment.accession","source_name","tissue","genotype.variation"
"1","SRP057199","SRX996398","HCT116 xenograft tumors_shNHERF2","HCT116 xenograft tumors","knockdown of NHERF2"
"2","SRP057199","SRX996392","HCT116 xenograft tumors_pLKO","HCT116 xenograft tumors",NA
"3","SRP057199","SRX996398","HCT116 xenograft tumors_shNHERF2","HCT116 xenograft tumors","knockdown of NHERF2"
"4","SRP057199","SRX996396","HCT116 xenograft tumors_shNHERF2","HCT116 xenograft tumors","knockdown of NHERF2"
"5","SRP057199","SRX996390","HCT116 xenograft tumors_pLKO","HCT116 xenograft tumors",NA
"6","SRP057199","SRX996391","HCT116 xenograft tumors_pLKO","HCT116 xenograft tumors",NA
"7","SRP057199","SRX996395","HCT116 xenograft tumors_shLPA2","HCT116 xenograft tumors","knockdown of LPA2"
"8","SRP057199","SRX996392","HCT116 xenograft tumors_pLKO","HCT116 xenograft tumors",NA
"9","SRP057199","SRX996396","HCT116 xenograft tumors_shNHERF2","HCT116 xenograft tumors","knockdown of NHERF2"
"10","SRP057199","SRX996397","HCT116 xenograft tumors_shNHERF2","HCT116 xenograft tumors","knockdown of NHERF2"
"11","SRP057199","SRX996390","HCT116 xenograft tumors_pLKO","HCT116 xenograft tumors",NA
"12","SRP057199","SRX996397","HCT116 xenograft tumors_shNHERF2","HCT116 xenograft tumors","knockdown of NHERF2"
"13","SRP057199","SRX996394","HCT116 xenograft tumors_shLPA2","HCT116 xenograft tumors","knockdown of LPA2"
"14","SRP057199","SRX996393","HCT116 xenograft tumors_shLPA2","HCT116 xenograft tumors","knockdown of LPA2"
"15","SRP057199","SRX996395","HCT116 xenograft tumors_shLPA2","HCT116 xenograft tumors","knockdown of LPA2"
"16","SRP057199","SRX996394","HCT116 xenograft tumors_shLPA2","HCT116 xenograft tumors","knockdown of LPA2"
"17","SRP057199","SRX996391","HCT116 xenograft tumors_pLKO","HCT116 xenograft tumors",NA
"18","SRP057199","SRX996393","HCT116 xenograft tumors_shLPA2","HCT116 xenograft tumors","knockdown of LPA2"
