"","study.accession","experiment.accession","source_name","kras.status","cell.type","passages"
"1","SRP010166","SRX114705","Lung adenocarcinoma sample","KRAS mutant <U+00A9>","Lung adenocarcinoma","ATCC low passage"
"2","SRP010166","SRX114703","Lung adenocarcinoma sample","KRAS wildtype","Lung adenocarcinoma","ATCC low passage"
"3","SRP010166","SRX114706","Lung adenocarcinoma sample","KRAS mutant <U+00A9>","Lung adenocarcinoma","ATCC low passage"
"4","SRP010166","SRX114702","Lung adenocarcinoma sample","KRAS wildtype","Lung adenocarcinoma","ATCC low passage"
"5","SRP010166","SRX114704","Lung adenocarcinoma sample","KRAS mutant <U+00A9>","Lung adenocarcinoma","ATCC low passage"
"6","SRP010166","SRX114707","Lung adenocarcinoma sample","KRAS wildtype","Lung adenocarcinoma","ATCC low passage"
"7","SRP010166","SRX114697","Lung adenocarcinoma sample","KRAS wildtype","Lung adenocarcinoma","ATCC low passage"
"8","SRP010166","SRX114699","Lung adenocarcinoma sample","KRAS wildtype","Lung adenocarcinoma","ATCC low passage"
"9","SRP010166","SRX114696","Lung adenocarcinoma sample","KRAS wildtype","Lung adenocarcinoma","ATCC low passage"
"10","SRP010166","SRX114692","Lung adenocarcinoma sample","KRAS mutant <U+00A9>","Lung adenocarcinoma","ATCC low passage"
"11","SRP010166","SRX114695","Lung adenocarcinoma sample","KRAS mutant <U+00A9>","Lung adenocarcinoma","ATCC low passage"
"12","SRP010166","SRX114700","Lung adenocarcinoma sample","KRAS wildtype","Lung adenocarcinoma","ATCC low passage"
"13","SRP010166","SRX114698","Lung adenocarcinoma sample","KRAS mutant <U+00A9>","Lung adenocarcinoma","ATCC low passage"
"14","SRP010166","SRX114701","Lung adenocarcinoma sample","KRAS wildtype","Lung adenocarcinoma","ATCC low passage"
"15","SRP010166","SRX114694","Lung adenocarcinoma sample","KRAS mutant (v)","Lung adenocarcinoma","ATCC low passage"
"16","SRP010166","SRX114693","Lung adenocarcinoma sample","KRAS mutant <U+00A9>","Lung adenocarcinoma","ATCC low passage"
