"","study.accession","experiment.accession","source_name","tissue","tumor.type"
"1","SRP031459","SRX364643","PCFCL case 6","skin tumor (lymphoma)","primary cutaneous follicle center lymphoma"
"2","SRP031459","SRX364638","PCLBCL-LT case 3","skin tumor (lymphoma)","primary cutaneous diffuse large B-cell lymphoma, leg type"
"3","SRP031459","SRX364649","PCLBCL-LT case 7","skin tumor (lymphoma)","primary cutaneous diffuse large B-cell lymphoma, leg type"
"4","SRP031459","SRX364639","PCFCL case 1","skin tumor (lymphoma)","primary cutaneous follicle center lymphoma"
"5","SRP031459","SRX364640","PCFCL case 2","skin tumor (lymphoma)","primary cutaneous follicle center lymphoma"
"6","SRP031459","SRX364648","PCLBCL-LT case 6","skin tumor (lymphoma)","primary cutaneous diffuse large B-cell lymphoma, leg type"
"7","SRP031459","SRX364656","activated B-cells 4","peripheral blood B-cells",NA
"8","SRP031459","SRX364655","activated B-cells 3","peripheral blood B-cells",NA
"9","SRP031459","SRX364654","activated B-cells 2","peripheral blood B-cells",NA
"10","SRP031459","SRX364635","PCLBCL-LT case 12","skin tumor (lymphoma)","primary cutaneous diffuse large B-cell lymphoma, leg type"
"11","SRP031459","SRX364644","PCLBCL-LT case 1","skin tumor (lymphoma)","primary cutaneous diffuse large B-cell lymphoma, leg type"
"12","SRP031459","SRX364641","PCFCL case 3","skin tumor (lymphoma)","primary cutaneous follicle center lymphoma"
"13","SRP031459","SRX364646","PCLBCL-LT case 4","skin tumor (lymphoma)","primary cutaneous diffuse large B-cell lymphoma, leg type"
"14","SRP031459","SRX364642","PCFCL case 4","skin tumor (lymphoma)","primary cutaneous follicle center lymphoma"
"15","SRP031459","SRX364637","PCFCL case 5","skin tumor (lymphoma)","primary cutaneous follicle center lymphoma"
"16","SRP031459","SRX364650","PCLBCL-LT case 8","skin tumor (lymphoma)","primary cutaneous diffuse large B-cell lymphoma, leg type"
"17","SRP031459","SRX364651","PCLBCL-LT case 9","skin tumor (lymphoma)","primary cutaneous diffuse large B-cell lymphoma, leg type"
"18","SRP031459","SRX364645","PCLBCL-LT case 2","skin tumor (lymphoma)","primary cutaneous diffuse large B-cell lymphoma, leg type"
"19","SRP031459","SRX364636","PCLBCL-LT case 13","skin tumor (lymphoma)","primary cutaneous diffuse large B-cell lymphoma, leg type"
"20","SRP031459","SRX364652","PCLBCL-LT case 10","skin tumor (lymphoma)","primary cutaneous diffuse large B-cell lymphoma, leg type"
"21","SRP031459","SRX364634","PCLBCL-LT case 11","skin tumor (lymphoma)","primary cutaneous diffuse large B-cell lymphoma, leg type"
"22","SRP031459","SRX364653","activated B-cells 1","peripheral blood B-cells",NA
"23","SRP031459","SRX364647","PCLBCL-LT case 5","skin tumor (lymphoma)","primary cutaneous diffuse large B-cell lymphoma, leg type"
