"","study.accession","experiment.accession","source_name","cell.line","genotype"
"1","SRP015449","SRX183879","Breast cancer cell line","breast cancer cell line MCF-7/TAMR-7","tamoxifen resistant"
"2","SRP015449","SRX183877","Breast cancer cell line","breast cancer cell line MCF-7/TAMR-1","tamoxifen resistant"
"3","SRP015449","SRX183874","Breast cancer cell line","breast cancer cell line MCF-7/TAMR-7","tamoxifen resistant"
"4","SRP015449","SRX183878","Breast cancer cell line","breast cancer cell line MCF-7/TAMR-4","tamoxifen resistant"
"5","SRP015449","SRX183880","Breast cancer cell line","breast cancer cell line MCF-7/TAMR-8","tamoxifen resistant"
"6","SRP015449","SRX183872","Breast cancer cell line","breast cancer cell line MCF-7/TAMR-1","tamoxifen resistant"
"7","SRP015449","SRX183875","Breast cancer cell line","breast cancer cell line MCF-7/TAMR-8","tamoxifen resistant"
"8","SRP015449","SRX183871","Breast cancer cell line","breast cancer cell line MCF-7/S0.5","tamoxifen sensitive"
"9","SRP015449","SRX183876","Breast cancer cell line","breast cancer cell line MCF-7/S0.5","tamoxifen sensitive"
"10","SRP015449","SRX183873","Breast cancer cell line","breast cancer cell line MCF-7/TAMR-4","tamoxifen resistant"
