"","study.accession","experiment.accession","source_name","tissue.of.origin","cell.line","stress","time"
"1","SRP033296","SRX382907","A2780 cancer cells","Ovarian cancer","epithelial ovarian cancer cell line A2780","Hypoxia","6hr"
"2","SRP033296","SRX382926","A2780 cancer cells","Ovarian cancer","epithelial ovarian cancer cell line A2780","control","6days"
"3","SRP033296","SRX382928","A2780 cancer cells","Ovarian cancer","epithelial ovarian cancer cell line A2780","Hypoxia","6days"
"4","SRP033296","SRX382917","A2780 cancer cells","Ovarian cancer","epithelial ovarian cancer cell line A2780","control","6hr"
"5","SRP033296","SRX382922","A2780 cancer cells","Ovarian cancer","epithelial ovarian cancer cell line A2780","control","48hr"
"6","SRP033296","SRX382909","A2780 cancer cells","Ovarian cancer","epithelial ovarian cancer cell line A2780","control","48hr"
"7","SRP033296","SRX382925","A2780 cancer cells","Ovarian cancer","epithelial ovarian cancer cell line A2780","control","6days"
"8","SRP033296","SRX382911","A2780 cancer cells","Ovarian cancer","epithelial ovarian cancer cell line A2780","Hypoxia","48hr"
"9","SRP033296","SRX382905","A2780 cancer cells","Ovarian cancer","epithelial ovarian cancer cell line A2780","control","6hr"
"10","SRP033296","SRX382916","A2780 cancer cells","Ovarian cancer","epithelial ovarian cancer cell line A2780","Hypoxia","6days"
"11","SRP033296","SRX382906","A2780 cancer cells","Ovarian cancer","epithelial ovarian cancer cell line A2780","control","6hr"
"12","SRP033296","SRX382918","A2780 cancer cells","Ovarian cancer","epithelial ovarian cancer cell line A2780","control","6hr"
"13","SRP033296","SRX382910","A2780 cancer cells","Ovarian cancer","epithelial ovarian cancer cell line A2780","control","48hr"
"14","SRP033296","SRX382920","A2780 cancer cells","Ovarian cancer","epithelial ovarian cancer cell line A2780","Hypoxia","6hr"
"15","SRP033296","SRX382912","A2780 cancer cells","Ovarian cancer","epithelial ovarian cancer cell line A2780","Hypoxia","48hr"
"16","SRP033296","SRX382921","A2780 cancer cells","Ovarian cancer","epithelial ovarian cancer cell line A2780","control","48hr"
"17","SRP033296","SRX382924","A2780 cancer cells","Ovarian cancer","epithelial ovarian cancer cell line A2780","Hypoxia","48hr"
"18","SRP033296","SRX382915","A2780 cancer cells","Ovarian cancer","epithelial ovarian cancer cell line A2780","Hypoxia","6days"
"19","SRP033296","SRX382919","A2780 cancer cells","Ovarian cancer","epithelial ovarian cancer cell line A2780","Hypoxia","6hr"
"20","SRP033296","SRX382913","A2780 cancer cells","Ovarian cancer","epithelial ovarian cancer cell line A2780","control","6days"
"21","SRP033296","SRX382927","A2780 cancer cells","Ovarian cancer","epithelial ovarian cancer cell line A2780","Hypoxia","6days"
"22","SRP033296","SRX382923","A2780 cancer cells","Ovarian cancer","epithelial ovarian cancer cell line A2780","Hypoxia","48hr"
"23","SRP033296","SRX382908","A2780 cancer cells","Ovarian cancer","epithelial ovarian cancer cell line A2780","Hypoxia","6hr"
"24","SRP033296","SRX382914","A2780 cancer cells","Ovarian cancer","epithelial ovarian cancer cell line A2780","control","6days"
