"","study.accession","experiment.accession","source_name","genotype","tissue","chip.antibody","chip.antibody.vendor","genotype.variation"
"1","SRP048660","SRX753158","RAMOS","NA","Burkitt's lymphoma cell line","NA",NA,NA
"2","SRP048660","SRX722332","tonsil B cell (GC)",NA,"tonsil","Anti-Histone H3 (acetyl K27) antibody","Abcam",NA
"3","SRP048660","SRX722395","RAMOS",NA,"Burkitt's lymphoma cell line","Anti-trimethyl-Histone H3 (Lys4)","Millipore","AICDA-/-"
"4","SRP048660","SRX722326","activated B cell",NA,"spleen","Anti-Histone H3 (acetyl K27) antibody","Abcam","WT"
"5","SRP048660","SRX722344","activated B cell",NA,"spleen",NA,NA,"Il4raU/U"
"6","SRP048660","SRX722392","RAMOS",NA,"Burkitt's lymphoma cell line","Anti-trimethyl-Histone H3 (Lys4)","Millipore","AICDA-/-"
"7","SRP048660","SRX722343","activated B cell",NA,"spleen",NA,NA,"WT"
"8","SRP048660","SRX722346","activated B cell",NA,"spleen",NA,NA,"Il4raU/U"
"9","SRP048660","SRX722350","RAMOS",NA,"Burkitt's lymphoma cell line","Anti-trimethyl-Histone H3 (Lys4)","Millipore","MSH2-/-; AIDtg; UGItg"
"10","SRP048660","SRX722374","RAMOS",NA,"Burkitt's lymphoma cell line","Anti-trimethyl-Histone H3 (Lys4)","Millipore","MSH2-/-; AIDtg; UGItg"
"11","SRP048660","SRX753160","RAMOS","NA","Burkitt's lymphoma cell line","NA",NA,NA
"12","SRP048660","SRX722370","RAMOS",NA,"Burkitt's lymphoma cell line","Anti-trimethyl-Histone H3 (Lys4)","Millipore","MSH2-/-; AIDtg; UGItg"
"13","SRP048660","SRX722369","RAMOS",NA,"Burkitt's lymphoma cell line","Anti-trimethyl-Histone H3 (Lys4)","Millipore","MSH2-/-; AIDtg; UGItg"
"14","SRP048660","SRX722341","activated B cell",NA,"spleen",NA,NA,"Il4raU/U"
"15","SRP048660","SRX722384","RAMOS",NA,"Burkitt's lymphoma cell line","Anti-trimethyl-Histone H3 (Lys4)","Millipore","AICDA-/-"
"16","SRP048660","SRX722365","RAMOS",NA,"Burkitt's lymphoma cell line","Anti-trimethyl-Histone H3 (Lys4)","Millipore","MSH2-/-; AIDtg; UGItg"
"17","SRP048660","SRX753156","activated B cell","WT","spleen","Abcam, ab4729",NA,NA
"18","SRP048660","SRX722330","RAMOS",NA,"Burkitt's lymphoma cell line","NA",NA,"WT"
"19","SRP048660","SRX722391","RAMOS",NA,"Burkitt's lymphoma cell line","Anti-trimethyl-Histone H3 (Lys4)","Millipore","AICDA-/-"
"20","SRP048660","SRX722349","RAMOS",NA,"Burkitt's lymphoma cell line","Rabbit anti-NIPBL Antibody","Bethyl","WT"
"21","SRP048660","SRX722366","RAMOS",NA,"Burkitt's lymphoma cell line","Anti-trimethyl-Histone H3 (Lys4)","Millipore","MSH2-/-; AIDtg; UGItg"
"22","SRP048660","SRX722355","RAMOS",NA,"Burkitt's lymphoma cell line","Anti-trimethyl-Histone H3 (Lys4)","Millipore","MSH2-/-; AIDtg; UGItg"
"23","SRP048660","SRX722354","RAMOS",NA,"Burkitt's lymphoma cell line","Anti-trimethyl-Histone H3 (Lys4)","Millipore","MSH2-/-; AIDtg; UGItg"
"24","SRP048660","SRX722347","RAMOS",NA,"Burkitt's lymphoma cell line","Anti-Histone H3 (mono methyl K4) antibody","Abcam","WT"
"25","SRP048660","SRX722327","activated B cell",NA,"spleen","Anti-Histone H3 (acetyl K27) antibody","Abcam","WT"
"26","SRP048660","SRX722345","activated B cell",NA,"spleen",NA,NA,"WT"
"27","SRP048660","SRX722388","RAMOS",NA,"Burkitt's lymphoma cell line","Anti-trimethyl-Histone H3 (Lys4)","Millipore","AICDA-/-"
"28","SRP048660","SRX722359","RAMOS",NA,"Burkitt's lymphoma cell line","Anti-trimethyl-Histone H3 (Lys4)","Millipore","MSH2-/-; AIDtg; UGItg"
"29","SRP048660","SRX722363","RAMOS",NA,"Burkitt's lymphoma cell line","Anti-trimethyl-Histone H3 (Lys4)","Millipore","MSH2-/-; AIDtg; UGItg"
"30","SRP048660","SRX722383","RAMOS",NA,"Burkitt's lymphoma cell line","Anti-trimethyl-Histone H3 (Lys4)","Millipore","AICDA-/-"
"31","SRP048660","SRX722351","RAMOS",NA,"Burkitt's lymphoma cell line","Anti-trimethyl-Histone H3 (Lys4)","Millipore","MSH2-/-; AIDtg; UGItg"
"32","SRP048660","SRX722371","RAMOS",NA,"Burkitt's lymphoma cell line","Anti-trimethyl-Histone H3 (Lys4)","Millipore","MSH2-/-; AIDtg; UGItg"
"33","SRP048660","SRX722360","RAMOS",NA,"Burkitt's lymphoma cell line","Anti-trimethyl-Histone H3 (Lys4)","Millipore","MSH2-/-; AIDtg; UGItg"
"34","SRP048660","SRX722378","RAMOS",NA,"Burkitt's lymphoma cell line","Anti-trimethyl-Histone H3 (Lys4)","Millipore","AICDA-/-"
"35","SRP048660","SRX722348","RAMOS",NA,"Burkitt's lymphoma cell line","Rabbit anti-NIPBL Antibody","Bethyl","WT"
"36","SRP048660","SRX722342","activated B cell",NA,"spleen",NA,NA,"Il4raU/U"
"37","SRP048660","SRX722390","RAMOS",NA,"Burkitt's lymphoma cell line","Anti-trimethyl-Histone H3 (Lys4)","Millipore","AICDA-/-"
"38","SRP048660","SRX722375","RAMOS",NA,"Burkitt's lymphoma cell line","Anti-trimethyl-Histone H3 (Lys4)","Millipore","MSH2-/-; AIDtg; UGItg"
"39","SRP048660","SRX722382","RAMOS",NA,"Burkitt's lymphoma cell line","Anti-trimethyl-Histone H3 (Lys4)","Millipore","AICDA-/-"
"40","SRP048660","SRX722368","RAMOS",NA,"Burkitt's lymphoma cell line","Anti-trimethyl-Histone H3 (Lys4)","Millipore","MSH2-/-; AIDtg; UGItg"
"41","SRP048660","SRX722356","RAMOS",NA,"Burkitt's lymphoma cell line","Anti-trimethyl-Histone H3 (Lys4)","Millipore","MSH2-/-; AIDtg; UGItg"
"42","SRP048660","SRX722335","RAMOS",NA,"Burkitt's lymphoma cell line","RNA Polymerase II 8WG16 Monoclonal Antibody","Covance",NA
"43","SRP048660","SRX722386","RAMOS",NA,"Burkitt's lymphoma cell line","Anti-trimethyl-Histone H3 (Lys4)","Millipore","AICDA-/-"
"44","SRP048660","SRX722353","RAMOS",NA,"Burkitt's lymphoma cell line","Anti-trimethyl-Histone H3 (Lys4)","Millipore","MSH2-/-; AIDtg; UGItg"
"45","SRP048660","SRX722357","RAMOS",NA,"Burkitt's lymphoma cell line","Anti-trimethyl-Histone H3 (Lys4)","Millipore","MSH2-/-; AIDtg; UGItg"
"46","SRP048660","SRX722333","tonsil B cell (na<U+00EF>ve)",NA,"tonsil","Anti-Histone H3 (acetyl K27) antibody","Abcam",NA
"47","SRP048660","SRX722352","RAMOS",NA,"Burkitt's lymphoma cell line","Anti-trimethyl-Histone H3 (Lys4)","Millipore","MSH2-/-; AIDtg; UGItg"
"48","SRP048660","SRX722377","RAMOS",NA,"Burkitt's lymphoma cell line","Anti-trimethyl-Histone H3 (Lys4)","Millipore","WT"
"49","SRP048660","SRX722387","RAMOS",NA,"Burkitt's lymphoma cell line","Anti-trimethyl-Histone H3 (Lys4)","Millipore","AICDA-/-"
"50","SRP048660","SRX722334","tonsil B cell (na<U+00EF>ve)",NA,"tonsil","Anti-Histone H3 (acetyl K27) antibody","Abcam",NA
"51","SRP048660","SRX722367","RAMOS",NA,"Burkitt's lymphoma cell line","Anti-trimethyl-Histone H3 (Lys4)","Millipore","MSH2-/-; AIDtg; UGItg"
"52","SRP048660","SRX722362","RAMOS",NA,"Burkitt's lymphoma cell line","Anti-trimethyl-Histone H3 (Lys4)","Millipore","MSH2-/-; AIDtg; UGItg"
"53","SRP048660","SRX722339","activated B cell",NA,"spleen",NA,NA,"WT"
"54","SRP048660","SRX722389","RAMOS",NA,"Burkitt's lymphoma cell line","Anti-trimethyl-Histone H3 (Lys4)","Millipore","AICDA-/-"
"55","SRP048660","SRX722373","RAMOS",NA,"Burkitt's lymphoma cell line","Anti-trimethyl-Histone H3 (Lys4)","Millipore","MSH2-/-; AIDtg; UGItg"
"56","SRP048660","SRX722358","RAMOS",NA,"Burkitt's lymphoma cell line","Anti-trimethyl-Histone H3 (Lys4)","Millipore","MSH2-/-; AIDtg; UGItg"
"57","SRP048660","SRX722338","activated B cell",NA,"spleen",NA,NA,"WT"
"58","SRP048660","SRX722340","activated B cell",NA,"spleen",NA,NA,"Il4raU/U"
"59","SRP048660","SRX722337","activated B cell",NA,"spleen",NA,NA,"WT"
"60","SRP048660","SRX722372","RAMOS",NA,"Burkitt's lymphoma cell line","Anti-trimethyl-Histone H3 (Lys4)","Millipore","MSH2-/-; AIDtg; UGItg"
"61","SRP048660","SRX722336","RAMOS",NA,"Burkitt's lymphoma cell line","RNA Polymerase II 8WG16 Monoclonal Antibody","Covance",NA
"62","SRP048660","SRX722329","RAMOS",NA,"Burkitt's lymphoma cell line","Anti-Histone H3 (acetyl K27) antibody","Abcam","WT"
"63","SRP048660","SRX722376","RAMOS",NA,"Burkitt's lymphoma cell line","Anti-trimethyl-Histone H3 (Lys4)","Millipore","WT"
"64","SRP048660","SRX753157","activated B cell","Il4raU/U","spleen","Abcam, ab4729",NA,NA
"65","SRP048660","SRX722394","RAMOS",NA,"Burkitt's lymphoma cell line","Anti-trimethyl-Histone H3 (Lys4)","Millipore","AICDA-/-"
"66","SRP048660","SRX722393","RAMOS",NA,"Burkitt's lymphoma cell line","Anti-trimethyl-Histone H3 (Lys4)","Millipore","AICDA-/-"
"67","SRP048660","SRX753159","RAMOS","NA","Burkitt's lymphoma cell line","NA",NA,NA
"68","SRP048660","SRX722364","RAMOS",NA,"Burkitt's lymphoma cell line","Anti-trimethyl-Histone H3 (Lys4)","Millipore","MSH2-/-; AIDtg; UGItg"
"69","SRP048660","SRX722380","RAMOS",NA,"Burkitt's lymphoma cell line","Anti-trimethyl-Histone H3 (Lys4)","Millipore","AICDA-/-"
"70","SRP048660","SRX722379","RAMOS",NA,"Burkitt's lymphoma cell line","Anti-trimethyl-Histone H3 (Lys4)","Millipore","AICDA-/-"
"71","SRP048660","SRX722381","RAMOS",NA,"Burkitt's lymphoma cell line","Anti-trimethyl-Histone H3 (Lys4)","Millipore","AICDA-/-"
"72","SRP048660","SRX722328","activated B cell",NA,"spleen","NA",NA,"WT"
"73","SRP048660","SRX722331","tonsil B cell (GC)",NA,"tonsil","Anti-Histone H3 (acetyl K27) antibody","Abcam",NA
"74","SRP048660","SRX722385","RAMOS",NA,"Burkitt's lymphoma cell line","Anti-trimethyl-Histone H3 (Lys4)","Millipore","AICDA-/-"
"75","SRP048660","SRX722361","RAMOS",NA,"Burkitt's lymphoma cell line","Anti-trimethyl-Histone H3 (Lys4)","Millipore","MSH2-/-; AIDtg; UGItg"
"76","SRP048660","SRX722325","activated B cell",NA,"spleen","Anti-Histone H3 (acetyl K27) antibody","Abcam","WT"
