"","study.accession","experiment.accession","source_name","tissue","tumor","gender","previously.treated.for.nhl","cell.type","age"
"1","SRP048820","SRX730611","CD19+ B cells","Activated (IL4, anti-CD40, IgM, and IgD) peripheral blood","na","female","na","peripheral blood B cells",NA
"2","SRP048820","SRX730609","CD19+/CD10+/CD44low/CXCR4- B cells","Tonsil","na",NA,"na","centrocyte",NA
"3","SRP048820","SRX730600","CD19+ B cells","LN","FL1-2","male","no","follicular lymphoma","53"
"4","SRP048820","SRX730608","CD19+ B cells","LN","FL1-2","male","no","follicular lymphoma","61"
"5","SRP048820","SRX730604","CD19+ B cells","LN","FL1-2","male","no","follicular lymphoma","40"
"6","SRP048820","SRX730610","CD19+/CD10+/CD44low/CXCR4- B cells","Tonsil","na",NA,"na","centrocyte",NA
"7","SRP048820","SRX730602","CD19+ B cells","LN","FL1-2","female","yes","follicular lymphoma","53"
"8","SRP048820","SRX730612","CD19+ B cells","Activated (IL4, anti-CD40, IgM, and IgD) peripheral blood","na","female","na","peripheral blood B cells",NA
"9","SRP048820","SRX730603","CD19+ B cells","LN","FL1-2","female","no","follicular lymphoma","35"
"10","SRP048820","SRX730601","CD19+ B cells","LN","FL1-2","male","yes","follicular lymphoma","52"
"11","SRP048820","SRX730605","CD19+ B cells","LN","FL1-2","male","yes","follicular lymphoma","78"
"12","SRP048820","SRX730599","CD19+ B cells","LN","FL3A","female","no","follicular lymphoma","44"
"13","SRP048820","SRX730607","CD19+ B cells","LN","FL1-2","female","no","follicular lymphoma","63"
"14","SRP048820","SRX730606","CD19+ B cells","LN","FL1-2","female","no","follicular lymphoma","63"
