"","study.accession","experiment.accession","source_name","cell.line","infecting.virus","ip.antibody"
"1","SRP016003","SRX191927","B cell lymphoma","BCBL-1","KSHV","anti-Argonaute 2A8"
"2","SRP016003","SRX191925","B cell lymphoma","BC-3","KSHV","anti-Argonaute 2A8"
"3","SRP016003","SRX191924","B cell lymphoma","BC-3","KSHV","anti-Argonaute 2A8"
"4","SRP016003","SRX191926","B cell lymphoma","BCBL-1","KSHV","anti-Argonaute 2A8"
"5","SRP016003","SRX191921","B cell lymphoma","BCBL-1","KSHV","anti-Argonaute 2A8"
"6","SRP016003","SRX191921","B cell lymphoma","BCBL-1","KSHV","anti-Argonaute 2A8"
"7","SRP016003","SRX191921","B cell lymphoma","BCBL-1","KSHV","anti-Argonaute 2A8"
"8","SRP016003","SRX191922","B cell lymphoma","BC-3","KSHV","anti-Argonaute 2A8"
"9","SRP016003","SRX191921","B cell lymphoma","BCBL-1","KSHV","anti-Argonaute 2A8"
"10","SRP016003","SRX191923","B cell lymphoma","BC-3","KSHV","anti-Argonaute 2A8"
"11","SRP016003","SRX191922","B cell lymphoma","BC-3","KSHV","anti-Argonaute 2A8"
"12","SRP016003","SRX191922","B cell lymphoma","BC-3","KSHV","anti-Argonaute 2A8"
