"","study.accession","experiment.accession","source_name","cell.line","sirna","tissue"
"1","SRP057644","SRX1008426","MDA-MB-231 p53 siRNA","MDA-MB-231","siTP53","Breast Cancer"
"2","SRP057644","SRX1008430","MDA-MB-231 control siRNA","MDA-MB-231","siCTRL","Breast Cancer"
"3","SRP057644","SRX1008428","MDA-MB-231 p53 siRNA","MDA-MB-231","siTP53","Breast Cancer"
"4","SRP057644","SRX1008429","MDA-MB-231 control siRNA","MDA-MB-231","siCTRL","Breast Cancer"
"5","SRP057644","SRX1008427","MDA-MB-231 p53 siRNA","MDA-MB-231","siTP53","Breast Cancer"
"6","SRP057644","SRX1008431","MDA-MB-231 control siRNA","MDA-MB-231","siCTRL","Breast Cancer"
