"","study.accession","experiment.accession","isolate","age","biomaterial_provider","sex","tissue","BioSampleModel","disease"
"1","SRP056792","SRX1002918","Total RNA","-","Tissue Acquisition and Distribution Core of the Dan L. Duncan Cancer Center and Department of Pathology and Immunology and the Gynecologic Oncology","female","Pool of RNA from 6 non-cancer donor fallopian tube samples","Human",NA
"2","SRP056792","SRX1002849","Total RNA","-","Tissue Acquisition and Distribution Core of the Dan L. Duncan Cancer Center and Department of Pathology and Immunology and the Gynecologic Oncology","female","ovarian","Human","High-grade serous adenocarcinoma"
"3","SRP056792","SRX1002894","Total RNA","-","Tissue Acquisition and Distribution Core of the Dan L. Duncan Cancer Center and Department of Pathology and Immunology and the Gynecologic Oncology","female","Pool of RNA from 20 non-cancer donor ovary samples","Human",NA
"4","SRP056792","SRX1002870","Total RNA","-","Tissue Acquisition and Distribution Core of the Dan L. Duncan Cancer Center and Department of Pathology and Immunology and the Gynecologic Oncology","female","ovarian","Human","High-grade serous adenocarcinoma"
"5","SRP056792","SRX1002872","Total RNA","-","Tissue Acquisition and Distribution Core of the Dan L. Duncan Cancer Center and Department of Pathology and Immunology and the Gynecologic Oncology","female","ovarian","Human","High-grade serous adenocarcinoma"
"6","SRP056792","SRX1002876","Total RNA","-","Tissue Acquisition and Distribution Core of the Dan L. Duncan Cancer Center and Department of Pathology and Immunology and the Gynecologic Oncology","female","ovarian","Human","High-grade serous adenocarcinoma"
"7","SRP056792","SRX1002921","Total RNA","-","Tissue Acquisition and Distribution Core of the Dan L. Duncan Cancer Center and Department of Pathology and Immunology and the Gynecologic Oncology","female","Endometrioid","Human",NA
"8","SRP056792","SRX1002920","Total RNA","-","Tissue Acquisition and Distribution Core of the Dan L. Duncan Cancer Center and Department of Pathology and Immunology and the Gynecologic Oncology","female","Clear cell carcinoma","Human",NA
"9","SRP056792","SRX978459","Total RNA","-","Tissue Acquisition and Distribution Core of the Dan L. Duncan Cancer Center and Department of Pathology and Immunology and the Gynecologic Oncology","female","ovarian","Human","High-grade serous adenocarcinoma"
"10","SRP056792","SRX1002922","Total RNA","-","Tissue Acquisition and Distribution Core of the Dan L. Duncan Cancer Center and Department of Pathology and Immunology and the Gynecologic Oncology","female","Endometrioid","Human",NA
"11","SRP056792","SRX976472","Total RNA","-","Tissue Acquisition and Distribution Core of the Dan L. Duncan Cancer Center and Department of Pathology and Immunology and the Gynecologic Oncology","female","ovarian","Human","High-grade serous adenocarcinoma"
