"","study.accession","experiment.accession","source_name","tissue.type"
"1","SRP044668","SRX658019","glioma tissue - contrast-enhancing sample","glioma - contrast-enhancing sample"
"2","SRP044668","SRX658036","glioma tissue - contrast-enhancing sample","glioma - contrast-enhancing sample"
"3","SRP044668","SRX657997","glioma tissue - non-enhancing FLAIR+ sample","glioma - non-enhancing FLAIR+ sample"
"4","SRP044668","SRX658058","non-neoplastic brain tissue","non-neoplastic brain"
"5","SRP044668","SRX658001","glioma tissue - non-enhancing FLAIR+ sample","glioma - non-enhancing FLAIR+ sample"
"6","SRP044668","SRX658008","glioma tissue - non-enhancing FLAIR+ sample","glioma - non-enhancing FLAIR+ sample"
"7","SRP044668","SRX658052","glioma tissue - contrast-enhancing sample","glioma - contrast-enhancing sample"
"8","SRP044668","SRX657998","glioma tissue - non-enhancing FLAIR+ sample","glioma - non-enhancing FLAIR+ sample"
"9","SRP044668","SRX658006","glioma tissue - non-enhancing FLAIR+ sample","glioma - non-enhancing FLAIR+ sample"
"10","SRP044668","SRX657996","glioma tissue - non-enhancing FLAIR+ sample","glioma - non-enhancing FLAIR+ sample"
"11","SRP044668","SRX658013","glioma tissue - non-enhancing FLAIR+ sample","glioma - non-enhancing FLAIR+ sample"
"12","SRP044668","SRX658043","glioma tissue - contrast-enhancing sample","glioma - contrast-enhancing sample"
"13","SRP044668","SRX658020","glioma tissue - contrast-enhancing sample","glioma - contrast-enhancing sample"
"14","SRP044668","SRX658040","glioma tissue - contrast-enhancing sample","glioma - contrast-enhancing sample"
"15","SRP044668","SRX658002","glioma tissue - non-enhancing FLAIR+ sample","glioma - non-enhancing FLAIR+ sample"
"16","SRP044668","SRX658044","glioma tissue - contrast-enhancing sample","glioma - contrast-enhancing sample"
"17","SRP044668","SRX658042","glioma tissue - contrast-enhancing sample","glioma - contrast-enhancing sample"
"18","SRP044668","SRX658007","glioma tissue - non-enhancing FLAIR+ sample","glioma - non-enhancing FLAIR+ sample"
"19","SRP044668","SRX658056","non-neoplastic brain tissue","non-neoplastic brain"
"20","SRP044668","SRX658059","non-neoplastic brain tissue","non-neoplastic brain"
"21","SRP044668","SRX658033","glioma tissue - contrast-enhancing sample","glioma - contrast-enhancing sample"
"22","SRP044668","SRX658012","glioma tissue - non-enhancing FLAIR+ sample","glioma - non-enhancing FLAIR+ sample"
"23","SRP044668","SRX658054","non-neoplastic brain tissue","non-neoplastic brain"
"24","SRP044668","SRX658022","glioma tissue - contrast-enhancing sample","glioma - contrast-enhancing sample"
"25","SRP044668","SRX658017","glioma tissue - contrast-enhancing sample","glioma - contrast-enhancing sample"
"26","SRP044668","SRX658063","non-neoplastic brain tissue","non-neoplastic brain"
"27","SRP044668","SRX658041","glioma tissue - contrast-enhancing sample","glioma - contrast-enhancing sample"
"28","SRP044668","SRX658023","glioma tissue - contrast-enhancing sample","glioma - contrast-enhancing sample"
"29","SRP044668","SRX658053","glioma tissue - contrast-enhancing sample","glioma - contrast-enhancing sample"
"30","SRP044668","SRX658039","glioma tissue - contrast-enhancing sample","glioma - contrast-enhancing sample"
"31","SRP044668","SRX658064","non-neoplastic brain tissue","non-neoplastic brain"
"32","SRP044668","SRX658031","glioma tissue - contrast-enhancing sample","glioma - contrast-enhancing sample"
"33","SRP044668","SRX658045","glioma tissue - contrast-enhancing sample","glioma - contrast-enhancing sample"
"34","SRP044668","SRX658065","non-neoplastic brain tissue","non-neoplastic brain"
"35","SRP044668","SRX657986","glioma tissue - non-enhancing FLAIR+ sample","glioma - non-enhancing FLAIR+ sample"
"36","SRP044668","SRX658067","non-neoplastic brain tissue","non-neoplastic brain"
"37","SRP044668","SRX657992","glioma tissue - non-enhancing FLAIR+ sample","glioma - non-enhancing FLAIR+ sample"
"38","SRP044668","SRX658050","glioma tissue - contrast-enhancing sample","glioma - contrast-enhancing sample"
"39","SRP044668","SRX657999","glioma tissue - non-enhancing FLAIR+ sample","glioma - non-enhancing FLAIR+ sample"
"40","SRP044668","SRX657981","glioma tissue - non-enhancing FLAIR+ sample","glioma - non-enhancing FLAIR+ sample"
"41","SRP044668","SRX657983","glioma tissue - non-enhancing FLAIR+ sample","glioma - non-enhancing FLAIR+ sample"
"42","SRP044668","SRX658069","non-neoplastic brain tissue","non-neoplastic brain"
"43","SRP044668","SRX658029","glioma tissue - contrast-enhancing sample","glioma - contrast-enhancing sample"
"44","SRP044668","SRX658030","glioma tissue - contrast-enhancing sample","glioma - contrast-enhancing sample"
"45","SRP044668","SRX658037","glioma tissue - contrast-enhancing sample","glioma - contrast-enhancing sample"
"46","SRP044668","SRX658035","glioma tissue - contrast-enhancing sample","glioma - contrast-enhancing sample"
"47","SRP044668","SRX658024","glioma tissue - contrast-enhancing sample","glioma - contrast-enhancing sample"
"48","SRP044668","SRX658032","glioma tissue - contrast-enhancing sample","glioma - contrast-enhancing sample"
"49","SRP044668","SRX658016","glioma tissue - contrast-enhancing sample","glioma - contrast-enhancing sample"
"50","SRP044668","SRX657989","glioma tissue - non-enhancing FLAIR+ sample","glioma - non-enhancing FLAIR+ sample"
"51","SRP044668","SRX658046","glioma tissue - contrast-enhancing sample","glioma - contrast-enhancing sample"
"52","SRP044668","SRX658014","glioma tissue - non-enhancing FLAIR+ sample","glioma - non-enhancing FLAIR+ sample"
"53","SRP044668","SRX658004","glioma tissue - non-enhancing FLAIR+ sample","glioma - non-enhancing FLAIR+ sample"
"54","SRP044668","SRX658000","glioma tissue - non-enhancing FLAIR+ sample","glioma - non-enhancing FLAIR+ sample"
"55","SRP044668","SRX658060","non-neoplastic brain tissue","non-neoplastic brain"
"56","SRP044668","SRX658062","non-neoplastic brain tissue","non-neoplastic brain"
"57","SRP044668","SRX658048","glioma tissue - contrast-enhancing sample","glioma - contrast-enhancing sample"
"58","SRP044668","SRX658049","glioma tissue - contrast-enhancing sample","glioma - contrast-enhancing sample"
"59","SRP044668","SRX657991","glioma tissue - non-enhancing FLAIR+ sample","glioma - non-enhancing FLAIR+ sample"
"60","SRP044668","SRX657979","glioma tissue - non-enhancing FLAIR+ sample","glioma - non-enhancing FLAIR+ sample"
"61","SRP044668","SRX658034","glioma tissue - contrast-enhancing sample","glioma - contrast-enhancing sample"
"62","SRP044668","SRX657994","glioma tissue - non-enhancing FLAIR+ sample","glioma - non-enhancing FLAIR+ sample"
"63","SRP044668","SRX658066","non-neoplastic brain tissue","non-neoplastic brain"
"64","SRP044668","SRX658010","glioma tissue - non-enhancing FLAIR+ sample","glioma - non-enhancing FLAIR+ sample"
"65","SRP044668","SRX658015","glioma tissue - contrast-enhancing sample","glioma - contrast-enhancing sample"
"66","SRP044668","SRX658047","glioma tissue - contrast-enhancing sample","glioma - contrast-enhancing sample"
"67","SRP044668","SRX658070","non-neoplastic brain tissue","non-neoplastic brain"
"68","SRP044668","SRX657980","glioma tissue - non-enhancing FLAIR+ sample","glioma - non-enhancing FLAIR+ sample"
"69","SRP044668","SRX658057","non-neoplastic brain tissue","non-neoplastic brain"
"70","SRP044668","SRX658025","glioma tissue - contrast-enhancing sample","glioma - contrast-enhancing sample"
"71","SRP044668","SRX658027","glioma tissue - contrast-enhancing sample","glioma - contrast-enhancing sample"
"72","SRP044668","SRX657982","glioma tissue - non-enhancing FLAIR+ sample","glioma - non-enhancing FLAIR+ sample"
"73","SRP044668","SRX658028","glioma tissue - contrast-enhancing sample","glioma - contrast-enhancing sample"
"74","SRP044668","SRX658061","non-neoplastic brain tissue","non-neoplastic brain"
"75","SRP044668","SRX657984","glioma tissue - non-enhancing FLAIR+ sample","glioma - non-enhancing FLAIR+ sample"
"76","SRP044668","SRX658060","non-neoplastic brain tissue","non-neoplastic brain"
"77","SRP044668","SRX658005","glioma tissue - non-enhancing FLAIR+ sample","glioma - non-enhancing FLAIR+ sample"
"78","SRP044668","SRX658009","glioma tissue - non-enhancing FLAIR+ sample","glioma - non-enhancing FLAIR+ sample"
"79","SRP044668","SRX658003","glioma tissue - non-enhancing FLAIR+ sample","glioma - non-enhancing FLAIR+ sample"
"80","SRP044668","SRX658051","glioma tissue - contrast-enhancing sample","glioma - contrast-enhancing sample"
"81","SRP044668","SRX657990","glioma tissue - non-enhancing FLAIR+ sample","glioma - non-enhancing FLAIR+ sample"
"82","SRP044668","SRX658060","non-neoplastic brain tissue","non-neoplastic brain"
"83","SRP044668","SRX658038","glioma tissue - contrast-enhancing sample","glioma - contrast-enhancing sample"
"84","SRP044668","SRX658068","non-neoplastic brain tissue","non-neoplastic brain"
"85","SRP044668","SRX657985","glioma tissue - non-enhancing FLAIR+ sample","glioma - non-enhancing FLAIR+ sample"
"86","SRP044668","SRX658018","glioma tissue - contrast-enhancing sample","glioma - contrast-enhancing sample"
"87","SRP044668","SRX657987","glioma tissue - non-enhancing FLAIR+ sample","glioma - non-enhancing FLAIR+ sample"
"88","SRP044668","SRX657995","glioma tissue - non-enhancing FLAIR+ sample","glioma - non-enhancing FLAIR+ sample"
"89","SRP044668","SRX657993","glioma tissue - non-enhancing FLAIR+ sample","glioma - non-enhancing FLAIR+ sample"
"90","SRP044668","SRX658021","glioma tissue - contrast-enhancing sample","glioma - contrast-enhancing sample"
"91","SRP044668","SRX658026","glioma tissue - contrast-enhancing sample","glioma - contrast-enhancing sample"
"92","SRP044668","SRX658055","non-neoplastic brain tissue","non-neoplastic brain"
"93","SRP044668","SRX658011","glioma tissue - non-enhancing FLAIR+ sample","glioma - non-enhancing FLAIR+ sample"
"94","SRP044668","SRX657988","glioma tissue - non-enhancing FLAIR+ sample","glioma - non-enhancing FLAIR+ sample"
