"","study.accession","experiment.accession","source_name","cell.type","cell.line","strategy"
"1","SRP028902","SRX336427","Hep3B","hepatocellular carcinoma cell line","Hep3B","mRNA"
"2","SRP028902","SRX336428","Hep3B","hepatocellular carcinoma cell line","Hep3B","RNC-mRNA"
"3","SRP028902","SRX336429","HCCLM3","hepatocellular carcinoma cell line","HCCLM3","mRNA"
"4","SRP028902","SRX336431","MHCC97H","hepatocellular carcinoma cell line","MHCC97H","mRNA"
"5","SRP028902","SRX336432","MHCC97H","hepatocellular carcinoma cell line","MHCC97H","RNC-mRNA"
"6","SRP028902","SRX336430","HCCLM3","hepatocellular carcinoma cell line","HCCLM3","RNC-mRNA"
