"","study.accession","experiment.accession","source_name","cell.line","cell.type"
"1","SRP051401","SRX819524","786-0 human RCC cells were transfected with control siRNA","786-0","renal cell carcinoma"
"2","SRP051401","SRX819526","786-0 human RCC cells were transfected with siRNA specifically targeting SLFN5","786-0","renal cell carcinoma"
"3","SRP051401","SRX819525","786-0 human RCC cells were transfected with control siRNA","786-0","renal cell carcinoma"
"4","SRP051401","SRX819527","786-0 human RCC cells were transfected with siRNA specifically targeting SLFN5","786-0","renal cell carcinoma"
"5","SRP051401","SRX819525","786-0 human RCC cells were transfected with control siRNA","786-0","renal cell carcinoma"
"6","SRP051401","SRX819526","786-0 human RCC cells were transfected with siRNA specifically targeting SLFN5","786-0","renal cell carcinoma"
"7","SRP051401","SRX819526","786-0 human RCC cells were transfected with siRNA specifically targeting SLFN5","786-0","renal cell carcinoma"
"8","SRP051401","SRX819524","786-0 human RCC cells were transfected with control siRNA","786-0","renal cell carcinoma"
"9","SRP051401","SRX819527","786-0 human RCC cells were transfected with siRNA specifically targeting SLFN5","786-0","renal cell carcinoma"
"10","SRP051401","SRX819527","786-0 human RCC cells were transfected with siRNA specifically targeting SLFN5","786-0","renal cell carcinoma"
"11","SRP051401","SRX819524","786-0 human RCC cells were transfected with control siRNA","786-0","renal cell carcinoma"
"12","SRP051401","SRX819525","786-0 human RCC cells were transfected with control siRNA","786-0","renal cell carcinoma"
