"","study.accession","experiment.accession","source_name","cell.line","chirp.pool.probe.sequences"
"1","SRP034626","SRX396291","mammary gland/breast","MCF7",NA
"2","SRP034626","SRX641235","mammary gland/breast","MCF7",NA
"3","SRP034626","SRX641236","mammary gland/breast","MCF7",NA
"4","SRP034626","SRX396300","mammary gland/breast","MCF7","""CCCTCTTTGGCCAATATGAG"", ""GGGAACTCAGACCTTCCTTC"", ""GATCTTCCCTGTGACTTTCC"", ""GTTTTCAGTCCCAGGAACTG"", ""TGTCACTCTTGTCCCATAGA"", ""TGACACCAGGGTTTGAAAGG"", ""CGCAACTTTATCCCAGTAGG"", ""ACCGCCTAGAAAACAGACTG"", ""ACACAGTGAATCACACACAG"", ""ACAAGAAGACGTGACAACAC"", ""CTCTGAACAGGAAACACGGT"", ""CGCCAGACTCTAAAAAGGAA"", ""CTGTGTCGAGTCTGTTTCAG"", ""GATTCTGCAGTAACCTTGCT"", ""TCTGATGGGACAGAATTTGC"", ""CATTAGCACCAGTGCGTTTG"", ""GGGGATAAAGAGGACCATCT"", ""TTTTCCTCTGTAGCAGGGAT"", ""CGTATTCACTGCTTACAAGC"", ""CACTGGTAGCTCAGGAAAAG"", ""GGATTTCTTCTGGACCTCAC"", ""AAGACAGGTAGACCCATCTC"", ""ATGTATTTGCTCTAGTGCCC"", ""GCGGAATCAGATTTCAAAGT"""
"5","SRP034626","SRX396310","mammary gland/breast","MCF7",NA
"6","SRP034626","SRX396306","mammary gland/breast","MCF7",NA
"7","SRP034626","SRX396308","mammary gland/breast","MCF7",NA
"8","SRP034626","SRX396292","mammary gland/breast","MCF7",NA
"9","SRP034626","SRX396311","mammary gland/breast","MCF7",NA
"10","SRP034626","SRX396296","mammary gland/breast","MCF7",NA
"11","SRP034626","SRX641237","mammary gland/breast","MCF7",NA
"12","SRP034626","SRX396307","mammary gland/breast","MCF7",NA
"13","SRP034626","SRX396290","mammary gland/breast","MCF7",NA
"14","SRP034626","SRX396293","mammary gland/breast","MCF7",NA
"15","SRP034626","SRX396298","mammary gland/breast","MCF7",NA
"16","SRP034626","SRX396299","mammary gland/breast","MCF7","""GTAGTTTCTGGAGCCCGATG"", ""CAAATGCCAATGCCTTTCTG"", ""CAAGGAAAGCGACATTCCTA"", ""AGCATTGTACACCAGTTAGC"", ""CAGCTTCATTCAGGACCTGA"", ""ATCTGTGCATCAGACACAAG"", ""CTCAGCAAAGAGCTTTCCTC"", ""GACTTCCGTGACCCTCTTAT"", ""GTATGTCATTCCGGTCAGTG"", ""AAACAAGAACAGCTCTCTGG"", ""GCCTCCAGTTGGGATTTTAG"", ""CAGGTCAAGTCGGTTCTCAG"", ""CCCTCAGGATTCTACTGACT"", ""GAGAGGAGTCTCAGTGCTAC"", ""GCCAGGTCCTTTATCTTCTC"", ""CTCCTTGTCAGGATGCTCTG"", ""CAAGGACTGGGGTCCATTTC"", ""ATCTTGCTTTGCCAAGTCAT"", ""TAAAAACTCCAGGTTGTGCA"", ""TTCTTCTTGGGGCTCTGTTT"", ""GGTCATCTTCCATCTTTGCT"", ""CATTTGGAGAAGGCTCTCAG"", ""GAAACTTCCCACTTAGCTGC"", ""GGTGCACACAAAGTGAAAAT"""
"17","SRP034626","SRX396294","mammary gland/breast","MCF7",NA
"18","SRP034626","SRX396295","mammary gland/breast","MCF7",NA
"19","SRP034626","SRX396297","mammary gland/breast","MCF7",NA
"20","SRP034626","SRX641238","mammary gland/breast","MCF7",NA
"21","SRP034626","SRX396309","mammary gland/breast","MCF7",NA
