"","study.accession","experiment.accession","source_name","cell.type"
"1","SRP063834","SRX1253339","Hepatoblasts","Hepatoblasts"
"2","SRP063834","SRX1253329","Adult hepatocytes","Adult hepatocytes"
"3","SRP063834","SRX1253333","Biliary tree stem cells","Biliary tree stem cells"
"4","SRP063834","SRX1253335","Fibrolamellar hepatocellular carcinoma","Fibrolamellar hepatocellular carcinoma"
"5","SRP063834","SRX1253341","Hepatic stem cells","Hepatic stem cells"
"6","SRP063834","SRX1253330","Adult hepatocytes","Adult hepatocytes"
"7","SRP063834","SRX1253334","Fibrolamellar hepatocellular carcinoma","Fibrolamellar hepatocellular carcinoma"
"8","SRP063834","SRX1253342","Hepatic stem cells","Hepatic stem cells"
"9","SRP063834","SRX1253331","Biliary tree stem cells","Biliary tree stem cells"
"10","SRP063834","SRX1253328","Adult hepatocytes","Adult hepatocytes"
"11","SRP063834","SRX1253340","Hepatoblasts","Hepatoblasts"
"12","SRP063834","SRX1253336","Fibrolamellar hepatocellular carcinoma","Fibrolamellar hepatocellular carcinoma"
"13","SRP063834","SRX1253338","Hepatoblasts","Hepatoblasts"
"14","SRP063834","SRX1253332","Biliary tree stem cells","Biliary tree stem cells"
"15","SRP063834","SRX1253337","Fibrolamellar hepatocellular carcinoma","Fibrolamellar hepatocellular carcinoma"
"16","SRP063834","SRX1253343","Hepatic stem cells","Hepatic stem cells"
