"","study.accession","experiment.accession","source_name","tissue","tumor.type","tumor.stage"
"1","SRP050551","SRX796283","Hepatocellular Carcinoma","Adjacent non-tumor","HCC","III"
"2","SRP050551","SRX796277","Hepatocellular Carcinoma","Adjacent non-tumor","HCC","III"
"3","SRP050551","SRX796287","Hepatocellular Carcinoma","Adjacent non-tumor","HCC","III"
"4","SRP050551","SRX796295","Hepatocellular Carcinoma","Adjacent non-tumor","HCC","III"
"5","SRP050551","SRX796284","Hepatocellular Carcinoma","Hepatocellular carcinoma primary tumor","HCC","III"
"6","SRP050551","SRX796299","Hepatocellular Carcinoma","Adjacent non-tumor","HCC","III"
"7","SRP050551","SRX796293","Hepatocellular Carcinoma","Adjacent non-tumor","HCC","III"
"8","SRP050551","SRX796279","Hepatocellular Carcinoma","Adjacent non-tumor","HCC","III"
"9","SRP050551","SRX796289","Hepatocellular Carcinoma","Adjacent non-tumor","HCC","III"
"10","SRP050551","SRX796280","Hepatocellular Carcinoma","Hepatocellular carcinoma primary tumor","HCC","III"
"11","SRP050551","SRX796292","Hepatocellular Carcinoma","Hepatocellular carcinoma primary tumor","HCC","III"
"12","SRP050551","SRX796297","Hepatocellular Carcinoma","Adjacent non-tumor","HCC","III"
"13","SRP050551","SRX796300","Hepatocellular Carcinoma","Hepatocellular carcinoma primary tumor","HCC","III"
"14","SRP050551","SRX796285","Hepatocellular Carcinoma","Adjacent non-tumor","HCC","III"
"15","SRP050551","SRX796288","Hepatocellular Carcinoma","Hepatocellular carcinoma primary tumor","HCC","III"
"16","SRP050551","SRX796290","Hepatocellular Carcinoma","Hepatocellular carcinoma primary tumor","HCC","III"
"17","SRP050551","SRX796282","Hepatocellular Carcinoma","Hepatocellular carcinoma primary tumor","HCC","III"
"18","SRP050551","SRX796291","Hepatocellular Carcinoma","Adjacent non-tumor","HCC","III"
"19","SRP050551","SRX796296","Hepatocellular Carcinoma","Hepatocellular carcinoma primary tumor","HCC","III"
"20","SRP050551","SRX796298","Hepatocellular Carcinoma","Hepatocellular carcinoma primary tumor","HCC","III"
"21","SRP050551","SRX796278","Hepatocellular Carcinoma","Hepatocellular carcinoma primary tumor","HCC","III"
"22","SRP050551","SRX796281","Hepatocellular Carcinoma","Adjacent non-tumor","HCC","III"
"23","SRP050551","SRX796294","Hepatocellular Carcinoma","Hepatocellular carcinoma primary tumor","HCC","III"
"24","SRP050551","SRX796286","Hepatocellular Carcinoma","Hepatocellular carcinoma primary tumor","HCC","III"
