"","study.accession","experiment.accession","source_name","cell.type","cell.line"
"1","SRP058571","SRX1035157","Breast cancer cells","Basal-like cells","CAL51"
"2","SRP058571","SRX1035158","Breast cancer cells","Heterofusion","CAL51-MCF7"
"3","SRP058571","SRX1035162","Breast cancer cells","Heterofusion","SMU159PT-MDA-MB-231"
"4","SRP058571","SRX1035161","Breast cancer cells","Heterofusion","SUM159CAL51"
"5","SRP058571","SRX1035159","Breast cancer cells","Luminal cells","MDA-MB-453"
"6","SRP058571","SRX1035163","Breast cancer cells","Heterofusion","SUM159PT-MDA-MB-453"
"7","SRP058571","SRX1035160","Breast cancer cells","Heterofusion","SUM159PT-21NT"
"8","SRP058571","SRX1035156","Breast cancer cells","Luminal cells","21NT"
"9","SRP058571","SRX1035165","Breast cancer cells","Luminal cells","ZR75-1"
"10","SRP058571","SRX1035164","Breast cancer cells","Heterofusion","SUM159PT-ZR75-1"
