"","study.accession","experiment.accession","source_name","tissue","time.point"
"1","SRP030027","SRX353829","TRUSS-guided prostatic biopsy of clinically advanced/metastatic prostate cancer tissue","Prostate Tumour","Pre-treatment"
"2","SRP030027","SRX353832","TRUSS-guided prostatic biopsy of clinically advanced/metastatic prostate cancer tissue","Prostate Tumour","Pre-treatment"
"3","SRP030027","SRX353838","TRUSS-guided prostatic biopsy of clinically advanced/metastatic prostate cancer tissue","Prostate Tumour","Post-treatment"
"4","SRP030027","SRX353837","TRUSS-guided prostatic biopsy of clinically advanced/metastatic prostate cancer tissue","Prostate Tumour","Post-treatment"
"5","SRP030027","SRX353835","TRUSS-guided prostatic biopsy of clinically advanced/metastatic prostate cancer tissue","Prostate Tumour","Post-treatment"
"6","SRP030027","SRX353833","TRUSS-guided prostatic biopsy of clinically advanced/metastatic prostate cancer tissue","Prostate Tumour","Pre-treatment"
"7","SRP030027","SRX353834","TRUSS-guided prostatic biopsy of clinically advanced/metastatic prostate cancer tissue","Prostate Tumour","Pre-treatment"
"8","SRP030027","SRX353830","TRUSS-guided prostatic biopsy of clinically advanced/metastatic prostate cancer tissue","Prostate Tumour","Pre-treatment"
"9","SRP030027","SRX353839","TRUSS-guided prostatic biopsy of clinically advanced/metastatic prostate cancer tissue","Prostate Tumour","Post-treatment"
"10","SRP030027","SRX353831","TRUSS-guided prostatic biopsy of clinically advanced/metastatic prostate cancer tissue","Prostate Tumour","Pre-treatment"
"11","SRP030027","SRX353836","TRUSS-guided prostatic biopsy of clinically advanced/metastatic prostate cancer tissue","Prostate Tumour","Post-treatment"
"12","SRP030027","SRX353840","TRUSS-guided prostatic biopsy of clinically advanced/metastatic prostate cancer tissue","Prostate Tumour","Post-treatment"
