"","study.accession","experiment.accession","source_name","transfection","cell.line"
"1","SRP033711","SRX390228","U251 cells","control","U251"
"2","SRP033711","SRX390235","U343 cells","miR137","U343"
"3","SRP033711","SRX390239","U343 cells","miR137","U343"
"4","SRP033711","SRX390234","U343 cells","miR137","U343"
"5","SRP033711","SRX390236","U343 cells","control","U343"
"6","SRP033711","SRX390229","U251 cells","control","U251"
"7","SRP033711","SRX390224","U251 cells","control","U251"
"8","SRP033711","SRX390231","U251 cells","miR137","U251"
"9","SRP033711","SRX390237","U343 cells","control","U343"
"10","SRP033711","SRX390233","U343 cells","control","U343"
"11","SRP033711","SRX390230","U251 cells","miR137","U251"
"12","SRP033711","SRX390225","U251 cells","control","U251"
"13","SRP033711","SRX390227","U251 cells","miR137","U251"
"14","SRP033711","SRX390232","U343 cells","control","U343"
"15","SRP033711","SRX390226","U251 cells","miR137","U251"
"16","SRP033711","SRX390238","U343 cells","miR137","U343"
