"","study.accession","experiment.accession","source_name","disease"
"1","SRP050272","SRX768422","BM","Acute Myeloid Leukemia"
"2","SRP050272","SRX768468","BM","Acute Myeloid Leukemia"
"3","SRP050272","SRX768421","PB","Acute Myeloid Leukemia"
"4","SRP050272","SRX768449","BM","Acute Myeloid Leukemia"
"5","SRP050272","SRX768435","BM","Acute Myeloid Leukemia"
"6","SRP050272","SRX768464","BM","Acute Myeloid Leukemia"
"7","SRP050272","SRX768475","BM","Acute Myeloid Leukemia"
"8","SRP050272","SRX768454","BM","Acute Myeloid Leukemia"
"9","SRP050272","SRX768418","PB","Acute Myeloid Leukemia"
"10","SRP050272","SRX768438","BM","Acute Myeloid Leukemia"
"11","SRP050272","SRX768470","BM","Acute Myeloid Leukemia"
"12","SRP050272","SRX768418","PB","Acute Myeloid Leukemia"
"13","SRP050272","SRX768470","BM","Acute Myeloid Leukemia"
"14","SRP050272","SRX768446","BM","Acute Myeloid Leukemia"
"15","SRP050272","SRX768451","BM","Acute Myeloid Leukemia"
"16","SRP050272","SRX768409","BM","Acute Myeloid Leukemia"
"17","SRP050272","SRX768426","BM","Acute Myeloid Leukemia"
"18","SRP050272","SRX768452","BM","Acute Myeloid Leukemia"
"19","SRP050272","SRX768467","BM","Acute Myeloid Leukemia"
"20","SRP050272","SRX768421","PB","Acute Myeloid Leukemia"
"21","SRP050272","SRX768409","BM","Acute Myeloid Leukemia"
"22","SRP050272","SRX768469","BM","Acute Myeloid Leukemia"
"23","SRP050272","SRX768465","BM","Acute Myeloid Leukemia"
"24","SRP050272","SRX768473","BM","Acute Myeloid Leukemia"
"25","SRP050272","SRX768417","PB","Acute Myeloid Leukemia"
"26","SRP050272","SRX768457","PB","Acute Myeloid Leukemia"
"27","SRP050272","SRX768410","BM","Acute Myeloid Leukemia"
"28","SRP050272","SRX768406","BM","Acute Myeloid Leukemia"
"29","SRP050272","SRX768413","PB","Acute Myeloid Leukemia"
"30","SRP050272","SRX768445","BM","Acute Myeloid Leukemia"
"31","SRP050272","SRX768423","PB","Acute Myeloid Leukemia"
"32","SRP050272","SRX768462","PB","Acute Myeloid Leukemia"
"33","SRP050272","SRX768417","PB","Acute Myeloid Leukemia"
"34","SRP050272","SRX768456","PB","Acute Myeloid Leukemia"
"35","SRP050272","SRX768441","BM","Acute Myeloid Leukemia"
"36","SRP050272","SRX768471","BM","Acute Myeloid Leukemia"
"37","SRP050272","SRX768466","BM","Acute Myeloid Leukemia"
"38","SRP050272","SRX768430","PB","Acute Myeloid Leukemia"
"39","SRP050272","SRX768447","BM","Acute Myeloid Leukemia"
"40","SRP050272","SRX768406","BM","Acute Myeloid Leukemia"
"41","SRP050272","SRX768412","PB","Acute Myeloid Leukemia"
"42","SRP050272","SRX768416","BM","Acute Myeloid Leukemia"
"43","SRP050272","SRX768442","PB","Acute Myeloid Leukemia"
"44","SRP050272","SRX768476","BM","Acute Myeloid Leukemia"
"45","SRP050272","SRX768475","BM","Acute Myeloid Leukemia"
"46","SRP050272","SRX768425","BM","Acute Myeloid Leukemia"
"47","SRP050272","SRX768412","PB","Acute Myeloid Leukemia"
"48","SRP050272","SRX768459","BM","Acute Myeloid Leukemia"
"49","SRP050272","SRX768458","BM","Acute Myeloid Leukemia"
"50","SRP050272","SRX768407","BM","Acute Myeloid Leukemia"
"51","SRP050272","SRX768408","BM","Acute Myeloid Leukemia"
"52","SRP050272","SRX768419","PB","Acute Myeloid Leukemia"
"53","SRP050272","SRX768407","BM","Acute Myeloid Leukemia"
"54","SRP050272","SRX768414","PB","Acute Myeloid Leukemia"
"55","SRP050272","SRX768433","PB","Acute Myeloid Leukemia"
"56","SRP050272","SRX768461","BM","Acute Myeloid Leukemia"
"57","SRP050272","SRX768450","BM","Acute Myeloid Leukemia"
"58","SRP050272","SRX768440","BM","Acute Myeloid Leukemia"
"59","SRP050272","SRX768474","BM","Acute Myeloid Leukemia"
"60","SRP050272","SRX768431","BM","Acute Myeloid Leukemia"
"61","SRP050272","SRX768472","BM","Acute Myeloid Leukemia"
"62","SRP050272","SRX768420","PB","Acute Myeloid Leukemia"
"63","SRP050272","SRX768411","BM","Acute Myeloid Leukemia"
"64","SRP050272","SRX768428","PB","Acute Myeloid Leukemia"
"65","SRP050272","SRX768469","BM","Acute Myeloid Leukemia"
"66","SRP050272","SRX768411","BM","Acute Myeloid Leukemia"
"67","SRP050272","SRX768429","BM","Acute Myeloid Leukemia"
"68","SRP050272","SRX768444","BM","Acute Myeloid Leukemia"
"69","SRP050272","SRX768427","BM","Acute Myeloid Leukemia"
"70","SRP050272","SRX768465","BM","Acute Myeloid Leukemia"
"71","SRP050272","SRX768434","BM","Acute Myeloid Leukemia"
"72","SRP050272","SRX768415","BM","Acute Myeloid Leukemia"
"73","SRP050272","SRX768443","BM","Acute Myeloid Leukemia"
"74","SRP050272","SRX768439","BM","Acute Myeloid Leukemia"
"75","SRP050272","SRX768463","BM","Acute Myeloid Leukemia"
"76","SRP050272","SRX768424","BM","Acute Myeloid Leukemia"
"77","SRP050272","SRX768455","BM","Acute Myeloid Leukemia"
"78","SRP050272","SRX768448","PB","Acute Myeloid Leukemia"
"79","SRP050272","SRX768432","BM","Acute Myeloid Leukemia"
"80","SRP050272","SRX768453","PB","Acute Myeloid Leukemia"
"81","SRP050272","SRX768460","PB","Acute Myeloid Leukemia"
"82","SRP050272","SRX768436","BM","Acute Myeloid Leukemia"
"83","SRP050272","SRX768437","BM","Acute Myeloid Leukemia"
