"","study.accession","experiment.accession","source_name","cell.line","cell.types","tumorgenecity","treatment"
"1","SRP064258","SRX1293274","MCF7 Cell line","MCF7","Breast Cancer Cell line, ER(+)","Tumor","CD3-CD28 SP"
"2","SRP064258","SRX1293275","MCF7 Cell line","MCF7","Breast Cancer Cell line, ER(+)","Tumor","CD3-CD28 PBMC"
"3","SRP064258","SRX1293279","MDA-MB-231 cell line","MDA-MB-231","Breast Cancer Cell line, ER(-)","Tumor","Isotype PBMC+SP"
"4","SRP064258","SRX1293273","MCF7 Cell line","MCF7","Breast Cancer Cell line, ER(+)","Tumor","Isotype PBMC+SP"
"5","SRP064258","SRX1293277","MDA-MB-231 cell line","MDA-MB-231","Breast Cancer Cell line, ER(-)","Tumor","Isotype SP"
"6","SRP064258","SRX1293276","MCF7 Cell line","MCF7","Breast Cancer Cell line, ER(+)","Tumor","CD3-CD28 PBMC+SP"
"7","SRP064258","SRX1293271","MCF7 Cell line","MCF7","Breast Cancer Cell line, ER(+)","Tumor","Isotype SP"
"8","SRP064258","SRX1293280","MDA-MB-231 cell line","MDA-MB-231","Breast Cancer Cell line, ER(-)","Tumor","CD3-CD28 SP"
"9","SRP064258","SRX1293282","MDA-MB-231 cell line","MDA-MB-231","Breast Cancer Cell line, ER(-)","Tumor","CD3-CD28 PBMC+SP"
"10","SRP064258","SRX1293278","MDA-MB-231 cell line","MDA-MB-231","Breast Cancer Cell line, ER(-)","Tumor","Isotype PBMC"
"11","SRP064258","SRX1293281","MDA-MB-231 cell line","MDA-MB-231","Breast Cancer Cell line, ER(-)","Tumor","CD3-CD28 PBMC"
"12","SRP064258","SRX1293272","MCF7 Cell line","MCF7","Breast Cancer Cell line, ER(+)","Tumor","Isotype PBMC"
