"","study.accession","experiment.accession","source_name","cell.line","drug.treatment","duration"
"1","SRP050193","SRX1130270","SUM149","SUM149","JQ1","12h"
"2","SRP050193","SRX767013","SUM159","SUM159","DMSO","12h"
"3","SRP050193","SRX767020","SUM159","SUM159","JQ1","24h"
"4","SRP050193","SRX767016","SUM159","SUM159","DMSO","3h"
"5","SRP050193","SRX767014","SUM159","SUM159","DMSO","24h"
"6","SRP050193","SRX1130265","SUM149R","SUM149R","DMSO","12h"
"7","SRP050193","SRX1130264","SUM149R","SUM149R","DMSO","12h"
"8","SRP050193","SRX1130269","SUM149","SUM149","DMSO","12h"
"9","SRP050193","SRX1130267","SUM149R","SUM149R","JQ1","12h"
"10","SRP050193","SRX767015","SUM159","SUM159","DMSO","24h"
"11","SRP050193","SRX767008","SUM159R","SUM159R","JQ1","24h"
"12","SRP050193","SRX1130268","SUM149","SUM149","DMSO","12h"
"13","SRP050193","SRX767011","SUM159R","SUM159R","JQ1","3h"
"14","SRP050193","SRX767021","SUM159","SUM159","JQ1","24h"
"15","SRP050193","SRX767019","SUM159","SUM159","JQ1","12h"
"16","SRP050193","SRX767009","SUM159R","SUM159R","JQ1","24h"
"17","SRP050193","SRX1130271","SUM149","SUM149","JQ1","12h"
"18","SRP050193","SRX767007","SUM159R","SUM159R","DMSO","3h"
"19","SRP050193","SRX767004","SUM159R","SUM159R","DMSO","24h"
"20","SRP050193","SRX767023","SUM159","SUM159","JQ1","3h"
"21","SRP050193","SRX767018","SUM159","SUM159","JQ1","12h"
"22","SRP050193","SRX767006","SUM159R","SUM159R","DMSO","3h"
"23","SRP050193","SRX767012","SUM159","SUM159","DMSO","12h"
"24","SRP050193","SRX767017","SUM159","SUM159","DMSO","3h"
"25","SRP050193","SRX1130266","SUM149R","SUM149R","JQ1","12h"
"26","SRP050193","SRX767010","SUM159R","SUM159R","JQ1","3h"
"27","SRP050193","SRX767005","SUM159R","SUM159R","DMSO","24h"
"28","SRP050193","SRX767022","SUM159","SUM159","JQ1","3h"
