"","study.accession","experiment.accession","source_name","cell.line","cell.type","transfection.construct","sorting.parameter","over.expression.product"
"1","SRP044062","SRX646173","HEK293T","HEK293T","Neuronal","cells transiently transfected with GFP WT DDX3X expressing plasmid","sorted by flow cytometry for GFP+ population","GFP-WT DDX3X"
"2","SRP044062","SRX646176","HEK293T","HEK293T","Neuronal","cells transfected with control siRNA for 48 hr",NA,NA
"3","SRP044062","SRX646174","HEK293T","HEK293T","Neuronal","cells transiently transfected with GFP DDX3X T275M expressing plasmid","sorted by flow cytometry for GFP+ population","GFP-DDX3X T275M"
"4","SRP044062","SRX646175","HEK293T","HEK293T","Neuronal","cells transiently transfected with GFP DDX3X G302V expressing plasmid","sorted by flow cytometry for GFP+ population","GFP-DDX3X G302V"
"5","SRP044062","SRX646177","HEK293T","HEK293T","Neuronal","cells transfected with DDX3X siRNA for 48 hr",NA,NA
"6","SRP044062","SRX646172","HEK293T","HEK293T","Neuronal","cells transiently transfected with GFP expressing plasmid","sorted by flow cytometry for GFP+ population","GFP"
