"","study.accession","experiment.accession","source_name","cell.line","cell.type","genotype.variation"
"1","SRP061776","SRX1123985","RNA-seq_HCT116_arid1aMM","HCT116","colorectal carcinoma derived cell line","Homozygous ARID1A-KO"
"2","SRP061776","SRX1123981","RNA-seq_HCT116_WT","HCT116","colorectal carcinoma derived cell line","Parental"
"3","SRP061776","SRX1123984","RNA-seq_HCT116_arid1aMM","HCT116","colorectal carcinoma derived cell line","Homozygous ARID1A-KO"
"4","SRP061776","SRX1123980","RNA-seq_HCT116_WT","HCT116","colorectal carcinoma derived cell line","Parental"
"5","SRP061776","SRX1123983","RNA-seq_HCT116_arid1aPM","HCT116","colorectal carcinoma derived cell line","Heterozygous ARID1A-KO"
"6","SRP061776","SRX1123982","RNA-seq_HCT116_arid1aPM","HCT116","colorectal carcinoma derived cell line","Heterozygous ARID1A-KO"
