"","study.accession","experiment.accession","source_name","cell.type","time.point","treated.with"
"1","SRP027258","SRX321478","PrEC_6 hrs_DMSO","Normal prostate epithelial cells (PrEC)","6 hours","Dimethyl sulfoxide (DMSO; vehicle control)"
"2","SRP027258","SRX321480","PrEC_6 hrs_SFN","Normal prostate epithelial cells (PrEC)","6 hours","Sulforaphane (SFN)"
"3","SRP027258","SRX321498","LNCaP_24 hrs_SFN","Androgen-dependent prostate cancer epithelial cells (LNCaP)","24 hours","Sulforaphane (SFN)"
"4","SRP027258","SRX321509","PC3_24 hrs_SFN","androgen-independent prostate cancer epithelial cells (PC-3)","24 hours","Sulforaphane (SFN)"
"5","SRP027258","SRX321502","PC3_6 hrs_DMSO","androgen-independent prostate cancer epithelial cells (PC-3)","6 hours","Dimethyl sulfoxide (DMSO; vehicle control)"
"6","SRP027258","SRX321500","PC3_6 hrs_DMSO","androgen-independent prostate cancer epithelial cells (PC-3)","6 hours","Dimethyl sulfoxide (DMSO; vehicle control)"
"7","SRP027258","SRX321482","PrEC_24 hrs_DMSO","Normal prostate epithelial cells (PrEC)","24 hours","Dimethyl sulfoxide (DMSO; vehicle control)"
"8","SRP027258","SRX321495","LNCaP_24 hrs_DMSO","Androgen-dependent prostate cancer epithelial cells (LNCaP)","24 hours","Dimethyl sulfoxide (DMSO; vehicle control)"
"9","SRP027258","SRX321511","PC3_24 hrs_SFN","androgen-independent prostate cancer epithelial cells (PC-3)","24 hours","Sulforaphane (SFN)"
"10","SRP027258","SRX321481","PrEC_6 hrs_SFN","Normal prostate epithelial cells (PrEC)","6 hours","Sulforaphane (SFN)"
"11","SRP027258","SRX321485","PrEC_24 hrs_SFN","Normal prostate epithelial cells (PrEC)","24 hours","Sulforaphane (SFN)"
"12","SRP027258","SRX321483","PrEC_24 hrs_DMSO","Normal prostate epithelial cells (PrEC)","24 hours","Dimethyl sulfoxide (DMSO; vehicle control)"
"13","SRP027258","SRX321510","PC3_24 hrs_SFN","androgen-independent prostate cancer epithelial cells (PC-3)","24 hours","Sulforaphane (SFN)"
"14","SRP027258","SRX321505","PC3_6 hrs_SFN","androgen-independent prostate cancer epithelial cells (PC-3)","6 hours","Sulforaphane (SFN)"
"15","SRP027258","SRX321484","PrEC_24 hrs_DMSO","Normal prostate epithelial cells (PrEC)","24 hours","Dimethyl sulfoxide (DMSO; vehicle control)"
"16","SRP027258","SRX321476","PrEC_6 hrs_DMSO","Normal prostate epithelial cells (PrEC)","6 hours","Dimethyl sulfoxide (DMSO; vehicle control)"
"17","SRP027258","SRX321497","LNCaP_24 hrs_SFN","Androgen-dependent prostate cancer epithelial cells (LNCaP)","24 hours","Sulforaphane (SFN)"
"18","SRP027258","SRX321488","LNCaP_6 hrs_DMSO","Androgen-dependent prostate cancer epithelial cells (LNCaP)","6 hours","Dimethyl sulfoxide (DMSO; vehicle control)"
"19","SRP027258","SRX321493","LNCaP_6 hrs_SFN","Androgen-dependent prostate cancer epithelial cells (LNCaP)","6 hours","Sulforaphane (SFN)"
"20","SRP027258","SRX321494","LNCaP_24 hrs_DMSO","Androgen-dependent prostate cancer epithelial cells (LNCaP)","24 hours","Dimethyl sulfoxide (DMSO; vehicle control)"
"21","SRP027258","SRX321479","PrEC_6 hrs_SFN","Normal prostate epithelial cells (PrEC)","6 hours","Sulforaphane (SFN)"
"22","SRP027258","SRX321496","LNCaP_24 hrs_DMSO","Androgen-dependent prostate cancer epithelial cells (LNCaP)","24 hours","Dimethyl sulfoxide (DMSO; vehicle control)"
"23","SRP027258","SRX321499","LNCaP_24 hrs_SFN","Androgen-dependent prostate cancer epithelial cells (LNCaP)","24 hours","Sulforaphane (SFN)"
"24","SRP027258","SRX321487","PrEC_24 hrs_SFN","Normal prostate epithelial cells (PrEC)","24 hours","Sulforaphane (SFN)"
"25","SRP027258","SRX321501","PC3_6 hrs_DMSO","androgen-independent prostate cancer epithelial cells (PC-3)","6 hours","Dimethyl sulfoxide (DMSO; vehicle control)"
"26","SRP027258","SRX321504","PC3_6 hrs_SFN","androgen-independent prostate cancer epithelial cells (PC-3)","6 hours","Sulforaphane (SFN)"
"27","SRP027258","SRX321491","LNCaP_6 hrs_SFN","Androgen-dependent prostate cancer epithelial cells (LNCaP)","6 hours","Sulforaphane (SFN)"
"28","SRP027258","SRX321503","PC3_6 hrs_SFN","androgen-independent prostate cancer epithelial cells (PC-3)","6 hours","Sulforaphane (SFN)"
"29","SRP027258","SRX321490","LNCaP_6 hrs_DMSO","Androgen-dependent prostate cancer epithelial cells (LNCaP)","6 hours","Dimethyl sulfoxide (DMSO; vehicle control)"
"30","SRP027258","SRX321506","PC3_24 hrs_DMSO","androgen-independent prostate cancer epithelial cells (PC-3)","24 hours","Dimethyl sulfoxide (DMSO; vehicle control)"
"31","SRP027258","SRX321477","PrEC_6 hrs_DMSO","Normal prostate epithelial cells (PrEC)","6 hours","Dimethyl sulfoxide (DMSO; vehicle control)"
"32","SRP027258","SRX321486","PrEC_24 hrs_SFN","Normal prostate epithelial cells (PrEC)","24 hours","Sulforaphane (SFN)"
"33","SRP027258","SRX321507","PC3_24 hrs_DMSO","androgen-independent prostate cancer epithelial cells (PC-3)","24 hours","Dimethyl sulfoxide (DMSO; vehicle control)"
"34","SRP027258","SRX321489","LNCaP_6 hrs_DMSO","Androgen-dependent prostate cancer epithelial cells (LNCaP)","6 hours","Dimethyl sulfoxide (DMSO; vehicle control)"
"35","SRP027258","SRX321492","LNCaP_6 hrs_SFN","Androgen-dependent prostate cancer epithelial cells (LNCaP)","6 hours","Sulforaphane (SFN)"
"36","SRP027258","SRX321508","PC3_24 hrs_DMSO","androgen-independent prostate cancer epithelial cells (PC-3)","24 hours","Dimethyl sulfoxide (DMSO; vehicle control)"
