"","study.accession","experiment.accession","source_name","tissue","subtype"
"1","SRP062132","SRX1135949","luminal B (HER2 negative)","cancer","luminal B HER2 negative"
"2","SRP062132","SRX1135960","Adjacent noncancerous breast tissue for 327FC1_R1","adjacent noncancerous tissue","luminal B HER2 positive"
"3","SRP062132","SRX1135962","Normal breast tissue","normal tissue",NA
"4","SRP062132","SRX1135966","HER2 and triple negative breast cancer","cancer","HER2 and triple negative"
"5","SRP062132","SRX1135937","HER2 positive breast cancer","cancer","HER2 positive"
"6","SRP062132","SRX1135948","Adjacent noncancerous breast tissue for 323RP1_R1","adjacent noncancerous tissue","luminal A"
"7","SRP062132","SRX1135957","luminal B (HER2 positive)","cancer","luminal B HER2 positive"
"8","SRP062132","SRX1135964","HER2 and triple negative breast cancer","cancer","HER2 and triple negative"
"9","SRP062132","SRX1135939","HER2 positive breast cancer","cancer","HER2 positive"
"10","SRP062132","SRX1135951","luminal B (HER2 negative)","cancer","luminal B HER2 negative"
"11","SRP062132","SRX1135963","Normal breast tissue","normal tissue",NA
"12","SRP062132","SRX1135952","Adjacent noncancerous breast tissue for 346RC1_R1","adjacent noncancerous tissue","luminal B HER2 negative"
"13","SRP062132","SRX1135958","Adjacent noncancerous breast tissue for RC100031_R1","adjacent noncancerous tissue","luminal B HER2 positive"
"14","SRP062132","SRX1135940","Adjacent noncancerous breast tissue for 301RC1_R1","adjacent noncancerous tissue","HER2 positive"
"15","SRP062132","SRX1135942","Adjacent noncancerous breast tissue for RC200876_R1","adjacent noncancerous tissue","HER2 positive"
"16","SRP062132","SRX1135956","luminal B (HER2 positive)","cancer","luminal B HER2 positive"
"17","SRP062132","SRX1135943","luminal A","cancer","luminal A"
"18","SRP062132","SRX1135938","HER2 positive breast cancer","cancer","HER2 positive"
"19","SRP062132","SRX1135959","Adjacent noncancerous breast tissue for RC100841_R1","adjacent noncancerous tissue","luminal B HER2 positive"
"20","SRP062132","SRX1135969","Adjacent noncancerous breast tissue for 325RC2_R1","adjacent noncancerous tissue","HER2 and triple negative"
"21","SRP062132","SRX1135953","Adjacent noncancerous breast tissue for RC200883_R1","adjacent noncancerous tissue","luminal B HER2 negative"
"22","SRP062132","SRX1135945","luminal A","cancer","luminal A"
"23","SRP062132","SRX1135944","luminal A","cancer","luminal A"
"24","SRP062132","SRX1135955","luminal B (HER2 positive)","cancer","luminal B HER2 positive"
"25","SRP062132","SRX1135947","Adjacent noncancerous breast tissue for FC100875_R1","adjacent noncancerous tissue","luminal A"
"26","SRP062132","SRX1135968","Adjacent noncancerous breast tissue for FC100895_R1","adjacent noncancerous tissue","HER2 and triple negative"
"27","SRP062132","SRX1135950","luminal B (HER2 negative)","cancer","luminal B HER2 negative"
"28","SRP062132","SRX1135965","HER2 and triple negative breast cancer","cancer","HER2 and triple negative"
"29","SRP062132","SRX1135961","Normal breast tissue","normal tissue",NA
"30","SRP062132","SRX1135967","Adjacent noncancerous breast tissue for RC100884_R1","adjacent noncancerous tissue","HER2 and triple negative"
"31","SRP062132","SRX1135946","Adjacent noncancerous breast tissue for RC100896_R1","adjacent noncancerous tissue","luminal A"
"32","SRP062132","SRX1135941","Adjacent noncancerous breast tissue for FC100868_R1","adjacent noncancerous tissue","HER2 positive"
"33","SRP062132","SRX1135954","Adjacent noncancerous breast tissue for FC100870_R1","adjacent noncancerous tissue","luminal B HER2 negative"
