"","study.accession","experiment.accession","source_name","biomaterial_provider","disease.state","sf3b1.mutation","cell.line","treatment"
"1","SRP063493","SRX1210913","Bone Marrow","Weill Cornell Medicine","CLL","G740E",NA,NA
"2","SRP063493","SRX1210966","Pancreas","American Type Culture Collection",NA,NA,"CFPAC-1",NA
"3","SRP063493","SRX1210909","Bone Marrow","Weill Cornell Medicine","CLL","K700E|G742D",NA,NA
"4","SRP063493","SRX1210916","Bone Marrow","Weill Cornell Medicine","CLL",NA,NA,NA
"5","SRP063493","SRX1210912","Bone Marrow","Weill Cornell Medicine","CLL","V701F",NA,NA
"6","SRP063493","SRX1210965","Pancreas","American Type Culture Collection",NA,NA,"Capan-2",NA
"7","SRP063493","SRX1210942","B-cell precursor","Horizon Discovery",NA,NA,"Nalm-6","CHX"
"8","SRP063493","SRX1210911","Bone Marrow","Weill Cornell Medicine","CLL","G742D",NA,NA
"9","SRP063493","SRX1210954","Pancreas","American Type Culture Collection",NA,"K700E","Panc05.04",NA
"10","SRP063493","SRX1210972","Pancreas","American Type Culture Collection",NA,NA,"HPAF-II",NA
"11","SRP063493","SRX1210935","Bone Marrow","MD Anderson Cancer Center","MDS",NA,NA,NA
"12","SRP063493","SRX1210953","B-cell precursor","Horizon Discovery",NA,"H662Q","Nalm-6",NA
"13","SRP063493","SRX1210959","Pancreas","American Type Culture Collection",NA,NA,"AsPC1",NA
"14","SRP063493","SRX1210973","Pancreas","American Type Culture Collection",NA,NA,"HPAF-II",NA
"15","SRP063493","SRX1210922","Bone Marrow","MD Anderson Cancer Center","MDS","K700E",NA,NA
"16","SRP063493","SRX1210956","Pancreas","American Type Culture Collection",NA,"K700E","Panc05.04",NA
"17","SRP063493","SRX1210962","Pancreas","American Type Culture Collection",NA,NA,"Panc10.05",NA
"18","SRP063493","SRX1210976","Stroma","American Type Culture Collection",NA,NA,"NIH-3T3",NA
"19","SRP063493","SRX1210910","Bone Marrow","Weill Cornell Medicine","CLL","Y623C",NA,NA
"20","SRP063493","SRX1210919","Bone Marrow","Weill Cornell Medicine","CLL",NA,NA,NA
"21","SRP063493","SRX1210932","Bone Marrow","MD Anderson Cancer Center","MDS","K700E",NA,NA
"22","SRP063493","SRX1210968","Pancreas","American Type Culture Collection",NA,NA,"CFPAC-1",NA
"23","SRP063493","SRX1210931","Bone Marrow","MD Anderson Cancer Center","MDS","K700E",NA,NA
"24","SRP063493","SRX1210930","Bone Marrow","MD Anderson Cancer Center","MDS","K700E",NA,NA
"25","SRP063493","SRX1210934","Bone Marrow","MD Anderson Cancer Center","MDS","E622D",NA,NA
"26","SRP063493","SRX1210914","Bone Marrow","Weill Cornell Medicine","CLL","G742D|I704F",NA,NA
"27","SRP063493","SRX1210937","B-cell precursor","Horizon Discovery",NA,NA,"Nalm-6",NA
"28","SRP063493","SRX1210951","B-cell precursor","Horizon Discovery",NA,"H662Q","Nalm-6",NA
"29","SRP063493","SRX1210978","Stroma","American Type Culture Collection",NA,"K700E","NIH-3T3",NA
"30","SRP063493","SRX1210958","Pancreas","American Type Culture Collection",NA,NA,"AsPC1",NA
"31","SRP063493","SRX1210928","Bone Marrow","MD Anderson Cancer Center","MDS","K700E",NA,NA
"32","SRP063493","SRX1210945","B-cell precursor","Horizon Discovery",NA,"K700E","Nalm-6","CHX"
"33","SRP063493","SRX1210941","B-cell precursor","Horizon Discovery",NA,"K700E","Nalm-6",NA
"34","SRP063493","SRX1210964","Pancreas","American Type Culture Collection",NA,NA,"Capan-2",NA
"35","SRP063493","SRX1210974","Pancreas","American Type Culture Collection",NA,NA,"HPAF-II",NA
"36","SRP063493","SRX1210936","B-cell precursor","Horizon Discovery",NA,NA,"Nalm-6",NA
"37","SRP063493","SRX1210917","Bone Marrow","Weill Cornell Medicine","CLL",NA,NA,NA
"38","SRP063493","SRX1210915","Bone Marrow","Weill Cornell Medicine","CLL","G742D",NA,NA
"39","SRP063493","SRX1210929","Bone Marrow","MD Anderson Cancer Center","MDS","K700E",NA,NA
"40","SRP063493","SRX1210947","B-cell precursor","Horizon Discovery",NA,"K700E","Nalm-6","CHX"
"41","SRP063493","SRX1210971","Pancreas","American Type Culture Collection",NA,NA,"BxPC3",NA
"42","SRP063493","SRX1210952","B-cell precursor","Horizon Discovery",NA,"H662Q","Nalm-6",NA
"43","SRP063493","SRX1210970","Pancreas","American Type Culture Collection",NA,NA,"BxPC3",NA
"44","SRP063493","SRX1210944","B-cell precursor","Horizon Discovery",NA,NA,"Nalm-6","CHX"
"45","SRP063493","SRX1210967","Pancreas","American Type Culture Collection",NA,NA,"CFPAC-1",NA
"46","SRP063493","SRX1210955","Pancreas","American Type Culture Collection",NA,"K700E","Panc05.04",NA
"47","SRP063493","SRX1210977","Stroma","American Type Culture Collection",NA,NA,"NIH-3T3",NA
"48","SRP063493","SRX1210924","Bone Marrow","MD Anderson Cancer Center","MDS",NA,NA,NA
"49","SRP063493","SRX1210960","Pancreas","American Type Culture Collection",NA,NA,"Panc10.05",NA
"50","SRP063493","SRX1210963","Pancreas","American Type Culture Collection",NA,NA,"Capan-2",NA
"51","SRP063493","SRX1210923","Bone Marrow","MD Anderson Cancer Center","MDS","K700E",NA,NA
"52","SRP063493","SRX1210927","Bone Marrow","MD Anderson Cancer Center","MDS","K700E",NA,NA
"53","SRP063493","SRX1210920","Bone Marrow","Weill Cornell Medicine","CLL",NA,NA,NA
"54","SRP063493","SRX1210921","Bone Marrow","Weill Cornell Medicine","CLL",NA,NA,NA
"55","SRP063493","SRX1210975","Stroma","American Type Culture Collection",NA,NA,"NIH-3T3",NA
"56","SRP063493","SRX1210943","B-cell precursor","Horizon Discovery",NA,NA,"Nalm-6","CHX"
"57","SRP063493","SRX1210918","Bone Marrow","Weill Cornell Medicine","CLL",NA,NA,NA
"58","SRP063493","SRX1210969","Pancreas","American Type Culture Collection",NA,NA,"BxPC3",NA
"59","SRP063493","SRX1210961","Pancreas","American Type Culture Collection",NA,NA,"Panc10.05",NA
"60","SRP063493","SRX1210949","B-cell precursor","Horizon Discovery",NA,"K666N","Nalm-6",NA
"61","SRP063493","SRX1210946","B-cell precursor","Horizon Discovery",NA,"K700E","Nalm-6","CHX"
"62","SRP063493","SRX1210939","B-cell precursor","Horizon Discovery",NA,"K700E","Nalm-6",NA
"63","SRP063493","SRX1210938","B-cell precursor","Horizon Discovery",NA,NA,"Nalm-6",NA
"64","SRP063493","SRX1210925","Bone Marrow","MD Anderson Cancer Center","MDS","E622D",NA,NA
"65","SRP063493","SRX1210940","B-cell precursor","Horizon Discovery",NA,"K700E","Nalm-6",NA
"66","SRP063493","SRX1210957","Pancreas","American Type Culture Collection",NA,NA,"AsPC1",NA
"67","SRP063493","SRX1210980","Stroma","American Type Culture Collection",NA,"K700E","NIH-3T3",NA
"68","SRP063493","SRX1210979","Stroma","American Type Culture Collection",NA,"K700E","NIH-3T3",NA
"69","SRP063493","SRX1210948","B-cell precursor","Horizon Discovery",NA,"K666N","Nalm-6",NA
"70","SRP063493","SRX1210926","Bone Marrow","MD Anderson Cancer Center","MDS","E622D",NA,NA
"71","SRP063493","SRX1210950","B-cell precursor","Horizon Discovery",NA,"K666N","Nalm-6",NA
"72","SRP063493","SRX1210933","Bone Marrow","MD Anderson Cancer Center","MDS","K700E",NA,NA
