"","study.accession","experiment.accession","source_name","cell.line","transfection","tumor.type","tissue"
"1","SRP060462","SRX1084573","Kidney","A498","non-target control","ccRCC","Kidney"
"2","SRP060462","SRX1084574","Kidney","A498","non-target control","ccRCC","Kidney"
"3","SRP060462","SRX1084579","Kidney","786-O","lincRNA KD","ccRCC","Kidney"
"4","SRP060462","SRX1084575","Kidney","A498","lincRNA KD","ccRCC","Kidney"
"5","SRP060462","SRX1084580","Kidney","786-O","lincRNA KD","ccRCC","Kidney"
"6","SRP060462","SRX1084577","Kidney","786-O","non-target control","ccRCC","Kidney"
"7","SRP060462","SRX1084576","Kidney","A498","lincRNA KD","ccRCC","Kidney"
"8","SRP060462","SRX1084578","Kidney","786-O","non-target control","ccRCC","Kidney"
