"","study.accession","experiment.accession","gap_accession","submitter.handle","biospecimen.repository","study.name","study.design","biospecimen.repository.sample.id","submitted.sample.id","submitted.subject.id","gap_sample_id","gap_subject_id","sex","study.disease","body.site","analyte.type","is.tumor","subject.is.affected","gap_consent_code","gap_consent_short_name"
"1","SRP017767","SRX214107","phs000567","NCI_SolitaryFibrousTumor","NCI_SolitaryFibrousTumor","NAB2-STAT6 Gene Fusions in Solitary Fibrous Tumor by Integrative Sequencing","Case Set","MCTP_UM-SFT-13","MCTP_UM-SFT-13","19","888943","704117","female","Solitary Fibrous Tumors","Left parapharyngeal","RNA","Yes","Yes","1","CRM"
"2","SRP017767","SRX214109","phs000567","NCI_SolitaryFibrousTumor","NCI_SolitaryFibrousTumor","NAB2-STAT6 Gene Fusions in Solitary Fibrous Tumor by Integrative Sequencing","Case Set","MCTP_UM-SFT-15","MCTP_UM-SFT-15","21","888945","704119","female","Solitary Fibrous Tumors","Right frontal tumor","RNA","Yes","Yes","1","CRM"
"3","SRP017767","SRX214094","phs000567","NCI_SolitaryFibrousTumor","NCI_SolitaryFibrousTumor","NAB2-STAT6 Gene Fusions in Solitary Fibrous Tumor by Integrative Sequencing","Case Set","MCTP_SFT-44","MCTP_SFT-44","6","888938","704112","male","Solitary Fibrous Tumors","Meningeal origin, pancreatic met","RNA","Yes","Yes","1","CRM"
"4","SRP017767","SRX214099","phs000567","NCI_SolitaryFibrousTumor","NCI_SolitaryFibrousTumor","NAB2-STAT6 Gene Fusions in Solitary Fibrous Tumor by Integrative Sequencing","Case Set","MCTP_UM-SFT-5","MCTP_UM-SFT-5","11","888954","704128","male","Solitary Fibrous Tumors","Left lung","RNA","Yes","Yes","1","CRM"
"5","SRP017767","SRX214114","phs000567","NCI_SolitaryFibrousTumor","NCI_SolitaryFibrousTumor","NAB2-STAT6 Gene Fusions in Solitary Fibrous Tumor by Integrative Sequencing","Case Set","MCTP_UM-SFT-20","MCTP_UM-SFT-20","26","888951","704125","male","Solitary Fibrous Tumors","Left frontal tumor","RNA","Yes","Yes","1","CRM"
"6","SRP017767","SRX214098","phs000567","NCI_SolitaryFibrousTumor","NCI_SolitaryFibrousTumor","NAB2-STAT6 Gene Fusions in Solitary Fibrous Tumor by Integrative Sequencing","Case Set","MCTP_UM-SFT-4","MCTP_UM-SFT-4","10","888953","704127","female","Solitary Fibrous Tumors","Left flank","RNA","Yes","Yes","1","CRM"
"7","SRP017767","SRX214089","phs000567","NCI_SolitaryFibrousTumor","NCI_SolitaryFibrousTumor","NAB2-STAT6 Gene Fusions in Solitary Fibrous Tumor by Integrative Sequencing","Case Set","MCTP_SFT-3","MCTP_SFT-3","1","888935","704109","female","Solitary Fibrous Tumors","ST, buttock","RNA","Yes","Yes","1","CRM"
"8","SRP017767","SRX214105","phs000567","NCI_SolitaryFibrousTumor","NCI_SolitaryFibrousTumor","NAB2-STAT6 Gene Fusions in Solitary Fibrous Tumor by Integrative Sequencing","Case Set","MCTP_UM-SFT-11","MCTP_UM-SFT-11","17","888941","704115","male","Solitary Fibrous Tumors","C7 paraspinal mass","RNA","Yes","Yes","1","CRM"
"9","SRP017767","SRX214092","phs000567","NCI_SolitaryFibrousTumor","NCI_SolitaryFibrousTumor","NAB2-STAT6 Gene Fusions in Solitary Fibrous Tumor by Integrative Sequencing","Case Set","MCTP_SFT-31","MCTP_SFT-31","4","888936","704110","female","Solitary Fibrous Tumors","Meningeal, brain recurrence","RNA","Yes","Yes","1","CRM"
"10","SRP017767","SRX214104","phs000567","NCI_SolitaryFibrousTumor","NCI_SolitaryFibrousTumor","NAB2-STAT6 Gene Fusions in Solitary Fibrous Tumor by Integrative Sequencing","Case Set","MCTP_UM-SFT-10","MCTP_UM-SFT-10","16","888940","704114","male","Solitary Fibrous Tumors","Left cheek","RNA","Yes","Yes","1","CRM"
"11","SRP017767","SRX214112","phs000567","NCI_SolitaryFibrousTumor","NCI_SolitaryFibrousTumor","NAB2-STAT6 Gene Fusions in Solitary Fibrous Tumor by Integrative Sequencing","Case Set","MCTP_UM-SFT-18","MCTP_UM-SFT-18","24","888948","704122","male","Solitary Fibrous Tumors","Right lung","RNA","Yes","Yes","1","CRM"
"12","SRP017767","SRX214106","phs000567","NCI_SolitaryFibrousTumor","NCI_SolitaryFibrousTumor","NAB2-STAT6 Gene Fusions in Solitary Fibrous Tumor by Integrative Sequencing","Case Set","MCTP_UM-SFT-12","MCTP_UM-SFT-12","18","888942","704116","female","Solitary Fibrous Tumors","Perirectal mass","RNA","Yes","Yes","1","CRM"
"13","SRP017767","SRX214102","phs000567","NCI_SolitaryFibrousTumor","NCI_SolitaryFibrousTumor","NAB2-STAT6 Gene Fusions in Solitary Fibrous Tumor by Integrative Sequencing","Case Set","MCTP_UM-SFT-8","MCTP_UM-SFT-8","14","888957","704131","male","Solitary Fibrous Tumors","Prostate","RNA","Yes","Yes","1","CRM"
"14","SRP017767","SRX214093","phs000567","NCI_SolitaryFibrousTumor","NCI_SolitaryFibrousTumor","NAB2-STAT6 Gene Fusions in Solitary Fibrous Tumor by Integrative Sequencing","Case Set","MCTP_SFT-40","MCTP_SFT-40","5","888937","704111","male","Solitary Fibrous Tumors","Pleura, recurrence","RNA","Yes","Yes","1","CRM"
"15","SRP017767","SRX214091","phs000567","NCI_SolitaryFibrousTumor","NCI_SolitaryFibrousTumor","NAB2-STAT6 Gene Fusions in Solitary Fibrous Tumor by Integrative Sequencing","Case Set","MCTP_SFT-28","MCTP_SFT-28","3","888934","704108","female","Solitary Fibrous Tumors","Meningeal, kidney met","RNA","Yes","Yes","1","CRM"
"16","SRP017767","SRX214100","phs000567","NCI_SolitaryFibrousTumor","NCI_SolitaryFibrousTumor","NAB2-STAT6 Gene Fusions in Solitary Fibrous Tumor by Integrative Sequencing","Case Set","MCTP_UM-SFT-6","MCTP_UM-SFT-6","12","888955","704129","female","Solitary Fibrous Tumors","Retroperitoneum","RNA","Yes","Yes","1","CRM"
"17","SRP017767","SRX214113","phs000567","NCI_SolitaryFibrousTumor","NCI_SolitaryFibrousTumor","NAB2-STAT6 Gene Fusions in Solitary Fibrous Tumor by Integrative Sequencing","Case Set","MCTP_UM-SFT-19","MCTP_UM-SFT-19","25","888949","704123","female","Solitary Fibrous Tumors","Brain Posterior fossa","RNA","Yes","Yes","1","CRM"
"18","SRP017767","SRX214110","phs000567","NCI_SolitaryFibrousTumor","NCI_SolitaryFibrousTumor","NAB2-STAT6 Gene Fusions in Solitary Fibrous Tumor by Integrative Sequencing","Case Set","MCTP_UM-SFT-16","MCTP_UM-SFT-16","22","888946","704120","male","Solitary Fibrous Tumors","Right frontal tumor","RNA","Yes","Yes","1","CRM"
"19","SRP017767","SRX214097","phs000567","NCI_SolitaryFibrousTumor","NCI_SolitaryFibrousTumor","NAB2-STAT6 Gene Fusions in Solitary Fibrous Tumor by Integrative Sequencing","Case Set","MCTP_UM-SFT-3","MCTP_UM-SFT-3","9","888952","704126","female","Solitary Fibrous Tumors","Presacral mass","RNA","Yes","Yes","1","CRM"
"20","SRP017767","SRX214095","phs000567","NCI_SolitaryFibrousTumor","NCI_SolitaryFibrousTumor","NAB2-STAT6 Gene Fusions in Solitary Fibrous Tumor by Integrative Sequencing","Case Set","MCTP_UM-SFT-1","MCTP_UM-SFT-1","7","888939","704113","female","Solitary Fibrous Tumors","Pancreas","RNA","Yes","Yes","1","CRM"
"21","SRP017767","SRX214103","phs000567","NCI_SolitaryFibrousTumor","NCI_SolitaryFibrousTumor","NAB2-STAT6 Gene Fusions in Solitary Fibrous Tumor by Integrative Sequencing","Case Set","MCTP_UM-SFT-9","MCTP_UM-SFT-9","15","888958","704132","male","Solitary Fibrous Tumors","Right thigh","RNA","Yes","Yes","1","CRM"
"22","SRP017767","SRX214111","phs000567","NCI_SolitaryFibrousTumor","NCI_SolitaryFibrousTumor","NAB2-STAT6 Gene Fusions in Solitary Fibrous Tumor by Integrative Sequencing","Case Set","MCTP_UM-SFT-17","MCTP_UM-SFT-17","23","888947","704121","male","Solitary Fibrous Tumors","Retroperitoneum","RNA","Yes","Yes","1","CRM"
"23","SRP017767","SRX214101","phs000567","NCI_SolitaryFibrousTumor","NCI_SolitaryFibrousTumor","NAB2-STAT6 Gene Fusions in Solitary Fibrous Tumor by Integrative Sequencing","Case Set","MCTP_UM-SFT-7","MCTP_UM-SFT-7","13","888956","704130","male","Solitary Fibrous Tumors","Dura","RNA","Yes","Yes","1","CRM"
"24","SRP017767","SRX214108","phs000567","NCI_SolitaryFibrousTumor","NCI_SolitaryFibrousTumor","NAB2-STAT6 Gene Fusions in Solitary Fibrous Tumor by Integrative Sequencing","Case Set","MCTP_UM-SFT-14","MCTP_UM-SFT-14","20","888944","704118","male","Solitary Fibrous Tumors","Posterior neck","RNA","Yes","Yes","1","CRM"
"25","SRP017767","SRX214096","phs000567","NCI_SolitaryFibrousTumor","NCI_SolitaryFibrousTumor","NAB2-STAT6 Gene Fusions in Solitary Fibrous Tumor by Integrative Sequencing","Case Set","MCTP_UM-SFT-2","MCTP_UM-SFT-2","8","888950","704124","female","Solitary Fibrous Tumors","Liver","RNA","Yes","Yes","1","CRM"
"26","SRP017767","SRX214090","phs000567","NCI_SolitaryFibrousTumor","NCI_SolitaryFibrousTumor","NAB2-STAT6 Gene Fusions in Solitary Fibrous Tumor by Integrative Sequencing","Case Set","MCTP_SFT-18","MCTP_SFT-18","2","888933","704107","female","Solitary Fibrous Tumors","ST, pelvis","RNA","Yes","Yes","1","CRM"
