"","study.accession","experiment.accession","source_name","cell.line","agent"
"1","SRP057629","SRX1008067","A375p cells","melanoma cell line A375P","CONTROL"
"2","SRP057629","SRX1008073","A375p cells","melanoma cell line A375P","SCH772984"
"3","SRP057629","SRX1008066","A375p cells","melanoma cell line A375P","CONTROL"
"4","SRP057629","SRX1008072","A375p cells","melanoma cell line A375P","DEL22379"
"5","SRP057629","SRX1008068","A375p cells","melanoma cell line A375P","CONTROL"
"6","SRP057629","SRX1008075","A375p cells","melanoma cell line A375P","SCH772984"
"7","SRP057629","SRX1008070","A375p cells","melanoma cell line A375P","DEL22379"
"8","SRP057629","SRX1008069","A375p cells","melanoma cell line A375P","CONTROL"
"9","SRP057629","SRX1008074","A375p cells","melanoma cell line A375P","SCH772984"
"10","SRP057629","SRX1008071","A375p cells","melanoma cell line A375P","DEL22379"
