"","study.accession","experiment.accession","isolate","age","biomaterial_provider","sex","tissue","BioSampleModel"
"1","SRP052996","SRX871724","PCa45","not collected","CIPE-ACCamargo","not collected","Prostate adenocarcinoma","Human"
"2","SRP052996","SRX860928","PCa3","not collected","CIPE-ACCamargo","not collected","Prostate adenocarcinoma","Human"
"3","SRP052996","SRX871726","PCa50","not collected","CIPE-ACCamargo","not collected","Prostate adenocarcinoma","Human"
"4","SRP052996","SRX871717","PCa25","not collected","CIPE-ACCamargo","not collected","Prostate adenocarcinoma","Human"
"5","SRP052996","SRX871712","PCa10","not collected","CIPE-ACCamargo","not collected","Prostate adenocarcinoma","Human"
"6","SRP052996","SRX871700","PCa2","not collected","CIPE-ACCamargo","not collected","Prostate adenocarcinoma","Human"
"7","SRP052996","SRX871720","PCa40","not collected","CIPE-ACCamargo","not collected","Prostate adenocarcinoma","Human"
"8","SRP052996","SRX871728","PCa60","not collected","CIPE-ACCamargo","not collected","Prostate adenocarcinoma","Human"
"9","SRP052996","SRX871730","PCa70","not collected","CIPE-ACCamargo","not collected","Prostate adenocarcinoma","Human"
