"","study.accession","experiment.accession","sex","strain","tissue","breed","isolate","sample_type","treatment","biomaterial_provider","age","BioSampleModel","cell_line","cell_type","race","disease"
"1","SRP041840","SRX540747","male","Primarily 129S1/SvlmJ with some addmixture of C57BL/6","ventral prostate","not applicable","Ventral prostate from Tg(Pbsn-ERG)1Vv mouse","tissue","Ventral prostate from Tg(Pbsn-ERG)1Vv mouse.","Vasioukhin lab, FHCRC","6 mths","Model organism or animal",NA,NA,NA,NA
"2","SRP041840","SRX539912","male",NA,"prostate",NA,"RWPE-1 immortalized nontumorigenic prostate epithelial cell line","cell culture","RWPE-1 cells stably transduced with both pBabe-YAP-S127A and pLNCX-GFP vectors. Sorted for GFP.","ATCC","54","Human","RWPE-1","epithelial","Caucasian",NA
"3","SRP041840","SRX540751","male","Primarily 129S1/SvlmJ with some addmixture of C57BL/6","ventral prostate","not applicable","Ventral prostate from Tg(Pbsn-ERG)1Vv mouse","tissue","Ventral prostate from Tg(Pbsn-ERG)1Vv mouse.","Vasioukhin lab, FHCRC","6 mths","Model organism or animal",NA,NA,NA,NA
"4","SRP041840","SRX539926","male",NA,"prostate",NA,"VCaP tumorigenic prostate cancer cell line","cell culture","VCaP cells transiently tranfected with non-targeting siRNA (siCtrl).  .","ATCC","59","Human","VCaP","epithelial","Caucasian","prostate cancer"
"5","SRP041840","SRX540674","male",NA,"prostate",NA,"RWPE-1_ERG immortalized nontumorigenic prostate epithelial cell line","cell culture","RWPE-1_ERG gDNA immunoprepitated with IgG control antibody.","ATCC","54","Human","RWPE-1_ERG","epithelial","Caucasian",NA
"6","SRP041840","SRX539900","male",NA,"prostate",NA,"RWPE-1 immortalized nontumorigenic prostate epithelial cell line","cell culture","RWPE-1 cells stably transduced with both pBabe and pLNCX-GFP-ERG vectors. Sorted for GFP.","ATCC","54","Human","RWPE-1","epithelial","Caucasian",NA
"7","SRP041840","SRX539972","male",NA,"prostate",NA,"VCaP tumorigenic prostate cancer cell line","cell culture","VCaP gDNA immunoprepitated with IgG control antibody.  .","ATCC","59","Human","VCaP","epithelial","Caucasian","prostate cancer"
"8","SRP041840","SRX539915","male",NA,"prostate",NA,"VCaP tumorigenic prostate cancer cell line","cell culture","VCaP cells transiently tranfected with non-targeting siRNA (siCtrl).  .","ATCC","59","Human","VCaP","epithelial","Caucasian","prostate cancer"
"9","SRP041840","SRX540678","male",NA,"prostate",NA,"RWPE-1_ERG immortalized nontumorigenic prostate epithelial cell line","cell culture","RWPE-1_ERG gDNA immunoprepitated with anti TEAD4 antibody.  .","ATCC","54","Human","RWPE-1_ERG","epithelial","Caucasian",NA
"10","SRP041840","SRX540705","male","Primarily 129S1/SvlmJ with some addmixture of C57BL/6","ventral prostate","not applicable","Ventral prostate from wildtype littermate (WT) mouse of Tg(Pbsn-ERG)1Vv","tissue","Ventral prostate from wildtype littermate (WT) mouse of Tg(Pbsn-ERG)1Vv.","Vasioukhin lab, FHCRC","6 mths","Model organism or animal",NA,NA,NA,NA
"11","SRP041840","SRX539879","male",NA,"prostate",NA,"RWPE-1 immortalized nontumorigenic prostate epithelial cell line","cell culture","RWPE-1 cells stably transduced with both pBabe and pLNCX-GFP vectors. Sorted for GFP.","ATCC","54","Human","RWPE-1","epithelial","Caucasian",NA
"12","SRP041840","SRX540018","male",NA,"prostate",NA,"VCaP tumorigenic prostate cancer cell line","cell culture","VCaP gDNA immunoprepitated with anti TEAD4 antibody.  .","ATCC","59","Human","VCaP","epithelial","Caucasian","prostate cancer"
"13","SRP041840","SRX539906","male",NA,"prostate",NA,"RWPE-1 immortalized nontumorigenic prostate epithelial cell line","cell culture","RWPE-1 cells stably transduced with both pBabe-YAP-S127A and pLNCX-GFP vectors. Sorted for GFP.","ATCC","54","Human","RWPE-1","epithelial","Caucasian",NA
"14","SRP041840","SRX539932","male",NA,"prostate",NA,"VCaP tumorigenic prostate cancer cell line","cell culture","VCaP cells transiently tranfected with siRNA targeting ERG (siERG).  .","ATCC","59","Human","VCaP","epithelial","Caucasian","prostate cancer"
"15","SRP041840","SRX540750","male","Primarily 129S1/SvlmJ with some addmixture of C57BL/6","ventral prostate","not applicable","Ventral prostate from Tg(Pbsn-ERG)1Vv mouse","tissue","Ventral prostate from Tg(Pbsn-ERG)1Vv mouse.","Vasioukhin lab, FHCRC","6 mths","Model organism or animal",NA,NA,NA,NA
"16","SRP041840","SRX540016","male",NA,"prostate",NA,"VCaP tumorigenic prostate cancer cell line","cell culture","VCaP gDNA immunoprepitated with anti ERG antibody.  .","ATCC","59","Human","VCaP","epithelial","Caucasian","prostate cancer"
"17","SRP041840","SRX540757","male","Primarily 129S1/SvlmJ with some addmixture of C57BL/6","ventral prostate","not applicable","Ventral prostate from Pbsn-Cre4/Rosa26-LSL-rtTA/TetOP-YAP1S127A mouse","tissue","Ventral prostate from Pbsn-Cre4/Rosa26-LSL-rtTA/TetOP-YAP1S127A mouse.","Vasioukhin lab, FHCRC","6 mths","Model organism or animal",NA,NA,NA,NA
"18","SRP041840","SRX540672","male",NA,"prostate",NA,"RWPE-1_Ctrl immortalized nontumorigenic prostate epithelial cell line","cell culture","RWPE-1_Ctrl gDNA immunoprepitated with anti TEAD4 antibody.  .","ATCC","54","Human","RWPE-1_Ctrl","epithelial","Caucasian",NA
"19","SRP041840","SRX540017","male",NA,"prostate",NA,"VCaP tumorigenic prostate cancer cell line","cell culture","VCaP gDNA immunoprepitated with anti TEAD4 antibody.  .","ATCC","59","Human","VCaP","epithelial","Caucasian","prostate cancer"
"20","SRP041840","SRX539936","male",NA,"prostate",NA,"VCaP tumorigenic prostate cancer cell line","cell culture","VCaP cells transiently tranfected with siRNA targeting ERG (siERG).  .","ATCC","59","Human","VCaP","epithelial","Caucasian","prostate cancer"
"21","SRP041840","SRX540015","male",NA,"prostate",NA,"VCaP tumorigenic prostate cancer cell line","cell culture","VCaP gDNA immunoprepitated with anti ERG antibody.  .","ATCC","59","Human","VCaP","epithelial","Caucasian","prostate cancer"
"22","SRP041840","SRX540752","male","Primarily 129S1/SvlmJ with some addmixture of C57BL/6","ventral prostate","not applicable","Ventral prostate from Pbsn-Cre4/Rosa26-LSL-rtTA/TetOP-YAP1S127A mouse","tissue","Ventral prostate from Pbsn-Cre4/Rosa26-LSL-rtTA/TetOP-YAP1S127A mouse.","Vasioukhin lab, FHCRC","6 mths","Model organism or animal",NA,NA,NA,NA
"23","SRP041840","SRX540748","male","Primarily 129S1/SvlmJ with some addmixture of C57BL/6","ventral prostate","not applicable","Ventral prostate from Tg(Pbsn-ERG)1Vv mouse","tissue","Ventral prostate from Tg(Pbsn-ERG)1Vv mouse.","Vasioukhin lab, FHCRC","6 mths","Model organism or animal",NA,NA,NA,NA
"24","SRP041840","SRX540749","male","Primarily 129S1/SvlmJ with some addmixture of C57BL/6","ventral prostate","not applicable","Ventral prostate from Tg(Pbsn-ERG)1Vv mouse","tissue","Ventral prostate from Tg(Pbsn-ERG)1Vv mouse.","Vasioukhin lab, FHCRC","6 mths","Model organism or animal",NA,NA,NA,NA
"25","SRP041840","SRX539909","male",NA,"prostate",NA,"RWPE-1 immortalized nontumorigenic prostate epithelial cell line","cell culture","RWPE-1 cells stably transduced with both pBabe and pLNCX-GFP vectors. Sorted for GFP.","ATCC","54","Human","RWPE-1","epithelial","Caucasian",NA
"26","SRP041840","SRX540014","male",NA,"prostate",NA,"VCaP tumorigenic prostate cancer cell line","cell culture","VCaP gDNA immunoprepitated with IgG control antibody.  .","ATCC","59","Human","VCaP","epithelial","Caucasian","prostate cancer"
"27","SRP041840","SRX539911","male",NA,"prostate",NA,"RWPE-1 immortalized nontumorigenic prostate epithelial cell line","cell culture","RWPE-1 cells stably transduced with both pBabe and pLNCX-GFP-ERG vectors. Sorted for GFP.","ATCC","54","Human","RWPE-1","epithelial","Caucasian",NA
"28","SRP041840","SRX540677","male",NA,"prostate",NA,"RWPE-1_ERG immortalized nontumorigenic prostate epithelial cell line","cell culture","RWPE-1_ERG gDNA immunoprepitated with anti ERG antibody.","ATCC","54","Human","RWPE-1_ERG","epithelial","Caucasian",NA
"29","SRP041840","SRX540661","male",NA,"prostate",NA,"RWPE-1_Ctrl immortalized nontumorigenic prostate epithelial cell line","cell culture","RWPE-1_Ctrl gDNA immunoprepitated with anti TEAD4 antibody.  .","ATCC","54","Human","RWPE-1_Ctrl","epithelial","Caucasian",NA
"30","SRP041840","SRX539947","male",NA,"prostate",NA,"VCaP tumorigenic prostate cancer cell line","cell culture","VCaP cells transiently tranfected with siRNA targeting YAP1/TAZ (siYAP/TAZ).  .","ATCC","59","Human","VCaP","epithelial","Caucasian","prostate cancer"
"31","SRP041840","SRX539940","male",NA,"prostate",NA,"VCaP tumorigenic prostate cancer cell line","cell culture","VCaP cells transiently tranfected with siRNA targeting YAP1/TAZ (siYAP/TAZ).  .","ATCC","59","Human","VCaP","epithelial","Caucasian","prostate cancer"
"32","SRP041840","SRX540682","male",NA,"prostate",NA,"RWPE-1_ERG immortalized nontumorigenic prostate epithelial cell line","cell culture","RWPE-1_ERG gDNA immunoprepitated with anti TEAD4 antibody.  .","ATCC","54","Human","RWPE-1_ERG","epithelial","Caucasian",NA
"33","SRP041840","SRX540756","male","Primarily 129S1/SvlmJ with some addmixture of C57BL/6","ventral prostate","not applicable","Ventral prostate from Pbsn-Cre4/Rosa26-LSL-rtTA/TetOP-YAP1S127A mouse","tissue","Ventral prostate from Pbsn-Cre4/Rosa26-LSL-rtTA/TetOP-YAP1S127A mouse.","Vasioukhin lab, FHCRC","6 mths","Model organism or animal",NA,NA,NA,NA
"34","SRP041840","SRX540745","male","Primarily 129S1/SvlmJ with some addmixture of C57BL/6","ventral prostate","not applicable","Ventral prostate from wildtype littermate (WT) mouse of Tg(Pbsn-ERG)1Vv","tissue","Ventral prostate from wildtype littermate (WT) mouse of Tg(Pbsn-ERG)1Vv.","Vasioukhin lab, FHCRC","6 mths","Model organism or animal",NA,NA,NA,NA
"35","SRP041840","SRX540746","male","Primarily 129S1/SvlmJ with some addmixture of C57BL/6","ventral prostate","not applicable","Ventral prostate from wildtype littermate (WT) mouse of Tg(Pbsn-ERG)1Vv","tissue","Ventral prostate from wildtype littermate (WT) mouse of Tg(Pbsn-ERG)1Vv.","Vasioukhin lab, FHCRC","6 mths","Model organism or animal",NA,NA,NA,NA
