"","study.accession","experiment.accession","source_name","cell.line","treatment"
"1","SRP063881","SRX1262332","Farage cell line","Farage","treated with DMSO for 12h"
"2","SRP063881","SRX1262325","SUDHL6 cell line","SUDHL6","treated with DMSO for 12h"
"3","SRP063881","SRX1262324","SUDHL6 cell line","SUDHL6","treated with DMSO for 12h"
"4","SRP063881","SRX1262333","Farage cell line","Farage","treated with 10uM 79-6.1085 for 12h"
"5","SRP063881","SRX1262336","SUDHL4 cell line","SUDHL4","treated with DMSO for 12h"
"6","SRP063881","SRX1262337","SUDHL4 cell line","SUDHL4","treated with DMSO for 12h"
"7","SRP063881","SRX1262340","SUDHL4 cell line","SUDHL4","treated with 10uM 79-6.1085 for 12h"
"8","SRP063881","SRX1262329","SUDHL6 cell line","SUDHL6","treated with 10uM 79-6.1085 for 12h"
"9","SRP063881","SRX1262328","SUDHL6 cell line","SUDHL6","treated with 10uM 79-6.1085 for 12h"
"10","SRP063881","SRX1262330","Farage cell line","Farage","treated with DMSO for 12h"
"11","SRP063881","SRX1262331","Farage cell line","Farage","treated with DMSO for 12h"
"12","SRP063881","SRX1262334","Farage cell line","Farage","treated with 10uM 79-6.1085 for 12h"
"13","SRP063881","SRX1262338","SUDHL4 cell line","SUDHL4","treated with DMSO for 12h"
"14","SRP063881","SRX1262341","SUDHL4 cell line","SUDHL4","treated with 10uM 79-6.1085 for 12h"
"15","SRP063881","SRX1262335","Farage cell line","Farage","treated with 10uM 79-6.1085 for 12h"
"16","SRP063881","SRX1262327","SUDHL6 cell line","SUDHL6","treated with 10uM 79-6.1085 for 12h"
"17","SRP063881","SRX1262339","SUDHL4 cell line","SUDHL4","treated with 10uM 79-6.1085 for 12h"
"18","SRP063881","SRX1262326","SUDHL6 cell line","SUDHL6","treated with DMSO for 12h"
