"","study.accession","experiment.accession","source_name","technique","starting.molecule","antibody.capture","tissue"
"1","SRP013985","SRX157359","tumor colon tissue","MethylCap-sequencing","genomic DNA","Protein domain: His6<U+2013>GST<U+2013>MBD (Diagenode)",NA
"2","SRP013985","SRX157389","tumor colon tissue","MethylCap-sequencing","genomic DNA","Protein domain: His6<U+2013>GST<U+2013>MBD (Diagenode)",NA
"3","SRP013985","SRX157383","tumor colon tissue","MethylCap-sequencing","genomic DNA","Protein domain: His6<U+2013>GST<U+2013>MBD (Diagenode)",NA
"4","SRP013985","SRX157355","tumor colon tissue","MethylCap-sequencing","genomic DNA","Protein domain: His6<U+2013>GST<U+2013>MBD (Diagenode)",NA
"5","SRP013985","SRX157393","tumor colon tissue","MethylCap-sequencing","genomic DNA","Protein domain: His6<U+2013>GST<U+2013>MBD (Diagenode)",NA
"6","SRP013985","SRX157386","normal colon tissue","MethylCap-sequencing","genomic DNA","Protein domain: His6<U+2013>GST<U+2013>MBD (Diagenode)",NA
"7","SRP013985","SRX157372","normal colon tissue","MethylCap-sequencing","genomic DNA","Protein domain: His6<U+2013>GST<U+2013>MBD (Diagenode)",NA
"8","SRP013985","SRX157372","normal colon tissue","MethylCap-sequencing","genomic DNA","Protein domain: His6<U+2013>GST<U+2013>MBD (Diagenode)",NA
"9","SRP013985","SRX157364","normal colon tissue","MethylCap-sequencing","genomic DNA","Protein domain: His6<U+2013>GST<U+2013>MBD (Diagenode)",NA
"10","SRP013985","SRX157361","tumor colon tissue","MethylCap-sequencing","genomic DNA","Protein domain: His6<U+2013>GST<U+2013>MBD (Diagenode)",NA
"11","SRP013985","SRX157357","tumor colon tissue","MethylCap-sequencing","genomic DNA","Protein domain: His6<U+2013>GST<U+2013>MBD (Diagenode)",NA
"12","SRP013985","SRX186951","tumorcolontissue","MethylCap-sequencing","genomic DNA","Protein domain: His6<U+2013>GST<U+2013>MBD (Diagenode)","tumor colon tissue"
"13","SRP013985","SRX186952","normalcolontissue","MethylCap-sequencing","genomic DNA","Protein domain: His6<U+2013>GST<U+2013>MBD (Diagenode)","normal colon tissue"
"14","SRP013985","SRX157399","tumor colon tissue","MethylCap-sequencing","genomic DNA","Protein domain: His6<U+2013>GST<U+2013>MBD (Diagenode)",NA
"15","SRP013985","SRX186953","normalcolontissue","MethylCap-sequencing","genomic DNA","Protein domain: His6<U+2013>GST<U+2013>MBD (Diagenode)","normal colon tissue"
"16","SRP013985","SRX157369","tumor colon tissue","MethylCap-sequencing","genomic DNA","Protein domain: His6<U+2013>GST<U+2013>MBD (Diagenode)",NA
"17","SRP013985","SRX157392","normal colon tissue","MethylCap-sequencing","genomic DNA","Protein domain: His6<U+2013>GST<U+2013>MBD (Diagenode)",NA
"18","SRP013985","SRX157405","HCT116 with homozygous deletion of DNMT3b and DNMT1 (Rhee et al Nature 2002)","MethylCap-sequencing","genomic DNA","Protein domain: His6<U+2013>GST<U+2013>MBD (Diagenode)",NA
"19","SRP013985","SRX186948","tumorcolontissue","MethylCap-sequencing","genomic DNA","Protein domain: His6<U+2013>GST<U+2013>MBD (Diagenode)","tumor colon tissue"
"20","SRP013985","SRX157357","tumor colon tissue","MethylCap-sequencing","genomic DNA","Protein domain: His6<U+2013>GST<U+2013>MBD (Diagenode)",NA
"21","SRP013985","SRX186947","tumorcolontissue","MethylCap-sequencing","genomic DNA","Protein domain: His6<U+2013>GST<U+2013>MBD (Diagenode)","tumor colon tissue"
"22","SRP013985","SRX157382","normal colon tissue","MethylCap-sequencing","genomic DNA","Protein domain: His6<U+2013>GST<U+2013>MBD (Diagenode)",NA
"23","SRP013985","SRX157409","HCT116 with homozygous deletion of DNMT3b and DNMT1 (Rhee et al Nature 2002)","ChIP-sequencing","chromatin","anti-H3K4me3 (Diagenode)",NA
"24","SRP013985","SRX157397","tumor colon tissue","MethylCap-sequencing","genomic DNA","Protein domain: His6<U+2013>GST<U+2013>MBD (Diagenode)",NA
"25","SRP013985","SRX157360","normal colon tissue","MethylCap-sequencing","genomic DNA","Protein domain: His6<U+2013>GST<U+2013>MBD (Diagenode)",NA
"26","SRP013985","SRX157385","tumor colon tissue","MethylCap-sequencing","genomic DNA","Protein domain: His6<U+2013>GST<U+2013>MBD (Diagenode)",NA
"27","SRP013985","SRX186949","tumorcolontissue","MethylCap-sequencing","genomic DNA","Protein domain: His6<U+2013>GST<U+2013>MBD (Diagenode)","tumor colon tissue"
"28","SRP013985","SRX157400","normal colon tissue","MethylCap-sequencing","genomic DNA","Protein domain: His6<U+2013>GST<U+2013>MBD (Diagenode)",NA
"29","SRP013985","SRX157377","tumor colon tissue","MethylCap-sequencing","genomic DNA","Protein domain: His6<U+2013>GST<U+2013>MBD (Diagenode)",NA
"30","SRP013985","SRX157383","tumor colon tissue","MethylCap-sequencing","genomic DNA","Protein domain: His6<U+2013>GST<U+2013>MBD (Diagenode)",NA
"31","SRP013985","SRX186951","tumorcolontissue","MethylCap-sequencing","genomic DNA","Protein domain: His6<U+2013>GST<U+2013>MBD (Diagenode)","tumor colon tissue"
"32","SRP013985","SRX186955","normalcolontissue","MethylCap-sequencing","genomic DNA","Protein domain: His6<U+2013>GST<U+2013>MBD (Diagenode)","normal colon tissue"
"33","SRP013985","SRX157363","tumor colon tissue","MethylCap-sequencing","genomic DNA","Protein domain: His6<U+2013>GST<U+2013>MBD (Diagenode)",NA
"34","SRP013985","SRX157401","tumor colon tissue","MethylCap-sequencing","genomic DNA","Protein domain: His6<U+2013>GST<U+2013>MBD (Diagenode)",NA
"35","SRP013985","SRX157394","normal colon tissue","MethylCap-sequencing","genomic DNA","Protein domain: His6<U+2013>GST<U+2013>MBD (Diagenode)",NA
"36","SRP013985","SRX157377","tumor colon tissue","MethylCap-sequencing","genomic DNA","Protein domain: His6<U+2013>GST<U+2013>MBD (Diagenode)",NA
"37","SRP013985","SRX157356","normal colon tissue","MethylCap-sequencing","genomic DNA","Protein domain: His6<U+2013>GST<U+2013>MBD (Diagenode)",NA
"38","SRP013985","SRX157380","normal colon tissue","MethylCap-sequencing","genomic DNA","Protein domain: His6<U+2013>GST<U+2013>MBD (Diagenode)",NA
"39","SRP013985","SRX157355","tumor colon tissue","MethylCap-sequencing","genomic DNA","Protein domain: His6<U+2013>GST<U+2013>MBD (Diagenode)",NA
"40","SRP013985","SRX157373","tumor colon tissue","MethylCap-sequencing","genomic DNA","Protein domain: His6<U+2013>GST<U+2013>MBD (Diagenode)",NA
"41","SRP013985","SRX157367","tumor colon tissue","MethylCap-sequencing","genomic DNA","Protein domain: His6<U+2013>GST<U+2013>MBD (Diagenode)",NA
"42","SRP013985","SRX157375","tumor colon tissue","MethylCap-sequencing","genomic DNA","Protein domain: His6<U+2013>GST<U+2013>MBD (Diagenode)",NA
"43","SRP013985","SRX186955","normalcolontissue","MethylCap-sequencing","genomic DNA","Protein domain: His6<U+2013>GST<U+2013>MBD (Diagenode)","normal colon tissue"
"44","SRP013985","SRX157365","tumor colon tissue","MethylCap-sequencing","genomic DNA","Protein domain: His6<U+2013>GST<U+2013>MBD (Diagenode)",NA
"45","SRP013985","SRX186950","tumorcolontissue","MethylCap-sequencing","genomic DNA","Protein domain: His6<U+2013>GST<U+2013>MBD (Diagenode)","tumor colon tissue"
"46","SRP013985","SRX186956","normalcolontissue","MethylCap-sequencing","genomic DNA","Protein domain: His6<U+2013>GST<U+2013>MBD (Diagenode)","normal colon tissue"
"47","SRP013985","SRX157366","normal colon tissue","MethylCap-sequencing","genomic DNA","Protein domain: His6<U+2013>GST<U+2013>MBD (Diagenode)",NA
"48","SRP013985","SRX157371","tumor colon tissue","MethylCap-sequencing","genomic DNA","Protein domain: His6<U+2013>GST<U+2013>MBD (Diagenode)",NA
"49","SRP013985","SRX157386","normal colon tissue","MethylCap-sequencing","genomic DNA","Protein domain: His6<U+2013>GST<U+2013>MBD (Diagenode)",NA
"50","SRP013985","SRX157369","tumor colon tissue","MethylCap-sequencing","genomic DNA","Protein domain: His6<U+2013>GST<U+2013>MBD (Diagenode)",NA
"51","SRP013985","SRX186956","normalcolontissue","MethylCap-sequencing","genomic DNA","Protein domain: His6<U+2013>GST<U+2013>MBD (Diagenode)","normal colon tissue"
"52","SRP013985","SRX157390","normal colon tissue","MethylCap-sequencing","genomic DNA","Protein domain: His6<U+2013>GST<U+2013>MBD (Diagenode)",NA
"53","SRP013985","SRX157395","tumor colon tissue","MethylCap-sequencing","genomic DNA","Protein domain: His6<U+2013>GST<U+2013>MBD (Diagenode)",NA
"54","SRP013985","SRX157374","normal colon tissue","MethylCap-sequencing","genomic DNA","Protein domain: His6<U+2013>GST<U+2013>MBD (Diagenode)",NA
"55","SRP013985","SRX157376","normal colon tissue","MethylCap-sequencing","genomic DNA","Protein domain: His6<U+2013>GST<U+2013>MBD (Diagenode)",NA
"56","SRP013985","SRX157370","normal colon tissue","MethylCap-sequencing","genomic DNA","Protein domain: His6<U+2013>GST<U+2013>MBD (Diagenode)",NA
"57","SRP013985","SRX157390","normal colon tissue","MethylCap-sequencing","genomic DNA","Protein domain: His6<U+2013>GST<U+2013>MBD (Diagenode)",NA
"58","SRP013985","SRX157384","normal colon tissue","MethylCap-sequencing","genomic DNA","Protein domain: His6<U+2013>GST<U+2013>MBD (Diagenode)",NA
"59","SRP013985","SRX157388","normal colon tissue","MethylCap-sequencing","genomic DNA","Protein domain: His6<U+2013>GST<U+2013>MBD (Diagenode)",NA
"60","SRP013985","SRX157397","tumor colon tissue","MethylCap-sequencing","genomic DNA","Protein domain: His6<U+2013>GST<U+2013>MBD (Diagenode)",NA
"61","SRP013985","SRX157410","HCT116","ChIP-sequencing","chromatin","anti-H3K27me3 (Millipore, 07-449)",NA
"62","SRP013985","SRX157398","normal colon tissue","MethylCap-sequencing","genomic DNA","Protein domain: His6<U+2013>GST<U+2013>MBD (Diagenode)",NA
"63","SRP013985","SRX157374","normal colon tissue","MethylCap-sequencing","genomic DNA","Protein domain: His6<U+2013>GST<U+2013>MBD (Diagenode)",NA
"64","SRP013985","SRX157396","normal colon tissue","MethylCap-sequencing","genomic DNA","Protein domain: His6<U+2013>GST<U+2013>MBD (Diagenode)",NA
"65","SRP013985","SRX157365","tumor colon tissue","MethylCap-sequencing","genomic DNA","Protein domain: His6<U+2013>GST<U+2013>MBD (Diagenode)",NA
"66","SRP013985","SRX186954","normalcolontissue","MethylCap-sequencing","genomic DNA","Protein domain: His6<U+2013>GST<U+2013>MBD (Diagenode)","normal colon tissue"
"67","SRP013985","SRX157402","normal colon tissue","MethylCap-sequencing","genomic DNA","Protein domain: His6<U+2013>GST<U+2013>MBD (Diagenode)",NA
"68","SRP013985","SRX157358","normal colon tissue","MethylCap-sequencing","genomic DNA","Protein domain: His6<U+2013>GST<U+2013>MBD (Diagenode)",NA
"69","SRP013985","SRX157389","tumor colon tissue","MethylCap-sequencing","genomic DNA","Protein domain: His6<U+2013>GST<U+2013>MBD (Diagenode)",NA
"70","SRP013985","SRX157381","tumor colon tissue","MethylCap-sequencing","genomic DNA","Protein domain: His6<U+2013>GST<U+2013>MBD (Diagenode)",NA
"71","SRP013985","SRX157354","normal colon tissue","MethylCap-sequencing","genomic DNA","Protein domain: His6<U+2013>GST<U+2013>MBD (Diagenode)",NA
"72","SRP013985","SRX157354","normal colon tissue","MethylCap-sequencing","genomic DNA","Protein domain: His6<U+2013>GST<U+2013>MBD (Diagenode)",NA
"73","SRP013985","SRX157398","normal colon tissue","MethylCap-sequencing","genomic DNA","Protein domain: His6<U+2013>GST<U+2013>MBD (Diagenode)",NA
"74","SRP013985","SRX157408","HCT116","ChIP-sequencing","chromatin","anti-H3K4me3 (Diagenode)",NA
"75","SRP013985","SRX157380","normal colon tissue","MethylCap-sequencing","genomic DNA","Protein domain: His6<U+2013>GST<U+2013>MBD (Diagenode)",NA
"76","SRP013985","SRX157407","HCT116 with homozygous deletion of DNMT3b and DNMT1 (Rhee et al Nature 2002)","ds-cDNA-sequencing","RNA","poly(A) selection (Oligotex mRNA Mini Kit, QIAGEN)",NA
"77","SRP013985","SRX157376","normal colon tissue","MethylCap-sequencing","genomic DNA","Protein domain: His6<U+2013>GST<U+2013>MBD (Diagenode)",NA
"78","SRP013985","SRX157411","HCT116 with homozygous deletion of DNMT3b and DNMT1 (Rhee et al Nature 2002)","ChIP-sequencing","chromatin","anti-H3K27me3 (Millipore, 07-449)",NA
"79","SRP013985","SRX157379","tumor colon tissue","MethylCap-sequencing","genomic DNA","Protein domain: His6<U+2013>GST<U+2013>MBD (Diagenode)",NA
"80","SRP013985","SRX157404","HCT116","MethylCap-sequencing","genomic DNA","Protein domain: His6<U+2013>GST<U+2013>MBD (Diagenode)",NA
"81","SRP013985","SRX186947","tumorcolontissue","MethylCap-sequencing","genomic DNA","Protein domain: His6<U+2013>GST<U+2013>MBD (Diagenode)","tumor colon tissue"
"82","SRP013985","SRX157403","tumor colon tissue","MethylCap-sequencing","genomic DNA","Protein domain: His6<U+2013>GST<U+2013>MBD (Diagenode)",NA
"83","SRP013985","SRX157393","tumor colon tissue","MethylCap-sequencing","genomic DNA","Protein domain: His6<U+2013>GST<U+2013>MBD (Diagenode)",NA
"84","SRP013985","SRX157402","normal colon tissue","MethylCap-sequencing","genomic DNA","Protein domain: His6<U+2013>GST<U+2013>MBD (Diagenode)",NA
"85","SRP013985","SRX157385","tumor colon tissue","MethylCap-sequencing","genomic DNA","Protein domain: His6<U+2013>GST<U+2013>MBD (Diagenode)",NA
"86","SRP013985","SRX157359","tumor colon tissue","MethylCap-sequencing","genomic DNA","Protein domain: His6<U+2013>GST<U+2013>MBD (Diagenode)",NA
"87","SRP013985","SRX157360","normal colon tissue","MethylCap-sequencing","genomic DNA","Protein domain: His6<U+2013>GST<U+2013>MBD (Diagenode)",NA
"88","SRP013985","SRX157367","tumor colon tissue","MethylCap-sequencing","genomic DNA","Protein domain: His6<U+2013>GST<U+2013>MBD (Diagenode)",NA
"89","SRP013985","SRX157400","normal colon tissue","MethylCap-sequencing","genomic DNA","Protein domain: His6<U+2013>GST<U+2013>MBD (Diagenode)",NA
"90","SRP013985","SRX157387","tumor colon tissue","MethylCap-sequencing","genomic DNA","Protein domain: His6<U+2013>GST<U+2013>MBD (Diagenode)",NA
"91","SRP013985","SRX157356","normal colon tissue","MethylCap-sequencing","genomic DNA","Protein domain: His6<U+2013>GST<U+2013>MBD (Diagenode)",NA
"92","SRP013985","SRX157363","tumor colon tissue","MethylCap-sequencing","genomic DNA","Protein domain: His6<U+2013>GST<U+2013>MBD (Diagenode)",NA
"93","SRP013985","SRX157399","tumor colon tissue","MethylCap-sequencing","genomic DNA","Protein domain: His6<U+2013>GST<U+2013>MBD (Diagenode)",NA
"94","SRP013985","SRX157373","tumor colon tissue","MethylCap-sequencing","genomic DNA","Protein domain: His6<U+2013>GST<U+2013>MBD (Diagenode)",NA
"95","SRP013985","SRX157361","tumor colon tissue","MethylCap-sequencing","genomic DNA","Protein domain: His6<U+2013>GST<U+2013>MBD (Diagenode)",NA
"96","SRP013985","SRX157384","normal colon tissue","MethylCap-sequencing","genomic DNA","Protein domain: His6<U+2013>GST<U+2013>MBD (Diagenode)",NA
"97","SRP013985","SRX157362","normal colon tissue","MethylCap-sequencing","genomic DNA","Protein domain: His6<U+2013>GST<U+2013>MBD (Diagenode)",NA
"98","SRP013985","SRX157388","normal colon tissue","MethylCap-sequencing","genomic DNA","Protein domain: His6<U+2013>GST<U+2013>MBD (Diagenode)",NA
"99","SRP013985","SRX157370","normal colon tissue","MethylCap-sequencing","genomic DNA","Protein domain: His6<U+2013>GST<U+2013>MBD (Diagenode)",NA
"100","SRP013985","SRX157406","HCT116","ds-cDNA-sequencing","RNA","poly(A) selection (Oligotex mRNA Mini Kit, QIAGEN)",NA
"101","SRP013985","SRX157366","normal colon tissue","MethylCap-sequencing","genomic DNA","Protein domain: His6<U+2013>GST<U+2013>MBD (Diagenode)",NA
"102","SRP013985","SRX157381","tumor colon tissue","MethylCap-sequencing","genomic DNA","Protein domain: His6<U+2013>GST<U+2013>MBD (Diagenode)",NA
"103","SRP013985","SRX157395","tumor colon tissue","MethylCap-sequencing","genomic DNA","Protein domain: His6<U+2013>GST<U+2013>MBD (Diagenode)",NA
"104","SRP013985","SRX157375","tumor colon tissue","MethylCap-sequencing","genomic DNA","Protein domain: His6<U+2013>GST<U+2013>MBD (Diagenode)",NA
"105","SRP013985","SRX157371","tumor colon tissue","MethylCap-sequencing","genomic DNA","Protein domain: His6<U+2013>GST<U+2013>MBD (Diagenode)",NA
"106","SRP013985","SRX157403","tumor colon tissue","MethylCap-sequencing","genomic DNA","Protein domain: His6<U+2013>GST<U+2013>MBD (Diagenode)",NA
"107","SRP013985","SRX157394","normal colon tissue","MethylCap-sequencing","genomic DNA","Protein domain: His6<U+2013>GST<U+2013>MBD (Diagenode)",NA
"108","SRP013985","SRX186950","tumorcolontissue","MethylCap-sequencing","genomic DNA","Protein domain: His6<U+2013>GST<U+2013>MBD (Diagenode)","tumor colon tissue"
"109","SRP013985","SRX186952","normalcolontissue","MethylCap-sequencing","genomic DNA","Protein domain: His6<U+2013>GST<U+2013>MBD (Diagenode)","normal colon tissue"
"110","SRP013985","SRX157401","tumor colon tissue","MethylCap-sequencing","genomic DNA","Protein domain: His6<U+2013>GST<U+2013>MBD (Diagenode)",NA
"111","SRP013985","SRX186948","tumorcolontissue","MethylCap-sequencing","genomic DNA","Protein domain: His6<U+2013>GST<U+2013>MBD (Diagenode)","tumor colon tissue"
"112","SRP013985","SRX157368","normal colon tissue","MethylCap-sequencing","genomic DNA","Protein domain: His6<U+2013>GST<U+2013>MBD (Diagenode)",NA
"113","SRP013985","SRX157368","normal colon tissue","MethylCap-sequencing","genomic DNA","Protein domain: His6<U+2013>GST<U+2013>MBD (Diagenode)",NA
"114","SRP013985","SRX157391","tumor colon tissue","MethylCap-sequencing","genomic DNA","Protein domain: His6<U+2013>GST<U+2013>MBD (Diagenode)",NA
"115","SRP013985","SRX157392","normal colon tissue","MethylCap-sequencing","genomic DNA","Protein domain: His6<U+2013>GST<U+2013>MBD (Diagenode)",NA
"116","SRP013985","SRX186953","normalcolontissue","MethylCap-sequencing","genomic DNA","Protein domain: His6<U+2013>GST<U+2013>MBD (Diagenode)","normal colon tissue"
"117","SRP013985","SRX186954","normalcolontissue","MethylCap-sequencing","genomic DNA","Protein domain: His6<U+2013>GST<U+2013>MBD (Diagenode)","normal colon tissue"
"118","SRP013985","SRX157358","normal colon tissue","MethylCap-sequencing","genomic DNA","Protein domain: His6<U+2013>GST<U+2013>MBD (Diagenode)",NA
"119","SRP013985","SRX157387","tumor colon tissue","MethylCap-sequencing","genomic DNA","Protein domain: His6<U+2013>GST<U+2013>MBD (Diagenode)",NA
"120","SRP013985","SRX157378","normal colon tissue","MethylCap-sequencing","genomic DNA","Protein domain: His6<U+2013>GST<U+2013>MBD (Diagenode)",NA
"121","SRP013985","SRX157396","normal colon tissue","MethylCap-sequencing","genomic DNA","Protein domain: His6<U+2013>GST<U+2013>MBD (Diagenode)",NA
"122","SRP013985","SRX157382","normal colon tissue","MethylCap-sequencing","genomic DNA","Protein domain: His6<U+2013>GST<U+2013>MBD (Diagenode)",NA
"123","SRP013985","SRX157379","tumor colon tissue","MethylCap-sequencing","genomic DNA","Protein domain: His6<U+2013>GST<U+2013>MBD (Diagenode)",NA
"124","SRP013985","SRX157362","normal colon tissue","MethylCap-sequencing","genomic DNA","Protein domain: His6<U+2013>GST<U+2013>MBD (Diagenode)",NA
"125","SRP013985","SRX186949","tumorcolontissue","MethylCap-sequencing","genomic DNA","Protein domain: His6<U+2013>GST<U+2013>MBD (Diagenode)","tumor colon tissue"
"126","SRP013985","SRX157378","normal colon tissue","MethylCap-sequencing","genomic DNA","Protein domain: His6<U+2013>GST<U+2013>MBD (Diagenode)",NA
"127","SRP013985","SRX157391","tumor colon tissue","MethylCap-sequencing","genomic DNA","Protein domain: His6<U+2013>GST<U+2013>MBD (Diagenode)",NA
"128","SRP013985","SRX157364","normal colon tissue","MethylCap-sequencing","genomic DNA","Protein domain: His6<U+2013>GST<U+2013>MBD (Diagenode)",NA
