"","study.accession","experiment.accession","source_name","cell.type"
"1","SRP009310","SRX105474","Nodular basal cell carcinoma","Basal Cell Carcinoma, nodular"
"2","SRP009310","SRX105496","Infiltrative Basal Cell Carcinoma","Basal Cell Carcinoma, infiltrative"
"3","SRP009310","SRX105502","Infiltrative Basal Cell Carcinoma","Basal Cell Carcinoma, infiltrative"
"4","SRP009310","SRX105498","Infiltrative Basal Cell Carcinoma","Basal Cell Carcinoma, infiltrative"
"5","SRP009310","SRX105499","Infiltrative Basal Cell Carcinoma","Basal Cell Carcinoma, infiltrative"
"6","SRP009310","SRX105483","Nodular basal cell carcinoma","Basal Cell Carcinoma, nodular"
"7","SRP009310","SRX105492","Infiltrative Basal Cell Carcinoma","Basal Cell Carcinoma, infiltrative"
"8","SRP009310","SRX105482","Nodular basal cell carcinoma","Basal Cell Carcinoma, nodular"
"9","SRP009310","SRX105495","Infiltrative Basal Cell Carcinoma","Basal Cell Carcinoma, infiltrative"
"10","SRP009310","SRX105481","Nodular basal cell carcinoma","Basal Cell Carcinoma, nodular"
"11","SRP009310","SRX105494","Infiltrative Basal Cell Carcinoma","Basal Cell Carcinoma, infiltrative"
"12","SRP009310","SRX105500","Infiltrative Basal Cell Carcinoma","Basal Cell Carcinoma, infiltrative"
"13","SRP009310","SRX105488","Infiltrative Basal Cell Carcinoma","Basal Cell Carcinoma, infiltrative"
"14","SRP009310","SRX105501","Infiltrative Basal Cell Carcinoma","Basal Cell Carcinoma, infiltrative"
"15","SRP009310","SRX105497","Infiltrative Basal Cell Carcinoma","Basal Cell Carcinoma, infiltrative"
"16","SRP009310","SRX105489","Infiltrative Basal Cell Carcinoma","Basal Cell Carcinoma, infiltrative"
"17","SRP009310","SRX105479","Nodular basal cell carcinoma","Basal Cell Carcinoma, nodular"
"18","SRP009310","SRX105486","Nodular basal cell carcinoma","Basal Cell Carcinoma, nodular"
"19","SRP009310","SRX105493","Infiltrative Basal Cell Carcinoma","Basal Cell Carcinoma, infiltrative"
"20","SRP009310","SRX105490","Infiltrative Basal Cell Carcinoma","Basal Cell Carcinoma, infiltrative"
"21","SRP009310","SRX105475","Nodular basal cell carcinoma","Basal Cell Carcinoma, nodular"
"22","SRP009310","SRX105478","Nodular basal cell carcinoma","Basal Cell Carcinoma, nodular"
"23","SRP009310","SRX105484","Nodular basal cell carcinoma","Basal Cell Carcinoma, nodular"
"24","SRP009310","SRX105485","Nodular basal cell carcinoma","Basal Cell Carcinoma, nodular"
"25","SRP009310","SRX105487","Nodular basal cell carcinoma","Basal Cell Carcinoma, nodular"
"26","SRP009310","SRX105473","Nodular basal cell carcinoma","Basal Cell Carcinoma, nodular"
"27","SRP009310","SRX105477","Nodular basal cell carcinoma","Basal Cell Carcinoma, nodular"
"28","SRP009310","SRX105480","Nodular basal cell carcinoma","Basal Cell Carcinoma, nodular"
"29","SRP009310","SRX105491","Infiltrative Basal Cell Carcinoma","Basal Cell Carcinoma, infiltrative"
"30","SRP009310","SRX105476","Nodular basal cell carcinoma","Basal Cell Carcinoma, nodular"
