"","study.accession","experiment.accession","source_name","tumor.subpopulation","tumor.state","cell.storage"
"1","SRP059733","SRX1067699","high grade serous ovarian cancer","tumor cell line passage 4","tumor derived cell line","freshly derived cell line"
"2","SRP059733","SRX1067698","high grade serous ovarian cancer","tumor cell line passage 4","tumor derived cell line","freshly derived cell line"
"3","SRP059733","SRX1067696","high grade serous ovarian cancer","Bulk tumor","ascites","cryopreserved tumor"
"4","SRP059733","SRX1067694","high grade serous ovarian cancer","Bulk tumor","ascites","cryopreserved tumor"
"5","SRP059733","SRX1067695","high grade serous ovarian cancer","Bulk tumor","solid tumor","cryopreserved tumor"
"6","SRP059733","SRX1067697","high grade serous ovarian cancer","tumor cell line passage 4","tumor derived cell line","freshly derived cell line"
