"","study.accession","experiment.accession","source_name","cell.type","histology","host.strain","tissue","chip.antibody","chip.antibody.vendor"
"1","SRP043063","SRX2505531","C419 celles treated with DMSO for 48hrs","C419","Glioblastoma (GBM)",NA,NA,NA,NA
"2","SRP043063","SRX2505529","C419 celles treated with DMSO for 24hrs","C419","Glioblastoma (GBM)",NA,NA,NA,NA
"3","SRP043063","SRX2505535","C419 celles treated with MTM for 48hrs","C419","Glioblastoma (GBM)",NA,NA,NA,NA
"4","SRP043063","SRX585638","HOT1 (orthotopic tumor)",NA,NA,"NOD-SCID mouse","HOT1 tumor derived from a human glioblastoma patient sample",NA,NA
"5","SRP043063","SRX2505534","C419 celles treated with MTM for 24hrs","C419","Glioblastoma (GBM)",NA,NA,NA,NA
"6","SRP043063","SRX585637","HOT1 (orthotopic tumor)",NA,NA,"NOD-SCID mouse","HOT1 tumor derived from a human glioblastoma patient sample","Monoclonal (rabbit) against SOX2","Cell Signaling Technology"
"7","SRP043063","SRX2505536","C419 celles treated with MTM for 48hrs","C419","Glioblastoma (GBM)",NA,NA,NA,NA
"8","SRP043063","SRX585637","HOT1 (orthotopic tumor)",NA,NA,"NOD-SCID mouse","HOT1 tumor derived from a human glioblastoma patient sample","Monoclonal (rabbit) against SOX2","Cell Signaling Technology"
"9","SRP043063","SRX2505532","C419 celles treated with DMSO for 48hrs","C419","Glioblastoma (GBM)",NA,NA,NA,NA
"10","SRP043063","SRX2505530","C419 celles treated with DMSO for 24hrs","C419","Glioblastoma (GBM)",NA,NA,NA,NA
"11","SRP043063","SRX2505535","C419 celles treated with MTM for 48hrs","C419","Glioblastoma (GBM)",NA,NA,NA,NA
"12","SRP043063","SRX2505536","C419 celles treated with MTM for 48hrs","C419","Glioblastoma (GBM)",NA,NA,NA,NA
"13","SRP043063","SRX2505532","C419 celles treated with DMSO for 48hrs","C419","Glioblastoma (GBM)",NA,NA,NA,NA
"14","SRP043063","SRX2505533","C419 celles treated with MTM for 24hrs","C419","Glioblastoma (GBM)",NA,NA,NA,NA
"15","SRP043063","SRX2505530","C419 celles treated with DMSO for 24hrs","C419","Glioblastoma (GBM)",NA,NA,NA,NA
"16","SRP043063","SRX585638","HOT1 (orthotopic tumor)",NA,NA,"NOD-SCID mouse","HOT1 tumor derived from a human glioblastoma patient sample",NA,NA
"17","SRP043063","SRX2505534","C419 celles treated with MTM for 24hrs","C419","Glioblastoma (GBM)",NA,NA,NA,NA
