"","study.accession","experiment.accession","source_name","grafting","strain","sex","cell.line","cell.type"
"1","SRP014920","SRX179418","vehicle_replicate3_SR","A549-luc-C8","SCID-beige","female",NA,NA
"2","SRP014920","SRX179413","treated_replicate2_SR","A549-luc-C8","SCID-beige","female",NA,NA
"3","SRP014920","SRX179416","vehicle_replicate1_SR","A549-luc-C8","SCID-beige","female",NA,NA
"4","SRP014920","SRX179414","treated_replicate3_SR","A549-luc-C8","SCID-beige","female",NA,NA
"5","SRP014920","SRX179409","control_A549",NA,NA,NA,"A549",NA
"6","SRP014920","SRX179412","treated_replicate1_SR","A549-luc-C8","SCID-beige","female",NA,NA
"7","SRP014920","SRX179411","treated_replicate1_PE","A549-luc-C8","SCID-beige","female",NA,NA
"8","SRP014920","SRX179415","vehicle_replicate1_PE","A549-luc-C8","SCID-beige","female",NA,NA
"9","SRP014920","SRX179417","vehicle_replicate2_SR","A549-luc-C8","SCID-beige","female",NA,NA
"10","SRP014920","SRX179410","control_SCIDbg_spleen",NA,"SCID-beige","female",NA,"spleen"
