"","study.accession","experiment.accession","source_name","tissue","chip.antibody","patient","cell.line","genotype.variation"
"1","SRP055442","SRX886381","Primary colorectal carcinoma, snap-frozen tissue","Primary colorectal carcinoma","H3K4me2 (Millipore, catalog# 07-030, lot# 2019745)","3",NA,NA
"2","SRP055442","SRX886411","Colorectal cancer cell line",NA,NA,NA,"HCT116","CNOT3 depleted"
"3","SRP055442","SRX886385","Primary colorectal carcinoma, snap-frozen tissue","Primary colorectal carcinoma","H3K4me2 (Millipore, catalog# 07-030, lot# 2019745)","9",NA,NA
"4","SRP055442","SRX886398","Primary colorectal carcinoma, snap-frozen tissue","Primary colorectal carcinoma","none (input)","3",NA,NA
"5","SRP055442","SRX886387","Primary colorectal carcinoma, snap-frozen tissue","Primary colorectal carcinoma","CNOT3 (Novus Biologicals, catalog# H00004849_M01, lot# A1171-4B8)","2",NA,NA
"6","SRP055442","SRX886391","Primary colonic adenoma, snap-frozen tissue","Primary colonic adenoma","none (input)","4",NA,NA
"7","SRP055442","SRX886373","Primary colonic adenoma, snap-frozen tissue","Primary colonic adenoma","H3K4me2 (Millipore, catalog# 07-030, lot# 2019745)","5",NA,NA
"8","SRP055442","SRX886372","Primary colonic adenoma, snap-frozen tissue","Primary colonic adenoma","H3K4me2 (Millipore, catalog# 07-030, lot# 2019745)","4",NA,NA
"9","SRP055442","SRX886392","Primary colonic adenoma, snap-frozen tissue","Primary colonic adenoma","none (input)","6",NA,NA
"10","SRP055442","SRX886389","Primary colonic adenoma, snap-frozen tissue","Primary colonic adenoma","none (input)","1",NA,NA
"11","SRP055442","SRX886404","Primary colorectal carcinoma, snap-frozen tissue","Primary colorectal carcinoma","none (input)","10",NA,NA
"12","SRP055442","SRX886386","Primary colorectal carcinoma, snap-frozen tissue","Primary colorectal carcinoma","H3K4me2 (Millipore, catalog# 07-030, lot# 2019745)","10",NA,NA
"13","SRP055442","SRX886371","Primary colonic adenoma, snap-frozen tissue","Primary colonic adenoma","H3K4me2 (Millipore, catalog# 07-030, lot# 2019745)","3",NA,NA
"14","SRP055442","SRX886405","Colorectal cancer cell line",NA,"CNOT3 (Novus Biologicals, catalog# H00004849_M01, lot# A1171-4B8)",NA,"HCT116",NA
"15","SRP055442","SRX886383","Primary colorectal carcinoma, snap-frozen tissue","Primary colorectal carcinoma","H3K4me2 (Millipore, catalog# 07-030, lot# 2019745)","5",NA,NA
"16","SRP055442","SRX886379","Primary colorectal carcinoma, snap-frozen tissue","Primary colorectal carcinoma","H3K4me2 (Millipore, catalog# 07-030, lot# 2019745)","1",NA,NA
"17","SRP055442","SRX886374","Primary colonic adenoma, snap-frozen tissue","Primary colonic adenoma","H3K4me2 (Millipore, catalog# 07-030, lot# 2019745)","6",NA,NA
"18","SRP055442","SRX886406","Colorectal cancer cell line",NA,NA,NA,"HCT116","Control"
"19","SRP055442","SRX886369","Primary colonic adenoma, snap-frozen tissue","Primary colonic adenoma","H3K4me2 (Millipore, catalog# 07-030, lot# 2019745)","1",NA,NA
"20","SRP055442","SRX886376","Primary colonic adenoma, snap-frozen tissue","Primary colonic adenoma","H3K4me2 (Millipore, catalog# 07-030, lot# 2019745)","8",NA,NA
"21","SRP055442","SRX886368","Primary colorectal carcinoma, snap-frozen tissue","Primary colorectal carcinoma","H3K4me2 (Millipore, catalog# 07-030, lot# 2019745)","8",NA,NA
"22","SRP055442","SRX886394","Primary colonic adenoma, snap-frozen tissue","Primary colonic adenoma","none (input)","8",NA,NA
"23","SRP055442","SRX886410","Colorectal cancer cell line",NA,NA,NA,"HCT116","CNOT3 depleted"
"24","SRP055442","SRX886402","Primary colorectal carcinoma, snap-frozen tissue","Primary colorectal carcinoma","none (input)","8",NA,NA
"25","SRP055442","SRX886403","Primary colorectal carcinoma, snap-frozen tissue","Primary colorectal carcinoma","none (input)","9",NA,NA
"26","SRP055442","SRX886382","Primary colorectal carcinoma, snap-frozen tissue","Primary colorectal carcinoma","H3K4me2 (Millipore, catalog# 07-030, lot# 2019745)","4",NA,NA
"27","SRP055442","SRX886400","Primary colorectal carcinoma, snap-frozen tissue","Primary colorectal carcinoma","none (input)","6",NA,NA
"28","SRP055442","SRX886378","Primary colonic adenoma, snap-frozen tissue","Primary colonic adenoma","H3K4me2 (Millipore, catalog# 07-030, lot# 2019745)","10",NA,NA
"29","SRP055442","SRX886380","Primary colorectal carcinoma, snap-frozen tissue","Primary colorectal carcinoma","H3K4me2 (Millipore, catalog# 07-030, lot# 2019745)","2",NA,NA
"30","SRP055442","SRX886377","Primary colonic adenoma, snap-frozen tissue","Primary colonic adenoma","H3K4me2 (Millipore, catalog# 07-030, lot# 2019745)","9",NA,NA
"31","SRP055442","SRX886397","Primary colorectal carcinoma, snap-frozen tissue","Primary colorectal carcinoma","none (input)","1",NA,NA
"32","SRP055442","SRX886399","Primary colorectal carcinoma, snap-frozen tissue","Primary colorectal carcinoma","none (input)","4",NA,NA
"33","SRP055442","SRX886390","Primary colonic adenoma, snap-frozen tissue","Primary colonic adenoma","none (input)","3",NA,NA
"34","SRP055442","SRX886408","Colorectal cancer cell line",NA,NA,NA,"HCT116","Control"
"35","SRP055442","SRX886370","Primary colonic adenoma, snap-frozen tissue","Primary colonic adenoma","H3K4me2 (Millipore, catalog# 07-030, lot# 2019745)","2",NA,NA
"36","SRP055442","SRX886375","Primary colonic adenoma, snap-frozen tissue","Primary colonic adenoma","H3K4me2 (Millipore, catalog# 07-030, lot# 2019745)","7",NA,NA
"37","SRP055442","SRX886393","Primary colonic adenoma, snap-frozen tissue","Primary colonic adenoma","none (input)","7",NA,NA
"38","SRP055442","SRX886395","Primary colonic adenoma, snap-frozen tissue","Primary colonic adenoma","none (input)","9",NA,NA
"39","SRP055442","SRX886401","Primary colorectal carcinoma, snap-frozen tissue","Primary colorectal carcinoma","none (input)","7",NA,NA
"40","SRP055442","SRX886367","Primary colorectal carcinoma, snap-frozen tissue","Primary colorectal carcinoma","H3K4me2 (Millipore, catalog# 07-030, lot# 2019745)","7",NA,NA
"41","SRP055442","SRX886388","Primary colorectal carcinoma, snap-frozen tissue","Primary colorectal carcinoma","CNOT3 (Novus Biologicals, catalog# H00004849_M01, lot# A1171-4B8)","9",NA,NA
"42","SRP055442","SRX886407","Colorectal cancer cell line",NA,NA,NA,"HCT116","Control"
"43","SRP055442","SRX886396","Primary colonic adenoma, snap-frozen tissue","Primary colonic adenoma","none (input)","10",NA,NA
"44","SRP055442","SRX886384","Primary colorectal carcinoma, snap-frozen tissue","Primary colorectal carcinoma","H3K4me2 (Millipore, catalog# 07-030, lot# 2019745)","6",NA,NA
"45","SRP055442","SRX886409","Colorectal cancer cell line",NA,NA,NA,"HCT116","CNOT3 depleted"
