"","study.accession","experiment.accession","source_name","sample.donor","gender","organ","tissue"
"1","SRP040442","SRX497628","endometrial tumor","donor No.7","female","endometrium","endometrial tumor"
"2","SRP040442","SRX497621","adjacent normal tissue","donor No.4","female","endometrium","adjacent normal tissue"
"3","SRP040442","SRX497619","adjacent normal tissue","donor No.3","female","endometrium","adjacent normal tissue"
"4","SRP040442","SRX497629","adjacent normal tissue","donor No.8","female","endometrium","adjacent normal tissue"
"5","SRP040442","SRX497617","adjacent normal tissue","donor No.2","female","endometrium","adjacent normal tissue"
"6","SRP040442","SRX497615","adjacent normal tissue","donor No.1","female","endometrium","adjacent normal tissue"
"7","SRP040442","SRX497624","endometrial tumor","donor No.5","female","endometrium","endometrial tumor"
"8","SRP040442","SRX497617","adjacent normal tissue","donor No.2","female","endometrium","adjacent normal tissue"
"9","SRP040442","SRX497623","adjacent normal tissue","donor No.5","female","endometrium","adjacent normal tissue"
"10","SRP040442","SRX497620","endometrial tumor","donor No.3","female","endometrium","endometrial tumor"
"11","SRP040442","SRX497622","endometrial tumor","donor No.4","female","endometrium","endometrial tumor"
"12","SRP040442","SRX497618","endometrial tumor","donor No.2","female","endometrium","endometrial tumor"
"13","SRP040442","SRX497632","endometrial tumor","donor No.9","female","endometrium","endometrial tumor"
"14","SRP040442","SRX497627","adjacent normal tissue","donor No.7","female","endometrium","adjacent normal tissue"
"15","SRP040442","SRX497619","adjacent normal tissue","donor No.3","female","endometrium","adjacent normal tissue"
"16","SRP040442","SRX497626","adjacent normal tissue","donor No.6","female","endometrium","adjacent normal tissue"
"17","SRP040442","SRX497618","endometrial tumor","donor No.2","female","endometrium","endometrial tumor"
"18","SRP040442","SRX497630","endometrial tumor","donor No.8","female","endometrium","endometrial tumor"
"19","SRP040442","SRX497624","endometrial tumor","donor No.5","female","endometrium","endometrial tumor"
"20","SRP040442","SRX497623","adjacent normal tissue","donor No.5","female","endometrium","adjacent normal tissue"
"21","SRP040442","SRX497616","endometrial tumor","donor No.1","female","endometrium","endometrial tumor"
"22","SRP040442","SRX497627","adjacent normal tissue","donor No.7","female","endometrium","adjacent normal tissue"
"23","SRP040442","SRX497629","adjacent normal tissue","donor No.8","female","endometrium","adjacent normal tissue"
"24","SRP040442","SRX497631","adjacent normal tissue","donor No.9","female","endometrium","adjacent normal tissue"
"25","SRP040442","SRX497628","endometrial tumor","donor No.7","female","endometrium","endometrial tumor"
"26","SRP040442","SRX497632","endometrial tumor","donor No.9","female","endometrium","endometrial tumor"
"27","SRP040442","SRX497626","adjacent normal tissue","donor No.6","female","endometrium","adjacent normal tissue"
"28","SRP040442","SRX497615","adjacent normal tissue","donor No.1","female","endometrium","adjacent normal tissue"
"29","SRP040442","SRX497616","endometrial tumor","donor No.1","female","endometrium","endometrial tumor"
"30","SRP040442","SRX497630","endometrial tumor","donor No.8","female","endometrium","endometrial tumor"
"31","SRP040442","SRX497622","endometrial tumor","donor No.4","female","endometrium","endometrial tumor"
"32","SRP040442","SRX497631","adjacent normal tissue","donor No.9","female","endometrium","adjacent normal tissue"
"33","SRP040442","SRX497621","adjacent normal tissue","donor No.4","female","endometrium","adjacent normal tissue"
"34","SRP040442","SRX497620","endometrial tumor","donor No.3","female","endometrium","endometrial tumor"
"35","SRP040442","SRX497625","endometrial tumor","donor No.6","female","endometrium","endometrial tumor"
"36","SRP040442","SRX497625","endometrial tumor","donor No.6","female","endometrium","endometrial tumor"
