"","study.accession","experiment.accession","gap_accession","submitter.handle","biospecimen.repository","study.name","study.design","biospecimen.repository.sample.id","submitted.sample.id","submitted.subject.id","gap_sample_id","gap_subject_id","sex","body.site","histological.type","analyte.type","is.tumor","gap_consent_code","gap_consent_short_name"
"1","SRP029946","SRX351827","phs000657","NCI_AdvancedCancers_PilotStudy","NCI_AdvancedCancers_PilotStudy","NGS in Advanced Cancers","Case Set","S23","S23","9","1059029","809766","female","liver","neuroendocrine_cancer","tumor_DNA","Yes","1","GRU-MDS"
"2","SRP029946","SRX351818","phs000657","NCI_AdvancedCancers_PilotStudy","NCI_AdvancedCancers_PilotStudy","NGS in Advanced Cancers","Case Set","S18","S18","7","1059023","809764","male","blood",NA,"constitutional_DNA","No","1","GRU-MDS"
"3","SRP029946","SRX351804","phs000657","NCI_AdvancedCancers_PilotStudy","NCI_AdvancedCancers_PilotStudy","NGS in Advanced Cancers","Case Set","S10","S10","4","1059015","809761","male","blood",NA,"constitutional_DNA","No","1","GRU-MDS"
"4","SRP029946","SRX351799","phs000657","NCI_AdvancedCancers_PilotStudy","NCI_AdvancedCancers_PilotStudy","NGS in Advanced Cancers","Case Set","S5","S5","2","1059040","809759","male","blood",NA,"constitutional_DNA","No","1","GRU-MDS"
"5","SRP029946","SRX351820","phs000657","NCI_AdvancedCancers_PilotStudy","NCI_AdvancedCancers_PilotStudy","NGS in Advanced Cancers","Case Set","S20","S20","8","1059026","809765","male","liver","papillary_renal_cell","tumor_DNA","Yes","1","GRU-MDS"
"6","SRP029946","SRX351815","phs000657","NCI_AdvancedCancers_PilotStudy","NCI_AdvancedCancers_PilotStudy","NGS in Advanced Cancers","Case Set","S15","S15","6","1059020","809763","female","blood",NA,"constitutional_DNA","No","1","GRU-MDS"
"7","SRP029946","SRX351807","phs000657","NCI_AdvancedCancers_PilotStudy","NCI_AdvancedCancers_PilotStudy","NGS in Advanced Cancers","Case Set","S11","S11","5","1059016","809762","male","lymph_node","basal_cell_carcinoma","tumor_DNA","Yes","1","GRU-MDS"
"8","SRP029946","SRX351806","phs000657","NCI_AdvancedCancers_PilotStudy","NCI_AdvancedCancers_PilotStudy","NGS in Advanced Cancers","Case Set","S10","S10","4","1059015","809761","male","blood",NA,"constitutional_DNA","No","1","GRU-MDS"
"9","SRP029946","SRX351819","phs000657","NCI_AdvancedCancers_PilotStudy","NCI_AdvancedCancers_PilotStudy","NGS in Advanced Cancers","Case Set","S19","S19","7","1059024","809764","male","pancreas","adenosquamous","tumor_RNA","Yes","1","GRU-MDS"
"10","SRP029946","SRX351810","phs000657","NCI_AdvancedCancers_PilotStudy","NCI_AdvancedCancers_PilotStudy","NGS in Advanced Cancers","Case Set","S12","S12","5","1059017","809762","male","blood",NA,"constitutional_DNA","No","1","GRU-MDS"
"11","SRP029946","SRX351828","phs000657","NCI_AdvancedCancers_PilotStudy","NCI_AdvancedCancers_PilotStudy","NGS in Advanced Cancers","Case Set","S24","S24","9","1059030","809766","female","blood",NA,"constitutional_DNA","No","1","GRU-MDS"
"12","SRP029946","SRX351811","phs000657","NCI_AdvancedCancers_PilotStudy","NCI_AdvancedCancers_PilotStudy","NGS in Advanced Cancers","Case Set","S13","S13","5","1059018","809762","male","lymph_node","basal_cell_carcinoma","tumor_RNA","Yes","1","GRU-MDS"
"13","SRP029946","SRX351833","phs000657","NCI_AdvancedCancers_PilotStudy","NCI_AdvancedCancers_PilotStudy","NGS in Advanced Cancers","Case Set","S29","S29","13","1059035","809756",NA,NA,NA,"control_skin_RNA","No","1","GRU-MDS"
"14","SRP029946","SRX351834","phs000657","NCI_AdvancedCancers_PilotStudy","NCI_AdvancedCancers_PilotStudy","NGS in Advanced Cancers","Case Set","S30","S30","14","1059037","809757",NA,NA,NA,"control_ureter_RNA","No","1","GRU-MDS"
"15","SRP029946","SRX351824","phs000657","NCI_AdvancedCancers_PilotStudy","NCI_AdvancedCancers_PilotStudy","NGS in Advanced Cancers","Case Set","S22","S22","8","1059028","809765","male","liver","papillary_renal_cell","tumor_RNA","Yes","1","GRU-MDS"
"16","SRP029946","SRX351813","phs000657","NCI_AdvancedCancers_PilotStudy","NCI_AdvancedCancers_PilotStudy","NGS in Advanced Cancers","Case Set","S15","S15","6","1059020","809763","female","blood",NA,"constitutional_DNA","No","1","GRU-MDS"
"17","SRP029946","SRX351809","phs000657","NCI_AdvancedCancers_PilotStudy","NCI_AdvancedCancers_PilotStudy","NGS in Advanced Cancers","Case Set","S11","S11","5","1059016","809762","male","lymph_node","basal_cell_carcinoma","tumor_DNA","Yes","1","GRU-MDS"
"18","SRP029946","SRX351798","phs000657","NCI_AdvancedCancers_PilotStudy","NCI_AdvancedCancers_PilotStudy","NGS in Advanced Cancers","Case Set","S4","S4","2","1059039","809759","male","liver","adenocarcinoma","tumor_DNA","Yes","1","GRU-MDS"
"19","SRP029946","SRX351832","phs000657","NCI_AdvancedCancers_PilotStudy","NCI_AdvancedCancers_PilotStudy","NGS in Advanced Cancers","Case Set","S28","S28","12","1059034","809755",NA,NA,NA,"control_lymph_node_RNA","No","1","GRU-MDS"
"20","SRP029946","SRX351812","phs000657","NCI_AdvancedCancers_PilotStudy","NCI_AdvancedCancers_PilotStudy","NGS in Advanced Cancers","Case Set","S14","S14","6","1059019","809763","female","pelvic_mass","transitional_cell","tumor_DNA","Yes","1","GRU-MDS"
"21","SRP029946","SRX351796","phs000657","NCI_AdvancedCancers_PilotStudy","NCI_AdvancedCancers_PilotStudy","NGS in Advanced Cancers","Case Set","S2","S2","1","1059025","809752","female","blood",NA,"constitutional_DNA","No","1","GRU-MDS"
"22","SRP029946","SRX351816","phs000657","NCI_AdvancedCancers_PilotStudy","NCI_AdvancedCancers_PilotStudy","NGS in Advanced Cancers","Case Set","S16","S16","6","1059021","809763","female","pelvic_mass","transitional_cell","tumor_RNA","Yes","1","GRU-MDS"
"23","SRP029946","SRX351825","phs000657","NCI_AdvancedCancers_PilotStudy","NCI_AdvancedCancers_PilotStudy","NGS in Advanced Cancers","Case Set","S23","S23","9","1059029","809766","female","liver","neuroendocrine_cancer","tumor_DNA","Yes","1","GRU-MDS"
"24","SRP029946","SRX351801","phs000657","NCI_AdvancedCancers_PilotStudy","NCI_AdvancedCancers_PilotStudy","NGS in Advanced Cancers","Case Set","S7","S7","3","1059042","809760","male","lymph_node","neuroblastoma","tumor_DNA","Yes","1","GRU-MDS"
"25","SRP029946","SRX351821","phs000657","NCI_AdvancedCancers_PilotStudy","NCI_AdvancedCancers_PilotStudy","NGS in Advanced Cancers","Case Set","S21","S21","8","1059027","809765","male","blood",NA,"constitutional_DNA","No","1","GRU-MDS"
"26","SRP029946","SRX351795","phs000657","NCI_AdvancedCancers_PilotStudy","NCI_AdvancedCancers_PilotStudy","NGS in Advanced Cancers","Case Set","S1","S1","1","1059014","809752","female","lung","adenocarcinoma","tumor_DNA","Yes","1","GRU-MDS"
"27","SRP029946","SRX351814","phs000657","NCI_AdvancedCancers_PilotStudy","NCI_AdvancedCancers_PilotStudy","NGS in Advanced Cancers","Case Set","S14","S14","6","1059019","809763","female","pelvic_mass","transitional_cell","tumor_DNA","Yes","1","GRU-MDS"
"28","SRP029946","SRX351823","phs000657","NCI_AdvancedCancers_PilotStudy","NCI_AdvancedCancers_PilotStudy","NGS in Advanced Cancers","Case Set","S21","S21","8","1059027","809765","male","blood",NA,"constitutional_DNA","No","1","GRU-MDS"
"29","SRP029946","SRX351831","phs000657","NCI_AdvancedCancers_PilotStudy","NCI_AdvancedCancers_PilotStudy","NGS in Advanced Cancers","Case Set","S27","S27","11","1059033","809754",NA,NA,NA,"control_pancreas_RNA","No","1","GRU-MDS"
"30","SRP029946","SRX351830","phs000657","NCI_AdvancedCancers_PilotStudy","NCI_AdvancedCancers_PilotStudy","NGS in Advanced Cancers","Case Set","S26","S26","10","1059032","809753",NA,NA,NA,"control_lung_RNA","No","1","GRU-MDS"
"31","SRP029946","SRX351829","phs000657","NCI_AdvancedCancers_PilotStudy","NCI_AdvancedCancers_PilotStudy","NGS in Advanced Cancers","Case Set","S25","S25","9","1059031","809766","female","liver","neuroendocrine_cancer","tumor_RNA","Yes","1","GRU-MDS"
"32","SRP029946","SRX351817","phs000657","NCI_AdvancedCancers_PilotStudy","NCI_AdvancedCancers_PilotStudy","NGS in Advanced Cancers","Case Set","S17","S17","7","1059022","809764","male","pancreas","adenosquamous","tumor_DNA","Yes","1","GRU-MDS"
"33","SRP029946","SRX351826","phs000657","NCI_AdvancedCancers_PilotStudy","NCI_AdvancedCancers_PilotStudy","NGS in Advanced Cancers","Case Set","S24","S24","9","1059030","809766","female","blood",NA,"constitutional_DNA","No","1","GRU-MDS"
"34","SRP029946","SRX351805","phs000657","NCI_AdvancedCancers_PilotStudy","NCI_AdvancedCancers_PilotStudy","NGS in Advanced Cancers","Case Set","S9","S9","4","1059044","809761","male","lung","sertoli_cell","tumor_DNA","Yes","1","GRU-MDS"
"35","SRP029946","SRX351822","phs000657","NCI_AdvancedCancers_PilotStudy","NCI_AdvancedCancers_PilotStudy","NGS in Advanced Cancers","Case Set","S20","S20","8","1059026","809765","male","liver","papillary_renal_cell","tumor_DNA","Yes","1","GRU-MDS"
"36","SRP029946","SRX351803","phs000657","NCI_AdvancedCancers_PilotStudy","NCI_AdvancedCancers_PilotStudy","NGS in Advanced Cancers","Case Set","S9","S9","4","1059044","809761","male","lung","sertoli_cell","tumor_DNA","Yes","1","GRU-MDS"
"37","SRP029946","SRX351808","phs000657","NCI_AdvancedCancers_PilotStudy","NCI_AdvancedCancers_PilotStudy","NGS in Advanced Cancers","Case Set","S12","S12","5","1059017","809762","male","blood",NA,"constitutional_DNA","No","1","GRU-MDS"
"38","SRP029946","SRX351835","phs000657","NCI_AdvancedCancers_PilotStudy","NCI_AdvancedCancers_PilotStudy","NGS in Advanced Cancers","Case Set","S31","S31","15","1059038","809758",NA,NA,NA,"control_kidney_RNA","No","1","GRU-MDS"
"39","SRP029946","SRX351802","phs000657","NCI_AdvancedCancers_PilotStudy","NCI_AdvancedCancers_PilotStudy","NGS in Advanced Cancers","Case Set","S8","S8","3","1059043","809760","male","blood",NA,"constitutional_DNA","No","1","GRU-MDS"
"40","SRP029946","SRX351800","phs000657","NCI_AdvancedCancers_PilotStudy","NCI_AdvancedCancers_PilotStudy","NGS in Advanced Cancers","Case Set","S6","S6","2","1059041","809759","male","liver","adenocarcinoma","tumor_RNA","Yes","1","GRU-MDS"
"41","SRP029946","SRX351797","phs000657","NCI_AdvancedCancers_PilotStudy","NCI_AdvancedCancers_PilotStudy","NGS in Advanced Cancers","Case Set","S3","S3","1","1059036","809752","female","lung","adenocarcinoma","tumor_RNA","Yes","1","GRU-MDS"
