"","study.accession","experiment.accession","source_name","sample.type","pretreatment","grade","Stage"
"1","SRP044042","SRX645340","Renal Cell Carcinoma","E*","None","3","IV"
"2","SRP044042","SRX645344","Renal Cell Carcinoma","E*","None","4","IV"
"3","SRP044042","SRX645342","Renal Cell Carcinoma","E*","None","3","III"
"4","SRP044042","SRX645362","Renal Cell Carcinoma","S","None","Sarcomatoid","IV"
"5","SRP044042","SRX645359","Renal Cell Carcinoma","S","None","Sarcomatoid","IV"
"6","SRP044042","SRX645347","Renal Cell Carcinoma","E","None","Epithelioid","IV"
"7","SRP044042","SRX645343","Renal Cell Carcinoma","E*","None","4","IV"
"8","SRP044042","SRX645341","Renal Cell Carcinoma","E*","None","3","III"
"9","SRP044042","SRX645360","Renal Cell Carcinoma","R","None","Rhabdoid","IV"
"10","SRP044042","SRX645361","Renal Cell Carcinoma","E","None","Epithelioid","IV"
"11","SRP044042","SRX645349","Renal Cell Carcinoma","R","Sutent","Rhabdoid","IV"
"12","SRP044042","SRX645351","Renal Cell Carcinoma","S","None","Sarcomatoid","IV"
"13","SRP044042","SRX645357","Renal Cell Carcinoma","S","None","Sarcomatoid","III"
"14","SRP044042","SRX645363","Renal Cell Carcinoma","E","None","Epithelioid","IV"
"15","SRP044042","SRX645353","Renal Cell Carcinoma","R","None","Rhabdoid","IV"
"16","SRP044042","SRX645350","Renal Cell Carcinoma","E","Sutent","Epithelioid","IV"
"17","SRP044042","SRX645346","Renal Cell Carcinoma","R","None","Rhabdoid","IV"
"18","SRP044042","SRX645356","Renal Cell Carcinoma","E","None","Epithelioid","IV"
"19","SRP044042","SRX645345","Renal Cell Carcinoma","S","None","Sarcomatoid","IV"
"20","SRP044042","SRX645354","Renal Cell Carcinoma","E","None","Epithelioid","IV"
"21","SRP044042","SRX645358","Renal Cell Carcinoma","E","None","Epithelioid","III"
"22","SRP044042","SRX645352","Renal Cell Carcinoma","E","None","Epithelioid","IV"
"23","SRP044042","SRX645348","Renal Cell Carcinoma","S","Sutent","Sarcomatoid","IV"
"24","SRP044042","SRX645355","Renal Cell Carcinoma","S","None","Sarcomatoid","IV"
