"","study.accession","experiment.accession","source_name","tissue","antibody"
"1","SRP064165","SRX1286305","Primary colorectal carcinoma","FFPE","H3K4me2 (Millipore, 07-030)"
"2","SRP064165","SRX1286303","Primary colorectal carcinoma","FFPE",NA
"3","SRP064165","SRX1286286","Primary colorectal cancer","FFPE","H3K4me2 (Millipore, 07-030)"
"4","SRP064165","SRX1286366","Primary colorectal carcinoma","FFPE",NA
"5","SRP064165","SRX1286311","Primary colorectal carcinoma","FFPE","H3K4me2 (Millipore, 07-030)"
"6","SRP064165","SRX1286282","Primary colonic mucosa","FFPE","H3K4me2 (Millipore, 07-030)"
"7","SRP064165","SRX1286345","Primary colonic mucosa","FFPE",NA
"8","SRP064165","SRX1286349","Primary colorectal carcinoma","Snap-frozen tissue",NA
"9","SRP064165","SRX1286307","Primary colorectal carcinoma","Snap-frozen tissue","H3K4me2 (Millipore, 07-030)"
"10","SRP064165","SRX1286348","Primary colonic mucosa","Snap-frozen tissue",NA
"11","SRP064165","SRX1286273","Primary bladder cancer","FFPE","H3K9ac (Abcam ab4441)"
"12","SRP064165","SRX1286270","Primary bladder cancer","FFPE","H3K36me3 (Abcam ab9050)"
"13","SRP064165","SRX1286325","Seminoma","FFPE","H3K4me2 (Millipore, 07-030)"
"14","SRP064165","SRX1286301","Primary colorectal carcinoma","Snap-frozen tissue","H3K4me2 (Millipore, 07-030)"
"15","SRP064165","SRX1286281","Primary colonic mucosa","Snap-frozen tissue","H3K4me2 (Millipore, 07-030)"
"16","SRP064165","SRX1286363","Primary colorectal carcinoma","Snap-frozen tissue",NA
"17","SRP064165","SRX1286371","MCF7-xenograft","Snap-frozen tissue",NA
"18","SRP064165","SRX1286365","Primary colorectal carcinoma","FFPE",NA
"19","SRP064165","SRX1286367","Primary colorectal carcinoma","Snap-frozen tissue",NA
"20","SRP064165","SRX1286351","Primary colorectal carcinoma","Snap-frozen tissue",NA
"21","SRP064165","SRX1286277","Primary colonic mucosa","Snap-frozen tissue","H3K4me2 (Millipore, 07-030)"
"22","SRP064165","SRX1286322","Primary colorectal carcinoma","FFPE","H3K4me2 (Millipore, 07-030)"
"23","SRP064165","SRX1286332","Primary bladder cancer","FFPE",NA
"24","SRP064165","SRX1286291","Primary colonic mucosa","FFPE","H3K4me2 (Millipore, 07-030)"
"25","SRP064165","SRX1286337","Primary breast cancer","FFPE",NA
"26","SRP064165","SRX1286289","Primary colorectal cancer","FFPE",NA
"27","SRP064165","SRX1286283","Primary colonic mucosa","FFPE",NA
"28","SRP064165","SRX1286284","Primary colonic mucosa","FFPE","H3K4me2 (Millipore, 07-030)"
"29","SRP064165","SRX1286288","Primary colorectal cancer","FFPE","H3K4me2 (Millipore, 07-030)"
"30","SRP064165","SRX1286269","Primary bladder cancer","FFPE","H3K27me3( Cell Signaling C36811)"
"31","SRP064165","SRX1286370","Seminoma","FFPE",NA
"32","SRP064165","SRX1286336","Primary bladder cancer","FFPE",NA
"33","SRP064165","SRX1286372","MCF7-xenograft","FFPE",NA
"34","SRP064165","SRX1286310","Primary colorectal carcinoma","FFPE","H3K4me2 (Millipore, 07-030)"
"35","SRP064165","SRX1286331","Primary bladder cancer","FFPE","H3K4me2 (Millipore, 07-030)"
"36","SRP064165","SRX1286294","Primary colorectal carcinoma","Snap-frozen tissue","H3K4me2 (Millipore, 07-030)"
"37","SRP064165","SRX1286287","Primary colorectal cancer","FFPE",NA
"38","SRP064165","SRX1286302","Primary colorectal carcinoma","FFPE","H3K4me2 (Millipore, 07-030)"
"39","SRP064165","SRX1286264","Primary bladder cancer","FFPE","H3K4me2 (Millipore, 07-030)"
"40","SRP064165","SRX1286292","Primary colonic mucosa","FFPE","H3K4me2 (Millipore, 07-030)"
"41","SRP064165","SRX1286312","Primary colorectal carcinoma","FFPE",NA
"42","SRP064165","SRX1286267","Primary bladder cancer","FFPE","H3K4me2 (Millipore, 07-030)"
"43","SRP064165","SRX1286321","Primary colorectal carcinoma","FFPE","H3K4me2 (Millipore, 07-030)"
"44","SRP064165","SRX1286339","Primary colonic mucosa","Snap-frozen tissue",NA
"45","SRP064165","SRX1286358","Primary colorectal carcinoma","FFPE",NA
"46","SRP064165","SRX1286334","Primary bladder cancer","FFPE",NA
"47","SRP064165","SRX1286297","Primary colorectal carcinoma","Snap-frozen tissue","H3K4me2 (Millipore, 07-030)"
"48","SRP064165","SRX1286343","Primary colonic mucosa","Snap-frozen tissue",NA
"49","SRP064165","SRX1286324","Seminoma","FFPE","H3K4me2 (Millipore, 07-030)"
"50","SRP064165","SRX1286357","Primary colorectal carcinoma","Snap-frozen tissue",NA
"51","SRP064165","SRX1286274","Primary breast cancer","FFPE","H3K4me2 (Millipore, 07-030)"
"52","SRP064165","SRX1286347","Primary colonic mucosa","FFPE",NA
"53","SRP064165","SRX1286346","Primary colonic mucosa","FFPE",NA
"54","SRP064165","SRX1286276","Primary breast cancer","FFPE","H3K4me2 (Millipore, 07-030)"
"55","SRP064165","SRX1286280","Primary colonic mucosa","Snap-frozen tissue","H3K4me2 (Millipore, 07-030)"
"56","SRP064165","SRX1286315","Primary colorectal carcinoma","FFPE",NA
"57","SRP064165","SRX1286356","Primary colorectal carcinoma","FFPE",NA
"58","SRP064165","SRX1286340","Primary colonic mucosa","Snap-frozen tissue",NA
"59","SRP064165","SRX1286355","Primary colorectal carcinoma","Snap-frozen tissue",NA
"60","SRP064165","SRX1286298","Primary colorectal carcinoma","Snap-frozen tissue","H3K4me2 (Millipore, 07-030)"
"61","SRP064165","SRX1286333","Primary bladder cancer","FFPE",NA
"62","SRP064165","SRX1286309","Primary colorectal carcinoma","FFPE","H3K4me2 (Millipore, 07-030)"
"63","SRP064165","SRX1286338","Primary breast cancer","FFPE",NA
"64","SRP064165","SRX1286364","Primary colorectal carcinoma","FFPE",NA
"65","SRP064165","SRX1286344","Primary colonic mucosa","FFPE",NA
"66","SRP064165","SRX1286341","Primary colonic mucosa","Snap-frozen tissue",NA
"67","SRP064165","SRX1286279","Primary colonic mucosa","Snap-frozen tissue","H3K4me2 (Millipore, 07-030)"
"68","SRP064165","SRX1286369","Seminoma","FFPE",NA
"69","SRP064165","SRX1286308","Primary colorectal carcinoma","FFPE","H3K4me2 (Millipore, 07-030)"
"70","SRP064165","SRX1286318","Primary colorectal carcinoma","FFPE","H3K4me2 (Millipore, 07-030)"
"71","SRP064165","SRX1286359","Primary colorectal carcinoma","Snap-frozen tissue",NA
"72","SRP064165","SRX1286350","Primary colorectal carcinoma","FFPE",NA
"73","SRP064165","SRX1286317","Primary colorectal carcinoma","FFPE","H3K4me2 (Millipore, 07-030)"
"74","SRP064165","SRX1286275","Primary breast cancer","FFPE","H3K4me2 (Millipore, 07-030)"
"75","SRP064165","SRX1286299","Primary colorectal carcinoma","Snap-frozen tissue","H3K4me2 (Millipore, 07-030)"
"76","SRP064165","SRX1286293","Primary colonic mucosa","Snap-frozen tissue","H3K4me2 (Millipore, 07-030)"
"77","SRP064165","SRX1286296","Primary colorectal carcinoma","Snap-frozen tissue","H3K4me2 (Millipore, 07-030)"
"78","SRP064165","SRX1286304","Primary colorectal carcinoma","Snap-frozen tissue","H3K4me2 (Millipore, 07-030)"
"79","SRP064165","SRX1286335","Primary bladder cancer","FFPE",NA
"80","SRP064165","SRX1286265","Primary bladder cancer","FFPE","H3K4me2 (Millipore, 07-030)"
"81","SRP064165","SRX1286271","Primary bladder cancer","FFPE","H3K4me2 (Millipore, 07-030)"
"82","SRP064165","SRX1286316","Primary colorectal carcinoma","Snap-frozen tissue","H3K4me2 (Millipore, 07-030)"
"83","SRP064165","SRX1286362","Primary colorectal carcinoma","FFPE",NA
"84","SRP064165","SRX1286327","MCF7-xenograft","Snap-frozen tissue","H3K4me2 (Millipore, 07-030)"
"85","SRP064165","SRX1286329","MCF7-xenograft","FFPE","H3K4me2 (Millipore, 07-030)"
"86","SRP064165","SRX1286268","Primary bladder cancer","FFPE","H3K4me2 (Millipore, 07-030)"
"87","SRP064165","SRX1286272","Primary bladder cancer","FFPE","H3K4me3 (Diagenode C15410003)"
"88","SRP064165","SRX1286278","Primary colonic mucosa","Snap-frozen tissue","H3K4me2 (Millipore, 07-030)"
"89","SRP064165","SRX1286361","Primary colorectal carcinoma","Snap-frozen tissue",NA
"90","SRP064165","SRX1286323","Primary colorectal carcinoma","Snap-frozen tissue","H3K4me2 (Millipore, 07-030)"
"91","SRP064165","SRX1286328","MCF7-xenograft","FFPE","H3K4me2 (Millipore, 07-030)"
"92","SRP064165","SRX1286290","Primary colorectal cancer","FFPE","H3K4me2 (Millipore, 07-030)"
"93","SRP064165","SRX1286266","Primary bladder cancer","FFPE","H3K4me2 (Millipore, 07-030)"
"94","SRP064165","SRX1286295","Primary colorectal carcinoma","FFPE","H3K4me2 (Millipore, 07-030)"
"95","SRP064165","SRX1286313","Primary colorectal carcinoma","Snap-frozen tissue","H3K4me2 (Millipore, 07-030)"
"96","SRP064165","SRX1286320","Primary colorectal carcinoma","FFPE","H3K4me3 (Diagenode C15410003)"
"97","SRP064165","SRX1286360","Primary colorectal carcinoma","FFPE",NA
"98","SRP064165","SRX1286330","Primary bladder cancer","FFPE","H3K4me2 (Millipore, 07-030)"
"99","SRP064165","SRX1286285","Primary colorectal cancer","FFPE",NA
"100","SRP064165","SRX1286314","Primary colorectal carcinoma","FFPE","H3K4me2 (Millipore, 07-030)"
"101","SRP064165","SRX1286326","Seminoma","FFPE","H3K4me2 (Millipore, 07-030)"
"102","SRP064165","SRX1286354","Primary colorectal carcinoma","Snap-frozen tissue",NA
"103","SRP064165","SRX1286342","Primary colonic mucosa","Snap-frozen tissue",NA
"104","SRP064165","SRX1286300","Primary colorectal carcinoma","Snap-frozen tissue","H3K4me2 (Millipore, 07-030)"
"105","SRP064165","SRX1286352","Primary colorectal carcinoma","Snap-frozen tissue",NA
"106","SRP064165","SRX1286319","Primary colorectal carcinoma","FFPE","H3K36me3 (Abcam ab9050)"
"107","SRP064165","SRX1286353","Primary colorectal carcinoma","Snap-frozen tissue",NA
"108","SRP064165","SRX1286368","Seminoma","FFPE",NA
"109","SRP064165","SRX1286306","Primary colorectal carcinoma","FFPE",NA
