"","study.accession","experiment.accession","source_name","sex","average.age","smoking.status","packyears","lung.cancer"
"1","SRP008813","SRX100647","Large airway epithelial cells","1 Male, 2 Female","41.7","3 Current","21.5","3 No"
"2","SRP008813","SRX100649","Large airway epithelial cells","2 Male, 1 Female","64.7","2 Former, 1 Current","75.7","3 Yes"
"3","SRP008813","SRX100648","Large airway epithelial cells","1 Male, 2 Female","49","2 Former, 1 Current","49.5","3 No"
"4","SRP008813","SRX100646","Large airway epithelial cells","3 Female","29.7","3 Never",NA,"3 No"
