"","study.accession","experiment.accession","source_name","biomaterial_provider","cell.line","passages","cell.type"
"1","SRP061425","SRX1115711","DU145_empty_vector","ATCC Number: HTB-81","DU145","five to six","prostate cancer"
"2","SRP061425","SRX1115715","DU145_empty_vector_DY131","ATCC Number: HTB-81","DU145","five to six","prostate cancer"
"3","SRP061425","SRX1115712","DU145_Esrrb","ATCC Number: HTB-81","DU145","five to six","prostate cancer"
"4","SRP061425","SRX1115714","DU145_empty_vector_DY131","ATCC Number: HTB-81","DU145","five to six","prostate cancer"
"5","SRP061425","SRX1115716","DU145_Esrrb_DY131","ATCC Number: HTB-81","DU145","five to six","prostate cancer"
"6","SRP061425","SRX1115710","DU145_empty_vector","ATCC Number: HTB-81","DU145","five to six","prostate cancer"
"7","SRP061425","SRX1115713","DU145_Esrrb","ATCC Number: HTB-81","DU145","five to six","prostate cancer"
"8","SRP061425","SRX1115717","DU145_Esrrb_DY131","ATCC Number: HTB-81","DU145","five to six","prostate cancer"
