"","study.accession","experiment.accession","source_name","disease.genotype","source.cell.type","cell.subtype","time.point","cell.type","genotype"
"1","SRP042597","SRX556320","WT-derived MSCs intermediate","wildtype","patient-derived iPSCs","mesenchymal stem cells (MSCs) intermediate","day 7 of osteoblast differentiation treatment",NA,NA
"2","SRP042597","SRX556322","WT-derived osteoblast","wildtype","patient-derived iPSCs","osteoblast","day 17 of osteoblast differentiation treatment",NA,NA
"3","SRP042597","SRX556315","LFS-derived MSCs","Li-Fraumeni Syndrome (LFS) patient","patient-derived iPSCs","mesenchymal stem cells (MSCs)","day 0 of osteoblast differentiation treatment",NA,NA
"4","SRP042597","SRX556318","LFS-derived osteoblast","Li-Fraumeni Syndrome (LFS) patient","patient-derived iPSCs","osteoblast","day 17 of osteoblast differentiation treatment",NA,NA
"5","SRP042597","SRX981355","induced pluripotent stem cell derived mesenchymal stem cell",NA,NA,NA,NA,"tumor tissue isolated from Nude mice","Li-Fraumeni Syndrome patient"
"6","SRP042597","SRX556312","LFS-derived MSCs intermediate","Li-Fraumeni Syndrome (LFS) patient","patient-derived iPSCs","mesenchymal stem cells (MSCs) intermediate","day 7 of osteoblast differentiation treatment",NA,NA
"7","SRP042597","SRX556313","LFS-derived MSCs intermediate","Li-Fraumeni Syndrome (LFS) patient","patient-derived iPSCs","mesenchymal stem cells (MSCs) intermediate","day 14 of osteoblast differentiation treatment",NA,NA
"8","SRP042597","SRX556319","WT-derived MSCs","wildtype","patient-derived iPSCs","mesenchymal stem cells (MSCs)","day 0 of osteoblast differentiation treatment",NA,NA
"9","SRP042597","SRX556317","LFS-derived MSCs intermediate","Li-Fraumeni Syndrome (LFS) patient","patient-derived iPSCs","mesenchymal stem cells (MSCs) intermediate","day 14 of osteoblast differentiation treatment",NA,NA
"10","SRP042597","SRX556321","WT-derived MSCs intermediate","wildtype","patient-derived iPSCs","mesenchymal stem cells (MSCs) intermediate","day 14 of osteoblast differentiation treatment",NA,NA
"11","SRP042597","SRX981354","induced pluripotent stem cell derived mesenchymal stem cell",NA,NA,NA,NA,"tumor tissue isolated from Nude mice","Li-Fraumeni Syndrome patient"
"12","SRP042597","SRX556311","LFS-derived MSCs","Li-Fraumeni Syndrome (LFS) patient","patient-derived iPSCs","mesenchymal stem cells (MSCs)","day 0 of osteoblast differentiation treatment",NA,NA
"13","SRP042597","SRX556314","LFS-derived osteoblast","Li-Fraumeni Syndrome (LFS) patient","patient-derived iPSCs","osteoblast","day 17 of osteoblast differentiation treatment",NA,NA
"14","SRP042597","SRX556316","LFS-derived MSCs intermediate","Li-Fraumeni Syndrome (LFS) patient","patient-derived iPSCs","mesenchymal stem cells (MSCs) intermediate","day 7 of osteoblast differentiation treatment",NA,NA
