"","study.accession","experiment.accession","source_name","cell.line","disease.state"
"1","SRP033250","SRX381533","Normal breast cell line","MCF10A","Normal breast"
"2","SRP033250","SRX381536","breast cancer cell line","MDA-MB-231","breast cancer"
"3","SRP033250","SRX381537","breast cancer cell line","MDA-MB-468","breast cancer"
"4","SRP033250","SRX381532","breast cancer cell line","BT-474","breast cancer"
"5","SRP033250","SRX381539","breast cancer cell line","ZR-75-1","breast cancer"
"6","SRP033250","SRX381534","breast cancer cell line","BT-20","breast cancer"
"7","SRP033250","SRX381535","breast cancer cell line","MCF7","breast cancer"
"8","SRP033250","SRX381538","breast cancer cell line","T47D","breast cancer"
