"","study.accession","experiment.accession","source_name","cell.line"
"1","SRP061972","SRX1131825","MonoMac-1","MonoMac-1 leukemia cell line"
"2","SRP061972","SRX1131825","MonoMac-1","MonoMac-1 leukemia cell line"
"3","SRP061972","SRX1131822","HL60","HL60 leukemia cell line"
"4","SRP061972","SRX1131825","MonoMac-1","MonoMac-1 leukemia cell line"
"5","SRP061972","SRX1131823","KG1a","KG1a leukemia cell line"
"6","SRP061972","SRX1131825","MonoMac-1","MonoMac-1 leukemia cell line"
"7","SRP061972","SRX1131824","Thp1_tr","THP-1 leukemia cell line"
"8","SRP061972","SRX1131825","MonoMac-1","MonoMac-1 leukemia cell line"
"9","SRP061972","SRX1131825","MonoMac-1","MonoMac-1 leukemia cell line"
