"","study.accession","experiment.accession","source_name","cell.line","treatment"
"1","SRP042303","SRX554353","MDA-MB-231 breast cancer cell line","MDA-MB-231 breast cancer cell line","SET siRNA-48hr"
"2","SRP042303","SRX554354","MDA-MB-231 breast cancer cell line","MDA-MB-231 breast cancer cell line","CIP2A siRNA"
"3","SRP042303","SRX554352","MDA-MB-231 breast cancer cell line","MDA-MB-231 breast cancer cell line","control siRNA-48hr"
"4","SRP042303","SRX554355","MDA-MB-231 breast cancer cell line","MDA-MB-231 breast cancer cell line","PBS control-12hr"
"5","SRP042303","SRX554356","MDA-MB-231 breast cancer cell line","MDA-MB-231 breast cancer cell line","1<U+03BC>MOP449-12hr"
