"","study.accession","experiment.accession","source_name","cell.line","cell.line.description","agent"
"1","SRP049171","SRX738350","TMR cells cultured in medium with vehicle control.","TamR subline","Tamoxifen-resistant cell line","vehicle control"
"2","SRP049171","SRX738349","MCF-7 cells cultured in the presence of 4-hydroxytamoxifen (1 uM).","MCF-7 breast adenocarcinoma cell line","Parental cell line","4-hydroxytamoxifen"
"3","SRP049171","SRX738348","MCF-7 cells cultured in medium with vehicle control.","MCF-7 breast adenocarcinoma cell line","Parental cell line","vehicle control"
"4","SRP049171","SRX738351","TMR cells cultured in the presence of 4-hydroxytamoxifen (1 uM).","TamR subline","Tamoxifen-resistant cell line","4-hydroxytamoxifen"
