"","study.accession","experiment.accession","source_name","cell.line","photoactivatable.ribonucleoside.and.crosslinking.wavelength","antibody","immunoprecipitated.protein"
"1","SRP008216","SRX097117","primary effusion lymphoma cell line BC-3","BC-3","4-SU / 365 nm","Millipore anti-Ago2 clone 9E8.2","Ago2 (EIF2C2)"
"2","SRP008216","SRX097115","primary effusion lymphoma cell line BC-1","BC-1","4-SU / 365 nm","Millipore anti-Ago2 clone 9E8.2","Ago2 (EIF2C2)"
"3","SRP008216","SRX097114","primary effusion lymphoma cell line BC-3","BC-3",NA,NA,NA
"4","SRP008216","SRX097113","primary effusion lymphoma cell line BC-1","BC-1",NA,NA,NA
"5","SRP008216","SRX097118","primary effusion lymphoma cell line BC-3","BC-3","4-SU / 365 nm","Millipore anti-Ago2 clone 9E8.2","Ago2 (EIF2C2)"
"6","SRP008216","SRX097116","primary effusion lymphoma cell line BC-1","BC-1","4-SU / 365 nm","Millipore anti-Ago2 clone 9E8.2","Ago2 (EIF2C2)"
