"","study.accession","experiment.accession","isolate","age","biomaterial_provider","sex","tissue","cell_line","BioSampleModel"
"1","SRP043021","SRX578423","HCT116","1 month","Alexandra G. Evstafieva","male","colon","HCT116","Human"
"2","SRP043021","SRX578702","HCT116","1 month","Alexandra G. Evstafieva","male","colon","HCT116","Human"
"3","SRP043021","SRX578422","HCT116","1 day","Alexandra G. Evstafieva","male","colon","HCT116","Human"
"4","SRP043021","SRX578424","HCT116","1 month","Alexandra G. Evstafieva","male","colon","HCT116","Human"
"5","SRP043021","SRX578028","Human cell line HCT116","1 day","Alexandra G. Evstafieva","male","colon","HCT116","Human"
"6","SRP043021","SRX578702","HCT116","1 month","Alexandra G. Evstafieva","male","colon","HCT116","Human"
"7","SRP043021","SRX578391","HCT116","1 month","Alexandra G. Evstafieva","male","human cell line HCT116","HCT116","Human"
"8","SRP043021","SRX578391","HCT116","1 month","Alexandra G. Evstafieva","male","human cell line HCT116","HCT116","Human"
"9","SRP043021","SRX578423","HCT116","1 month","Alexandra G. Evstafieva","male","colon","HCT116","Human"
"10","SRP043021","SRX578028","Human cell line HCT116","1 day","Alexandra G. Evstafieva","male","colon","HCT116","Human"
"11","SRP043021","SRX578424","HCT116","1 month","Alexandra G. Evstafieva","male","colon","HCT116","Human"
"12","SRP043021","SRX578422","HCT116","1 day","Alexandra G. Evstafieva","male","colon","HCT116","Human"
