"","study.accession","experiment.accession","isolate","age","biomaterial_provider","sex","tissue","BioSampleModel"
"1","SRP061255","SRX1099887","Chronic nasopharyngitis patiient from south China","33","Department of Otorhinolaryngology-Head and Neck Surgery, Nanfang Hospital, Southern Medical University","male","Chronic nasopharyngitis","Human"
"2","SRP061255","SRX1099875","Nasopharyngeal carcinoma patiient from south China","45","Department of Otorhinolaryngology-Head and Neck Surgery, Nanfang Hospital, Southern Medical University","male","nasopharyngeal carcinoma","Human"
"3","SRP061255","SRX1099881","Chronic nasopharyngitis patiient from south China","51","Department of Otorhinolaryngology-Head and Neck Surgery, Nanfang Hospital, Southern Medical University","male","Chronic nasopharyngitis","Human"
"4","SRP061255","SRX1099870","Nasopharyngeal carcinoma patiient from south China","49","Department of Otorhinolaryngology-Head and Neck Surgery, Nanfang Hospital, Southern Medical University","male","NPC","Human"
"5","SRP061255","SRX1099880","Chronic nasopharyngitis patiient from south China","32","Department of Otorhinolaryngology-Head and Neck Surgery, Nanfang Hospital, Southern Medical University","male","Chronic nasopharyngitis","Human"
"6","SRP061255","SRX1099888","Chronic nasopharyngitis patiient from south China","37","Department of Otorhinolaryngology-Head and Neck Surgery, Nanfang Hospital, Southern Medical University","male","Chronic nasopharyngitis","Human"
"7","SRP061255","SRX1099866","Nasopharyngeal carcinoma patiient from south China","40","Department of Otorhinolaryngology-Head and Neck Surgery, Nanfang Hospital, Southern Medical University","male","nasopharyngeal carcinoma","Human"
"8","SRP061255","SRX1099867","Nasopharyngeal carcinoma patiient from south China","45","Department of Otorhinolaryngology-Head and Neck Surgery, Nanfang Hospital, Southern Medical University","male","NPC","Human"
"9","SRP061255","SRX1099884","Chronic nasopharyngitis patiient from south China","57","Department of Otorhinolaryngology-Head and Neck Surgery, Nanfang Hospital, Southern Medical University","male","Chronic nasopharyngitis","Human"
"10","SRP061255","SRX1099885","Chronic nasopharyngitis patiient from south China","47","Department of Otorhinolaryngology-Head and Neck Surgery, Nanfang Hospital, Southern Medical University","female","Chronic nasopharyngitis","Human"
"11","SRP061255","SRX1099879","Chronic nasopharyngitis patiient from south China","33","Department of Otorhinolaryngology-Head and Neck Surgery, Nanfang Hospital, Southern Medical University","female","Chronic nasopharyngitis","Human"
"12","SRP061255","SRX1099854","Nasopharyngeal carcinoma patiient from south China","51","Department of Otorhinolaryngology-Head and Neck Surgery, Nanfang Hospital, Southern Medical University","female","nasopharyngeal carcinoma","Human"
"13","SRP061255","SRX1099874","Nasopharyngeal carcinoma patiient from south China","58","Department of Otorhinolaryngology-Head and Neck Surgery, Nanfang Hospital, Southern Medical University","male","nasopharyngeal carcinoma","Human"
"14","SRP061255","SRX1099872","Nasopharyngeal carcinoma patiient from south China","49","Department of Otorhinolaryngology-Head and Neck Surgery, Nanfang Hospital, Southern Medical University","male","nasopharyngeal carcinoma","Human"
"15","SRP061255","SRX1099871","Nasopharyngeal carcinoma patiient from south China","51","Department of Otorhinolaryngology-Head and Neck Surgery, Nanfang Hospital, Southern Medical University","male","nasopharyngeal carcinoma","Human"
"16","SRP061255","SRX1099878","Chronic nasopharyngitis patiient from south China","40","Department of Otorhinolaryngology-Head and Neck Surgery, Nanfang Hospital, Southern Medical University","male","Chronic nasopharyngitis","Human"
"17","SRP061255","SRX1099877","Nasopharyngeal carcinoma patiient from south China","54","Department of Otorhinolaryngology-Head and Neck Surgery, Nanfang Hospital, Southern Medical University","male","nasopharyngeal carcinoma","Human"
"18","SRP061255","SRX1099873","Nasopharyngeal carcinoma patiient from south China","60","Department of Otorhinolaryngology-Head and Neck Surgery, Nanfang Hospital, Southern Medical University","male","nasopharyngeal carcinoma","Human"
"19","SRP061255","SRX1099860","Nasopharyngeal carcinoma patiient from south China","38","Department of Otorhinolaryngology-Head and Neck Surgery, Nanfang Hospital, Southern Medical University","female","nasopharyngeal carcinoma","Human"
"20","SRP061255","SRX1099869","Nasopharyngeal carcinoma patiient from south China","53","Department of Otorhinolaryngology-Head and Neck Surgery, Nanfang Hospital, Southern Medical University","female","nasopharyngeal carcinoma","Human"
