"","study.accession","experiment.accession","source_name","patient.id","cell.type","subtype","cell.line"
"1","SRP042161","SRX549512","Single cell mRNA-seq_MGH30","MGH30","Glioblastoma",NA,NA
"2","SRP042161","SRX549285","Single cell mRNA-seq_MGH26","MGH26","Glioblastoma","Cla",NA
"3","SRP042161","SRX549912","Single cell mRNA-seq_CSC8",NA,"Gliomasphere Cell Line",NA,"CSC8"
"4","SRP042161","SRX549728","Single cell mRNA-seq_MGH30","MGH30","Glioblastoma",NA,NA
"5","SRP042161","SRX549748","Single cell mRNA-seq_MGH30","MGH30","Glioblastoma",NA,NA
"6","SRP042161","SRX549733","Single cell mRNA-seq_MGH30","MGH30","Glioblastoma",NA,NA
"7","SRP042161","SRX549317","Single cell mRNA-seq_MGH28","MGH28","Glioblastoma","Mes",NA
"8","SRP042161","SRX549719","Single cell mRNA-seq_MGH30","MGH30","Glioblastoma",NA,NA
"9","SRP042161","SRX549680","Single cell mRNA-seq_MGH31","MGH31","Glioblastoma","Pro",NA
"10","SRP042161","SRX549505","Single cell mRNA-seq_MGH30","MGH30","Glioblastoma",NA,NA
"11","SRP042161","SRX549527","Single cell mRNA-seq_MGH30","MGH30","Glioblastoma","None",NA
"12","SRP042161","SRX549471","Single cell mRNA-seq_MGH29","MGH29","Glioblastoma","Neu",NA
"13","SRP042161","SRX549351","Single cell mRNA-seq_MGH28","MGH28","Glioblastoma","None",NA
"14","SRP042161","SRX549963","Single cell mRNA-seq_CSC8",NA,"Gliomasphere Cell Line",NA,"CSC8"
"15","SRP042161","SRX549938","Single cell mRNA-seq_CSC8",NA,"Gliomasphere Cell Line",NA,"CSC8"
"16","SRP042161","SRX549699","Single cell mRNA-seq_MGH30","MGH30","Glioblastoma",NA,NA
"17","SRP042161","SRX549259","Single cell mRNA-seq_MGH26","MGH26","Glioblastoma","Pro",NA
"18","SRP042161","SRX549707","Single cell mRNA-seq_MGH30","MGH30","Glioblastoma",NA,NA
"19","SRP042161","SRX549929","Single cell mRNA-seq_CSC8",NA,"Gliomasphere Cell Line",NA,"CSC8"
"20","SRP042161","SRX549691","Single cell mRNA-seq_MGH30","MGH30","Glioblastoma",NA,NA
"21","SRP042161","SRX549842","Single cell mRNA-seq_CSC6",NA,"Gliomasphere Cell Line",NA,"CSC6"
"22","SRP042161","SRX549481","Single cell mRNA-seq_MGH29","MGH29","Glioblastoma","Neu",NA
"23","SRP042161","SRX549829","Single cell mRNA-seq_CSC6",NA,"Gliomasphere Cell Line",NA,"CSC6"
"24","SRP042161","SRX549315","Single cell mRNA-seq_MGH28","MGH28","Glioblastoma","None",NA
"25","SRP042161","SRX549762","Single cell mRNA-seq_MGH30","MGH30","Glioblastoma",NA,NA
"26","SRP042161","SRX549603","Single cell mRNA-seq_MGH31","MGH31","Glioblastoma","None",NA
"27","SRP042161","SRX549170","Single cell mRNA-seq_MGH26","MGH26","Glioblastoma","Pro",NA
"28","SRP042161","SRX549353","Single cell mRNA-seq_MGH28","MGH28","Glioblastoma","None",NA
"29","SRP042161","SRX549953","Single cell mRNA-seq_CSC8",NA,"Gliomasphere Cell Line",NA,"CSC8"
"30","SRP042161","SRX549150","Single cell mRNA-seq_MGH26","MGH26","Glioblastoma",NA,NA
"31","SRP042161","SRX549743","Single cell mRNA-seq_MGH30","MGH30","Glioblastoma",NA,NA
"32","SRP042161","SRX549374","Single cell mRNA-seq_MGH28","MGH28","Glioblastoma","None",NA
"33","SRP042161","SRX549888","Single cell mRNA-seq_CSC8",NA,"Gliomasphere Cell Line",NA,"CSC8"
"34","SRP042161","SRX549778","Single cell mRNA-seq_CSC6",NA,"Gliomasphere Cell Line",NA,"CSC6"
"35","SRP042161","SRX549569","Single cell mRNA-seq_MGH30","MGH30","Glioblastoma","Cla",NA
"36","SRP042161","SRX549274","Single cell mRNA-seq_MGH26","MGH26","Glioblastoma","Cla",NA
"37","SRP042161","SRX549602","Single cell mRNA-seq_MGH31","MGH31","Glioblastoma","None",NA
"38","SRP042161","SRX549832","Single cell mRNA-seq_CSC6",NA,"Gliomasphere Cell Line",NA,"CSC6"
"39","SRP042161","SRX549923","Single cell mRNA-seq_CSC8",NA,"Gliomasphere Cell Line",NA,"CSC8"
"40","SRP042161","SRX549781","Single cell mRNA-seq_CSC6",NA,"Gliomasphere Cell Line",NA,"CSC6"
"41","SRP042161","SRX549300","Single cell mRNA-seq_MGH28","MGH28","Glioblastoma","None",NA
"42","SRP042161","SRX549318","Single cell mRNA-seq_MGH28","MGH28","Glioblastoma","Pro",NA
"43","SRP042161","SRX549226","Single cell mRNA-seq_MGH26","MGH26","Glioblastoma","None",NA
"44","SRP042161","SRX549858","Single cell mRNA-seq_CSC6",NA,"Gliomasphere Cell Line",NA,"CSC6"
"45","SRP042161","SRX549500","Single cell mRNA-seq_MGH30","MGH30","Glioblastoma","None",NA
"46","SRP042161","SRX549558","Single cell mRNA-seq_MGH30","MGH30","Glioblastoma","Pro",NA
"47","SRP042161","SRX549498","Single cell mRNA-seq_MGH30","MGH30","Glioblastoma","Cla",NA
"48","SRP042161","SRX549662","Single cell mRNA-seq_MGH31","MGH31","Glioblastoma","None",NA
"49","SRP042161","SRX549895","Single cell mRNA-seq_CSC8",NA,"Gliomasphere Cell Line",NA,"CSC8"
"50","SRP042161","SRX549236","Single cell mRNA-seq_MGH26","MGH26","Glioblastoma",NA,NA
"51","SRP042161","SRX549381","Single cell mRNA-seq_MGH28","MGH28","Glioblastoma","Mes",NA
"52","SRP042161","SRX549890","Single cell mRNA-seq_CSC8",NA,"Gliomasphere Cell Line",NA,"CSC8"
"53","SRP042161","SRX549264","Single cell mRNA-seq_MGH26","MGH26","Glioblastoma","Pro",NA
"54","SRP042161","SRX549810","Single cell mRNA-seq_CSC6",NA,"Gliomasphere Cell Line",NA,"CSC6"
"55","SRP042161","SRX549267","Single cell mRNA-seq_MGH26","MGH26","Glioblastoma",NA,NA
"56","SRP042161","SRX549256","Single cell mRNA-seq_MGH26","MGH26","Glioblastoma",NA,NA
"57","SRP042161","SRX549132","Single cell mRNA-seq_MGH26","MGH26","Glioblastoma","Pro+Cla",NA
"58","SRP042161","SRX549632","Single cell mRNA-seq_MGH31","MGH31","Glioblastoma","Mes",NA
"59","SRP042161","SRX549765","Single cell mRNA-seq_MGH30","MGH30","Glioblastoma",NA,NA
"60","SRP042161","SRX549597","Single cell mRNA-seq_MGH31","MGH31","Glioblastoma",NA,NA
"61","SRP042161","SRX549932","Single cell mRNA-seq_CSC8",NA,"Gliomasphere Cell Line",NA,"CSC8"
"62","SRP042161","SRX549210","Single cell mRNA-seq_MGH26","MGH26","Glioblastoma",NA,NA
"63","SRP042161","SRX549513","Single cell mRNA-seq_MGH30","MGH30","Glioblastoma","None",NA
"64","SRP042161","SRX549312","Single cell mRNA-seq_MGH28","MGH28","Glioblastoma","Mes",NA
"65","SRP042161","SRX549794","Single cell mRNA-seq_CSC6",NA,"Gliomasphere Cell Line",NA,"CSC6"
"66","SRP042161","SRX549400","Single cell mRNA-seq_MGH29","MGH29","Glioblastoma","Neu+Mes",NA
"67","SRP042161","SRX549883","Single cell mRNA-seq_CSC8",NA,"Gliomasphere Cell Line",NA,"CSC8"
"68","SRP042161","SRX549372","Single cell mRNA-seq_MGH28","MGH28","Glioblastoma","Mes",NA
"69","SRP042161","SRX549570","Single cell mRNA-seq_MGH30","MGH30","Glioblastoma","None",NA
"70","SRP042161","SRX549625","Single cell mRNA-seq_MGH31","MGH31","Glioblastoma",NA,NA
"71","SRP042161","SRX549326","Single cell mRNA-seq_MGH28","MGH28","Glioblastoma","Mes",NA
"72","SRP042161","SRX549919","Single cell mRNA-seq_CSC8",NA,"Gliomasphere Cell Line",NA,"CSC8"
"73","SRP042161","SRX549424","Single cell mRNA-seq_MGH29","MGH29","Glioblastoma","None",NA
"74","SRP042161","SRX549433","Single cell mRNA-seq_MGH29","MGH29","Glioblastoma","None",NA
"75","SRP042161","SRX549466","Single cell mRNA-seq_MGH29","MGH29","Glioblastoma",NA,NA
"76","SRP042161","SRX549686","Single cell mRNA-seq_MGH30","MGH30","Glioblastoma",NA,NA
"77","SRP042161","SRX549723","Single cell mRNA-seq_MGH30","MGH30","Glioblastoma",NA,NA
"78","SRP042161","SRX549911","Single cell mRNA-seq_CSC8",NA,"Gliomasphere Cell Line",NA,"CSC8"
"79","SRP042161","SRX549559","Single cell mRNA-seq_MGH30","MGH30","Glioblastoma","Mes",NA
"80","SRP042161","SRX549243","Single cell mRNA-seq_MGH26","MGH26","Glioblastoma",NA,NA
"81","SRP042161","SRX549329","Single cell mRNA-seq_MGH28","MGH28","Glioblastoma","Mes",NA
"82","SRP042161","SRX549711","Single cell mRNA-seq_MGH30","MGH30","Glioblastoma",NA,NA
"83","SRP042161","SRX549899","Single cell mRNA-seq_CSC8",NA,"Gliomasphere Cell Line",NA,"CSC8"
"84","SRP042161","SRX549163","Single cell mRNA-seq_MGH26","MGH26","Glioblastoma","Pro",NA
"85","SRP042161","SRX549124","Single cell mRNA-seq_MGH26","MGH26","Glioblastoma",NA,NA
"86","SRP042161","SRX549826","Single cell mRNA-seq_CSC6",NA,"Gliomasphere Cell Line",NA,"CSC6"
"87","SRP042161","SRX549692","Single cell mRNA-seq_MGH30","MGH30","Glioblastoma",NA,NA
"88","SRP042161","SRX549354","Single cell mRNA-seq_MGH28","MGH28","Glioblastoma","None",NA
"89","SRP042161","SRX549175","Single cell mRNA-seq_MGH26","MGH26","Glioblastoma","Pro+Cla",NA
"90","SRP042161","SRX549448","Single cell mRNA-seq_MGH29","MGH29","Glioblastoma","None",NA
"91","SRP042161","SRX549599","Single cell mRNA-seq_MGH31","MGH31","Glioblastoma","None",NA
"92","SRP042161","SRX549969","Single cell mRNA-seq_CSC8",NA,"Gliomasphere Cell Line",NA,"CSC8"
"93","SRP042161","SRX549233","Single cell mRNA-seq_MGH26","MGH26","Glioblastoma","Cla",NA
"94","SRP042161","SRX549732","Single cell mRNA-seq_MGH30","MGH30","Glioblastoma",NA,NA
"95","SRP042161","SRX549382","Single cell mRNA-seq_MGH28","MGH28","Glioblastoma","Mes",NA
"96","SRP042161","SRX549886","Single cell mRNA-seq_CSC8",NA,"Gliomasphere Cell Line",NA,"CSC8"
"97","SRP042161","SRX549848","Single cell mRNA-seq_CSC6",NA,"Gliomasphere Cell Line",NA,"CSC6"
"98","SRP042161","SRX549474","Single cell mRNA-seq_MGH29","MGH29","Glioblastoma","Mes",NA
"99","SRP042161","SRX549270","Single cell mRNA-seq_MGH26","MGH26","Glioblastoma","Pro",NA
"100","SRP042161","SRX549147","Single cell mRNA-seq_MGH26","MGH26","Glioblastoma","Neu",NA
"101","SRP042161","SRX549941","Single cell mRNA-seq_CSC8",NA,"Gliomasphere Cell Line",NA,"CSC8"
"102","SRP042161","SRX549208","Single cell mRNA-seq_MGH26","MGH26","Glioblastoma","Pro",NA
"103","SRP042161","SRX549352","Single cell mRNA-seq_MGH28","MGH28","Glioblastoma","Cla+Mes",NA
"104","SRP042161","SRX549790","Single cell mRNA-seq_CSC6",NA,"Gliomasphere Cell Line",NA,"CSC6"
"105","SRP042161","SRX549913","Single cell mRNA-seq_CSC8",NA,"Gliomasphere Cell Line",NA,"CSC8"
"106","SRP042161","SRX549272","Single cell mRNA-seq_MGH26","MGH26","Glioblastoma",NA,NA
"107","SRP042161","SRX549304","Single cell mRNA-seq_MGH28","MGH28","Glioblastoma","Mes",NA
"108","SRP042161","SRX549775","Single cell mRNA-seq_MGH30","MGH30","Glioblastoma",NA,NA
"109","SRP042161","SRX549907","Single cell mRNA-seq_CSC8",NA,"Gliomasphere Cell Line",NA,"CSC8"
"110","SRP042161","SRX549678","Single cell mRNA-seq_MGH31","MGH31","Glioblastoma","None",NA
"111","SRP042161","SRX549823","Single cell mRNA-seq_CSC6",NA,"Gliomasphere Cell Line",NA,"CSC6"
"112","SRP042161","SRX549850","Single cell mRNA-seq_CSC6",NA,"Gliomasphere Cell Line",NA,"CSC6"
"113","SRP042161","SRX549915","Single cell mRNA-seq_CSC8",NA,"Gliomasphere Cell Line",NA,"CSC8"
"114","SRP042161","SRX549837","Single cell mRNA-seq_CSC6",NA,"Gliomasphere Cell Line",NA,"CSC6"
"115","SRP042161","SRX549924","Single cell mRNA-seq_CSC8",NA,"Gliomasphere Cell Line",NA,"CSC8"
"116","SRP042161","SRX549756","Single cell mRNA-seq_MGH30","MGH30","Glioblastoma",NA,NA
"117","SRP042161","SRX549276","Single cell mRNA-seq_MGH26","MGH26","Glioblastoma","Pro",NA
"118","SRP042161","SRX549499","Single cell mRNA-seq_MGH30","MGH30","Glioblastoma",NA,NA
"119","SRP042161","SRX549715","Single cell mRNA-seq_MGH30","MGH30","Glioblastoma",NA,NA
"120","SRP042161","SRX549377","Single cell mRNA-seq_MGH28","MGH28","Glioblastoma","Pro",NA
"121","SRP042161","SRX549113","Single cell mRNA-seq_MGH26","MGH26","Glioblastoma","Pro",NA
"122","SRP042161","SRX549931","Single cell mRNA-seq_CSC8",NA,"Gliomasphere Cell Line",NA,"CSC8"
"123","SRP042161","SRX549654","Single cell mRNA-seq_MGH31","MGH31","Glioblastoma","Mes",NA
"124","SRP042161","SRX549916","Single cell mRNA-seq_CSC8",NA,"Gliomasphere Cell Line",NA,"CSC8"
"125","SRP042161","SRX549209","Single cell mRNA-seq_MGH26","MGH26","Glioblastoma","Pro",NA
"126","SRP042161","SRX549141","Single cell mRNA-seq_MGH26","MGH26","Glioblastoma","Pro+Cla",NA
"127","SRP042161","SRX549891","Single cell mRNA-seq_CSC8",NA,"Gliomasphere Cell Line",NA,"CSC8"
"128","SRP042161","SRX549933","Single cell mRNA-seq_CSC8",NA,"Gliomasphere Cell Line",NA,"CSC8"
"129","SRP042161","SRX549446","Single cell mRNA-seq_MGH29","MGH29","Glioblastoma","None",NA
"130","SRP042161","SRX549501","Single cell mRNA-seq_MGH30","MGH30","Glioblastoma","None",NA
"131","SRP042161","SRX549971","Population mRNA-seq_MGH28","MGH28","Glioblastoma","Mes",NA
"132","SRP042161","SRX549766","Single cell mRNA-seq_MGH30","MGH30","Glioblastoma",NA,NA
"133","SRP042161","SRX549976","Population mRNA-seq_MGH28",NA,"Gliomasphere Cell Line",NA,"MGH28"
"134","SRP042161","SRX549483","Single cell mRNA-seq_MGH29","MGH29","Glioblastoma","Neu",NA
"135","SRP042161","SRX549331","Single cell mRNA-seq_MGH28","MGH28","Glioblastoma","Mes",NA
"136","SRP042161","SRX549301","Single cell mRNA-seq_MGH28","MGH28","Glioblastoma","Pro",NA
"137","SRP042161","SRX549385","Single cell mRNA-seq_MGH28","MGH28","Glioblastoma","Mes",NA
"138","SRP042161","SRX549407","Single cell mRNA-seq_MGH29","MGH29","Glioblastoma","Neu+Mes",NA
"139","SRP042161","SRX549278","Single cell mRNA-seq_MGH26","MGH26","Glioblastoma",NA,NA
"140","SRP042161","SRX549631","Single cell mRNA-seq_MGH31","MGH31","Glioblastoma","None",NA
"141","SRP042161","SRX549153","Single cell mRNA-seq_MGH26","MGH26","Glioblastoma",NA,NA
"142","SRP042161","SRX549484","Single cell mRNA-seq_MGH29","MGH29","Glioblastoma","Neu",NA
"143","SRP042161","SRX549657","Single cell mRNA-seq_MGH31","MGH31","Glioblastoma","None",NA
"144","SRP042161","SRX549541","Single cell mRNA-seq_MGH30","MGH30","Glioblastoma",NA,NA
"145","SRP042161","SRX549942","Single cell mRNA-seq_CSC8",NA,"Gliomasphere Cell Line",NA,"CSC8"
"146","SRP042161","SRX549188","Single cell mRNA-seq_MGH26","MGH26","Glioblastoma","None",NA
"147","SRP042161","SRX549543","Single cell mRNA-seq_MGH30","MGH30","Glioblastoma",NA,NA
"148","SRP042161","SRX549873","Single cell mRNA-seq_CSC6",NA,"Gliomasphere Cell Line",NA,"CSC6"
"149","SRP042161","SRX549754","Single cell mRNA-seq_MGH30","MGH30","Glioblastoma",NA,NA
"150","SRP042161","SRX549405","Single cell mRNA-seq_MGH29","MGH29","Glioblastoma","Neu+Mes",NA
"151","SRP042161","SRX549783","Single cell mRNA-seq_CSC6",NA,"Gliomasphere Cell Line",NA,"CSC6"
"152","SRP042161","SRX549843","Single cell mRNA-seq_CSC6",NA,"Gliomasphere Cell Line",NA,"CSC6"
"153","SRP042161","SRX549589","Single cell mRNA-seq_MGH31","MGH31","Glioblastoma","None",NA
"154","SRP042161","SRX549346","Single cell mRNA-seq_MGH28","MGH28","Glioblastoma","None",NA
"155","SRP042161","SRX549813","Single cell mRNA-seq_CSC6",NA,"Gliomasphere Cell Line",NA,"CSC6"
"156","SRP042161","SRX549633","Single cell mRNA-seq_MGH31","MGH31","Glioblastoma","None",NA
"157","SRP042161","SRX549972","Population mRNA-seq_MGH29","MGH29","Glioblastoma","Mes",NA
"158","SRP042161","SRX549885","Single cell mRNA-seq_CSC8",NA,"Gliomasphere Cell Line",NA,"CSC8"
"159","SRP042161","SRX549802","Single cell mRNA-seq_CSC6",NA,"Gliomasphere Cell Line",NA,"CSC6"
"160","SRP042161","SRX549739","Single cell mRNA-seq_MGH30","MGH30","Glioblastoma",NA,NA
"161","SRP042161","SRX549502","Single cell mRNA-seq_MGH30","MGH30","Glioblastoma",NA,NA
"162","SRP042161","SRX549129","Single cell mRNA-seq_MGH26","MGH26","Glioblastoma","Pro",NA
"163","SRP042161","SRX549689","Single cell mRNA-seq_MGH30","MGH30","Glioblastoma",NA,NA
"164","SRP042161","SRX549684","Single cell mRNA-seq_MGH30","MGH30","Glioblastoma",NA,NA
"165","SRP042161","SRX549126","Single cell mRNA-seq_MGH26","MGH26","Glioblastoma",NA,NA
"166","SRP042161","SRX549661","Single cell mRNA-seq_MGH31","MGH31","Glioblastoma",NA,NA
"167","SRP042161","SRX549386","Single cell mRNA-seq_MGH28","MGH28","Glioblastoma","Mes",NA
"168","SRP042161","SRX549884","Single cell mRNA-seq_CSC8",NA,"Gliomasphere Cell Line",NA,"CSC8"
"169","SRP042161","SRX549889","Single cell mRNA-seq_CSC8",NA,"Gliomasphere Cell Line",NA,"CSC8"
"170","SRP042161","SRX549198","Single cell mRNA-seq_MGH26","MGH26","Glioblastoma",NA,NA
"171","SRP042161","SRX549359","Single cell mRNA-seq_MGH28","MGH28","Glioblastoma","None",NA
"172","SRP042161","SRX549237","Single cell mRNA-seq_MGH26","MGH26","Glioblastoma","Pro",NA
"173","SRP042161","SRX549221","Single cell mRNA-seq_MGH26","MGH26","Glioblastoma",NA,NA
"174","SRP042161","SRX549596","Single cell mRNA-seq_MGH31","MGH31","Glioblastoma","Mes",NA
"175","SRP042161","SRX549470","Single cell mRNA-seq_MGH29","MGH29","Glioblastoma",NA,NA
"176","SRP042161","SRX549795","Single cell mRNA-seq_CSC6",NA,"Gliomasphere Cell Line",NA,"CSC6"
"177","SRP042161","SRX549690","Single cell mRNA-seq_MGH30","MGH30","Glioblastoma",NA,NA
"178","SRP042161","SRX549548","Single cell mRNA-seq_MGH30","MGH30","Glioblastoma","None",NA
"179","SRP042161","SRX549804","Single cell mRNA-seq_CSC6",NA,"Gliomasphere Cell Line",NA,"CSC6"
"180","SRP042161","SRX549411","Single cell mRNA-seq_MGH29","MGH29","Glioblastoma","Neu",NA
"181","SRP042161","SRX549213","Single cell mRNA-seq_MGH26","MGH26","Glioblastoma",NA,NA
"182","SRP042161","SRX549568","Single cell mRNA-seq_MGH30","MGH30","Glioblastoma","Pro+Cla",NA
"183","SRP042161","SRX549235","Single cell mRNA-seq_MGH26","MGH26","Glioblastoma",NA,NA
"184","SRP042161","SRX549135","Single cell mRNA-seq_MGH26","MGH26","Glioblastoma",NA,NA
"185","SRP042161","SRX549905","Single cell mRNA-seq_CSC8",NA,"Gliomasphere Cell Line",NA,"CSC8"
"186","SRP042161","SRX549960","Single cell mRNA-seq_CSC8",NA,"Gliomasphere Cell Line",NA,"CSC8"
"187","SRP042161","SRX549349","Single cell mRNA-seq_MGH28","MGH28","Glioblastoma","Neu+Mes",NA
"188","SRP042161","SRX549468","Single cell mRNA-seq_MGH29","MGH29","Glioblastoma","Neu+Mes",NA
"189","SRP042161","SRX549488","Single cell mRNA-seq_MGH29","MGH29","Glioblastoma","None",NA
"190","SRP042161","SRX549726","Single cell mRNA-seq_MGH30","MGH30","Glioblastoma",NA,NA
"191","SRP042161","SRX549547","Single cell mRNA-seq_MGH30","MGH30","Glioblastoma",NA,NA
"192","SRP042161","SRX549420","Single cell mRNA-seq_MGH29","MGH29","Glioblastoma","Neu",NA
"193","SRP042161","SRX549194","Single cell mRNA-seq_MGH26","MGH26","Glioblastoma","Pro",NA
"194","SRP042161","SRX549455","Single cell mRNA-seq_MGH29","MGH29","Glioblastoma","Mes",NA
"195","SRP042161","SRX549171","Single cell mRNA-seq_MGH26","MGH26","Glioblastoma",NA,NA
"196","SRP042161","SRX549303","Single cell mRNA-seq_MGH28","MGH28","Glioblastoma","None",NA
"197","SRP042161","SRX549356","Single cell mRNA-seq_MGH28","MGH28","Glioblastoma","Mes",NA
"198","SRP042161","SRX549866","Single cell mRNA-seq_CSC6",NA,"Gliomasphere Cell Line",NA,"CSC6"
"199","SRP042161","SRX549371","Single cell mRNA-seq_MGH28","MGH28","Glioblastoma","None",NA
"200","SRP042161","SRX549423","Single cell mRNA-seq_MGH29","MGH29","Glioblastoma",NA,NA
"201","SRP042161","SRX549222","Single cell mRNA-seq_MGH26","MGH26","Glioblastoma",NA,NA
"202","SRP042161","SRX549757","Single cell mRNA-seq_MGH30","MGH30","Glioblastoma",NA,NA
"203","SRP042161","SRX549266","Single cell mRNA-seq_MGH26","MGH26","Glioblastoma",NA,NA
"204","SRP042161","SRX549702","Single cell mRNA-seq_MGH30","MGH30","Glioblastoma",NA,NA
"205","SRP042161","SRX549903","Single cell mRNA-seq_CSC8",NA,"Gliomasphere Cell Line",NA,"CSC8"
"206","SRP042161","SRX549538","Single cell mRNA-seq_MGH30","MGH30","Glioblastoma","Cla",NA
"207","SRP042161","SRX549269","Single cell mRNA-seq_MGH26","MGH26","Glioblastoma",NA,NA
"208","SRP042161","SRX549647","Single cell mRNA-seq_MGH31","MGH31","Glioblastoma","Neu",NA
"209","SRP042161","SRX549816","Single cell mRNA-seq_CSC6",NA,"Gliomasphere Cell Line",NA,"CSC6"
"210","SRP042161","SRX549341","Single cell mRNA-seq_MGH28","MGH28","Glioblastoma","Mes",NA
"211","SRP042161","SRX549613","Single cell mRNA-seq_MGH31","MGH31","Glioblastoma","None",NA
"212","SRP042161","SRX549622","Single cell mRNA-seq_MGH31","MGH31","Glioblastoma","Pro",NA
"213","SRP042161","SRX549546","Single cell mRNA-seq_MGH30","MGH30","Glioblastoma","None",NA
"214","SRP042161","SRX549261","Single cell mRNA-seq_MGH26","MGH26","Glioblastoma","Pro",NA
"215","SRP042161","SRX549489","Single cell mRNA-seq_MGH29","MGH29","Glioblastoma","Mes",NA
"216","SRP042161","SRX549398","Single cell mRNA-seq_MGH29","MGH29","Glioblastoma","None",NA
"217","SRP042161","SRX549815","Single cell mRNA-seq_CSC6",NA,"Gliomasphere Cell Line",NA,"CSC6"
"218","SRP042161","SRX549461","Single cell mRNA-seq_MGH29","MGH29","Glioblastoma",NA,NA
"219","SRP042161","SRX549306","Single cell mRNA-seq_MGH28","MGH28","Glioblastoma","Cla+Mes",NA
"220","SRP042161","SRX549738","Single cell mRNA-seq_MGH30","MGH30","Glioblastoma",NA,NA
"221","SRP042161","SRX549791","Single cell mRNA-seq_CSC6",NA,"Gliomasphere Cell Line",NA,"CSC6"
"222","SRP042161","SRX549874","Single cell mRNA-seq_CSC8",NA,"Gliomasphere Cell Line",NA,"CSC8"
"223","SRP042161","SRX549621","Single cell mRNA-seq_MGH31","MGH31","Glioblastoma",NA,NA
"224","SRP042161","SRX549395","Single cell mRNA-seq_MGH29","MGH29","Glioblastoma","None",NA
"225","SRP042161","SRX549573","Single cell mRNA-seq_MGH30","MGH30","Glioblastoma",NA,NA
"226","SRP042161","SRX549145","Single cell mRNA-seq_MGH26","MGH26","Glioblastoma",NA,NA
"227","SRP042161","SRX549178","Single cell mRNA-seq_MGH26","MGH26","Glioblastoma","None",NA
"228","SRP042161","SRX549220","Single cell mRNA-seq_MGH26","MGH26","Glioblastoma",NA,NA
"229","SRP042161","SRX549618","Single cell mRNA-seq_MGH31","MGH31","Glioblastoma","Neu",NA
"230","SRP042161","SRX549855","Single cell mRNA-seq_CSC6",NA,"Gliomasphere Cell Line",NA,"CSC6"
"231","SRP042161","SRX549636","Single cell mRNA-seq_MGH31","MGH31","Glioblastoma","Neu",NA
"232","SRP042161","SRX549551","Single cell mRNA-seq_MGH30","MGH30","Glioblastoma","None",NA
"233","SRP042161","SRX549864","Single cell mRNA-seq_CSC6",NA,"Gliomasphere Cell Line",NA,"CSC6"
"234","SRP042161","SRX549600","Single cell mRNA-seq_MGH31","MGH31","Glioblastoma",NA,NA
"235","SRP042161","SRX549898","Single cell mRNA-seq_CSC8",NA,"Gliomasphere Cell Line",NA,"CSC8"
"236","SRP042161","SRX549761","Single cell mRNA-seq_MGH30","MGH30","Glioblastoma",NA,NA
"237","SRP042161","SRX549872","Single cell mRNA-seq_CSC6",NA,"Gliomasphere Cell Line",NA,"CSC6"
"238","SRP042161","SRX549397","Single cell mRNA-seq_MGH29","MGH29","Glioblastoma","Mes",NA
"239","SRP042161","SRX549586","Single cell mRNA-seq_MGH31","MGH31","Glioblastoma",NA,NA
"240","SRP042161","SRX549926","Single cell mRNA-seq_CSC8",NA,"Gliomasphere Cell Line",NA,"CSC8"
"241","SRP042161","SRX549265","Single cell mRNA-seq_MGH26","MGH26","Glioblastoma","Cla",NA
"242","SRP042161","SRX549187","Single cell mRNA-seq_MGH26","MGH26","Glioblastoma","Pro+Neu",NA
"243","SRP042161","SRX549561","Single cell mRNA-seq_MGH30","MGH30","Glioblastoma","Pro+Cla",NA
"244","SRP042161","SRX549944","Single cell mRNA-seq_CSC8",NA,"Gliomasphere Cell Line",NA,"CSC8"
"245","SRP042161","SRX549456","Single cell mRNA-seq_MGH29","MGH29","Glioblastoma","Mes",NA
"246","SRP042161","SRX549467","Single cell mRNA-seq_MGH29","MGH29","Glioblastoma",NA,NA
"247","SRP042161","SRX549190","Single cell mRNA-seq_MGH26","MGH26","Glioblastoma","Pro",NA
"248","SRP042161","SRX549119","Single cell mRNA-seq_MGH26","MGH26","Glioblastoma","Pro",NA
"249","SRP042161","SRX549308","Single cell mRNA-seq_MGH28","MGH28","Glioblastoma","None",NA
"250","SRP042161","SRX549780","Single cell mRNA-seq_CSC6",NA,"Gliomasphere Cell Line",NA,"CSC6"
"251","SRP042161","SRX549616","Single cell mRNA-seq_MGH31","MGH31","Glioblastoma","Neu",NA
"252","SRP042161","SRX549643","Single cell mRNA-seq_MGH31","MGH31","Glioblastoma",NA,NA
"253","SRP042161","SRX549835","Single cell mRNA-seq_CSC6",NA,"Gliomasphere Cell Line",NA,"CSC6"
"254","SRP042161","SRX549442","Single cell mRNA-seq_MGH29","MGH29","Glioblastoma","Mes",NA
"255","SRP042161","SRX549698","Single cell mRNA-seq_MGH30","MGH30","Glioblastoma",NA,NA
"256","SRP042161","SRX549408","Single cell mRNA-seq_MGH29","MGH29","Glioblastoma","Mes",NA
"257","SRP042161","SRX549107","Single cell mRNA-seq_MGH26","MGH26","Glioblastoma","Pro",NA
"258","SRP042161","SRX549260","Single cell mRNA-seq_MGH26","MGH26","Glioblastoma",NA,NA
"259","SRP042161","SRX549507","Single cell mRNA-seq_MGH30","MGH30","Glioblastoma","Cla",NA
"260","SRP042161","SRX549460","Single cell mRNA-seq_MGH29","MGH29","Glioblastoma",NA,NA
"261","SRP042161","SRX549434","Single cell mRNA-seq_MGH29","MGH29","Glioblastoma","Mes",NA
"262","SRP042161","SRX549121","Single cell mRNA-seq_MGH26","MGH26","Glioblastoma",NA,NA
"263","SRP042161","SRX549302","Single cell mRNA-seq_MGH28","MGH28","Glioblastoma","Mes",NA
"264","SRP042161","SRX549110","Single cell mRNA-seq_MGH26","MGH26","Glioblastoma","Pro+Cla",NA
"265","SRP042161","SRX549868","Single cell mRNA-seq_CSC6",NA,"Gliomasphere Cell Line",NA,"CSC6"
"266","SRP042161","SRX549651","Single cell mRNA-seq_MGH31","MGH31","Glioblastoma","None",NA
"267","SRP042161","SRX549720","Single cell mRNA-seq_MGH30","MGH30","Glioblastoma",NA,NA
"268","SRP042161","SRX549137","Single cell mRNA-seq_MGH26","MGH26","Glioblastoma",NA,NA
"269","SRP042161","SRX549588","Single cell mRNA-seq_MGH31","MGH31","Glioblastoma","None",NA
"270","SRP042161","SRX549530","Single cell mRNA-seq_MGH30","MGH30","Glioblastoma","Pro",NA
"271","SRP042161","SRX549769","Single cell mRNA-seq_MGH30","MGH30","Glioblastoma",NA,NA
"272","SRP042161","SRX549957","Single cell mRNA-seq_CSC8",NA,"Gliomasphere Cell Line",NA,"CSC8"
"273","SRP042161","SRX549609","Single cell mRNA-seq_MGH31","MGH31","Glioblastoma",NA,NA
"274","SRP042161","SRX549598","Single cell mRNA-seq_MGH31","MGH31","Glioblastoma","None",NA
"275","SRP042161","SRX549910","Single cell mRNA-seq_CSC8",NA,"Gliomasphere Cell Line",NA,"CSC8"
"276","SRP042161","SRX549747","Single cell mRNA-seq_MGH30","MGH30","Glioblastoma",NA,NA
"277","SRP042161","SRX549321","Single cell mRNA-seq_MGH28","MGH28","Glioblastoma","Pro",NA
"278","SRP042161","SRX549774","Single cell mRNA-seq_MGH30","MGH30","Glioblastoma",NA,NA
"279","SRP042161","SRX549936","Single cell mRNA-seq_CSC8",NA,"Gliomasphere Cell Line",NA,"CSC8"
"280","SRP042161","SRX549867","Single cell mRNA-seq_CSC6",NA,"Gliomasphere Cell Line",NA,"CSC6"
"281","SRP042161","SRX549893","Single cell mRNA-seq_CSC8",NA,"Gliomasphere Cell Line",NA,"CSC8"
"282","SRP042161","SRX549652","Single cell mRNA-seq_MGH31","MGH31","Glioblastoma","Neu",NA
"283","SRP042161","SRX549340","Single cell mRNA-seq_MGH28","MGH28","Glioblastoma","Mes",NA
"284","SRP042161","SRX549650","Single cell mRNA-seq_MGH31","MGH31","Glioblastoma",NA,NA
"285","SRP042161","SRX549262","Single cell mRNA-seq_MGH26","MGH26","Glioblastoma","Pro",NA
"286","SRP042161","SRX549803","Single cell mRNA-seq_CSC6",NA,"Gliomasphere Cell Line",NA,"CSC6"
"287","SRP042161","SRX549330","Single cell mRNA-seq_MGH28","MGH28","Glioblastoma","Mes",NA
"288","SRP042161","SRX549770","Single cell mRNA-seq_MGH30","MGH30","Glioblastoma",NA,NA
"289","SRP042161","SRX549649","Single cell mRNA-seq_MGH31","MGH31","Glioblastoma","None",NA
"290","SRP042161","SRX549298","Single cell mRNA-seq_MGH28","MGH28","Glioblastoma","Mes",NA
"291","SRP042161","SRX549362","Single cell mRNA-seq_MGH28","MGH28","Glioblastoma","Mes",NA
"292","SRP042161","SRX549410","Single cell mRNA-seq_MGH29","MGH29","Glioblastoma","Pro+Neu",NA
"293","SRP042161","SRX549384","Single cell mRNA-seq_MGH28","MGH28","Glioblastoma","Mes",NA
"294","SRP042161","SRX549299","Single cell mRNA-seq_MGH28","MGH28","Glioblastoma","Mes",NA
"295","SRP042161","SRX549673","Single cell mRNA-seq_MGH31","MGH31","Glioblastoma","None",NA
"296","SRP042161","SRX549271","Single cell mRNA-seq_MGH26","MGH26","Glioblastoma","Pro+Cla",NA
"297","SRP042161","SRX549378","Single cell mRNA-seq_MGH28","MGH28","Glioblastoma","Mes",NA
"298","SRP042161","SRX549851","Single cell mRNA-seq_CSC6",NA,"Gliomasphere Cell Line",NA,"CSC6"
"299","SRP042161","SRX549463","Single cell mRNA-seq_MGH29","MGH29","Glioblastoma","Mes",NA
"300","SRP042161","SRX549583","Single cell mRNA-seq_MGH30","MGH30","Glioblastoma","Cla",NA
"301","SRP042161","SRX549920","Single cell mRNA-seq_CSC8",NA,"Gliomasphere Cell Line",NA,"CSC8"
"302","SRP042161","SRX549958","Single cell mRNA-seq_CSC8",NA,"Gliomasphere Cell Line",NA,"CSC8"
"303","SRP042161","SRX549437","Single cell mRNA-seq_MGH29","MGH29","Glioblastoma","None",NA
"304","SRP042161","SRX549623","Single cell mRNA-seq_MGH31","MGH31","Glioblastoma","None",NA
"305","SRP042161","SRX549495","Single cell mRNA-seq_MGH30","MGH30","Glioblastoma","Cla",NA
"306","SRP042161","SRX549241","Single cell mRNA-seq_MGH26","MGH26","Glioblastoma","Pro",NA
"307","SRP042161","SRX549784","Single cell mRNA-seq_CSC6",NA,"Gliomasphere Cell Line",NA,"CSC6"
"308","SRP042161","SRX549441","Single cell mRNA-seq_MGH29","MGH29","Glioblastoma","Mes",NA
"309","SRP042161","SRX549676","Single cell mRNA-seq_MGH31","MGH31","Glioblastoma","None",NA
"310","SRP042161","SRX549191","Single cell mRNA-seq_MGH26","MGH26","Glioblastoma","Pro",NA
"311","SRP042161","SRX549109","Single cell mRNA-seq_MGH26","MGH26","Glioblastoma",NA,NA
"312","SRP042161","SRX549809","Single cell mRNA-seq_CSC6",NA,"Gliomasphere Cell Line",NA,"CSC6"
"313","SRP042161","SRX549892","Single cell mRNA-seq_CSC8",NA,"Gliomasphere Cell Line",NA,"CSC8"
"314","SRP042161","SRX549709","Single cell mRNA-seq_MGH30","MGH30","Glioblastoma",NA,NA
"315","SRP042161","SRX549156","Single cell mRNA-seq_MGH26","MGH26","Glioblastoma",NA,NA
"316","SRP042161","SRX549882","Single cell mRNA-seq_CSC8",NA,"Gliomasphere Cell Line",NA,"CSC8"
"317","SRP042161","SRX549342","Single cell mRNA-seq_MGH28","MGH28","Glioblastoma","None",NA
"318","SRP042161","SRX549390","Single cell mRNA-seq_MGH28","MGH28","Glioblastoma","Mes",NA
"319","SRP042161","SRX549839","Single cell mRNA-seq_CSC6",NA,"Gliomasphere Cell Line",NA,"CSC6"
"320","SRP042161","SRX549974","Population mRNA-seq_MGH31","MGH31","Glioblastoma","None",NA
"321","SRP042161","SRX549497","Single cell mRNA-seq_MGH30","MGH30","Glioblastoma","None",NA
"322","SRP042161","SRX549896","Single cell mRNA-seq_CSC8",NA,"Gliomasphere Cell Line",NA,"CSC8"
"323","SRP042161","SRX549322","Single cell mRNA-seq_MGH28","MGH28","Glioblastoma","None",NA
"324","SRP042161","SRX549758","Single cell mRNA-seq_MGH30","MGH30","Glioblastoma",NA,NA
"325","SRP042161","SRX549422","Single cell mRNA-seq_MGH29","MGH29","Glioblastoma",NA,NA
"326","SRP042161","SRX549387","Single cell mRNA-seq_MGH28","MGH28","Glioblastoma","Mes",NA
"327","SRP042161","SRX549768","Single cell mRNA-seq_MGH30","MGH30","Glioblastoma",NA,NA
"328","SRP042161","SRX549108","Single cell mRNA-seq_MGH26","MGH26","Glioblastoma","Pro+Cla",NA
"329","SRP042161","SRX549865","Single cell mRNA-seq_CSC6",NA,"Gliomasphere Cell Line",NA,"CSC6"
"330","SRP042161","SRX549185","Single cell mRNA-seq_MGH26","MGH26","Glioblastoma",NA,NA
"331","SRP042161","SRX549531","Single cell mRNA-seq_MGH30","MGH30","Glioblastoma","Cla",NA
"332","SRP042161","SRX549945","Single cell mRNA-seq_CSC8",NA,"Gliomasphere Cell Line",NA,"CSC8"
"333","SRP042161","SRX549703","Single cell mRNA-seq_MGH30","MGH30","Glioblastoma",NA,NA
"334","SRP042161","SRX549347","Single cell mRNA-seq_MGH28","MGH28","Glioblastoma","Mes",NA
"335","SRP042161","SRX549725","Single cell mRNA-seq_MGH30","MGH30","Glioblastoma",NA,NA
"336","SRP042161","SRX549667","Single cell mRNA-seq_MGH31","MGH31","Glioblastoma",NA,NA
"337","SRP042161","SRX549485","Single cell mRNA-seq_MGH29","MGH29","Glioblastoma","Neu",NA
"338","SRP042161","SRX549940","Single cell mRNA-seq_CSC8",NA,"Gliomasphere Cell Line",NA,"CSC8"
"339","SRP042161","SRX549412","Single cell mRNA-seq_MGH29","MGH29","Glioblastoma",NA,NA
"340","SRP042161","SRX549785","Single cell mRNA-seq_CSC6",NA,"Gliomasphere Cell Line",NA,"CSC6"
"341","SRP042161","SRX549581","Single cell mRNA-seq_MGH30","MGH30","Glioblastoma","Cla",NA
"342","SRP042161","SRX549140","Single cell mRNA-seq_MGH26","MGH26","Glioblastoma",NA,NA
"343","SRP042161","SRX549641","Single cell mRNA-seq_MGH31","MGH31","Glioblastoma","Mes",NA
"344","SRP042161","SRX549457","Single cell mRNA-seq_MGH29","MGH29","Glioblastoma","Mes",NA
"345","SRP042161","SRX549871","Single cell mRNA-seq_CSC6",NA,"Gliomasphere Cell Line",NA,"CSC6"
"346","SRP042161","SRX549477","Single cell mRNA-seq_MGH29","MGH29","Glioblastoma",NA,NA
"347","SRP042161","SRX549928","Single cell mRNA-seq_CSC8",NA,"Gliomasphere Cell Line",NA,"CSC8"
"348","SRP042161","SRX549526","Single cell mRNA-seq_MGH30","MGH30","Glioblastoma","None",NA
"349","SRP042161","SRX549523","Single cell mRNA-seq_MGH30","MGH30","Glioblastoma","Cla",NA
"350","SRP042161","SRX549979","Population mRNA-seq_MGH28",NA,"Differentiated Glioma Cell Line",NA,"MGH28"
"351","SRP042161","SRX549245","Single cell mRNA-seq_MGH26","MGH26","Glioblastoma","Pro",NA
"352","SRP042161","SRX549295","Single cell mRNA-seq_MGH26","MGH26","Glioblastoma","Pro",NA
"353","SRP042161","SRX549580","Single cell mRNA-seq_MGH30","MGH30","Glioblastoma","Mes",NA
"354","SRP042161","SRX549281","Single cell mRNA-seq_MGH26","MGH26","Glioblastoma","None",NA
"355","SRP042161","SRX549805","Single cell mRNA-seq_CSC6",NA,"Gliomasphere Cell Line",NA,"CSC6"
"356","SRP042161","SRX549184","Single cell mRNA-seq_MGH26","MGH26","Glioblastoma",NA,NA
"357","SRP042161","SRX549833","Single cell mRNA-seq_CSC6",NA,"Gliomasphere Cell Line",NA,"CSC6"
"358","SRP042161","SRX549706","Single cell mRNA-seq_MGH30","MGH30","Glioblastoma",NA,NA
"359","SRP042161","SRX549949","Single cell mRNA-seq_CSC8",NA,"Gliomasphere Cell Line",NA,"CSC8"
"360","SRP042161","SRX549591","Single cell mRNA-seq_MGH31","MGH31","Glioblastoma","Mes",NA
"361","SRP042161","SRX549694","Single cell mRNA-seq_MGH30","MGH30","Glioblastoma",NA,NA
"362","SRP042161","SRX549319","Single cell mRNA-seq_MGH28","MGH28","Glioblastoma","Mes",NA
"363","SRP042161","SRX549722","Single cell mRNA-seq_MGH30","MGH30","Glioblastoma",NA,NA
"364","SRP042161","SRX549606","Single cell mRNA-seq_MGH31","MGH31","Glioblastoma","None",NA
"365","SRP042161","SRX549814","Single cell mRNA-seq_CSC6",NA,"Gliomasphere Cell Line",NA,"CSC6"
"366","SRP042161","SRX549506","Single cell mRNA-seq_MGH30","MGH30","Glioblastoma","Cla",NA
"367","SRP042161","SRX549605","Single cell mRNA-seq_MGH31","MGH31","Glioblastoma","None",NA
"368","SRP042161","SRX549338","Single cell mRNA-seq_MGH28","MGH28","Glioblastoma","Mes",NA
"369","SRP042161","SRX549333","Single cell mRNA-seq_MGH28","MGH28","Glioblastoma","Mes",NA
"370","SRP042161","SRX549565","Single cell mRNA-seq_MGH30","MGH30","Glioblastoma","Mes",NA
"371","SRP042161","SRX549179","Single cell mRNA-seq_MGH26","MGH26","Glioblastoma","None",NA
"372","SRP042161","SRX549240","Single cell mRNA-seq_MGH26","MGH26","Glioblastoma","Pro",NA
"373","SRP042161","SRX549133","Single cell mRNA-seq_MGH26","MGH26","Glioblastoma",NA,NA
"374","SRP042161","SRX549669","Single cell mRNA-seq_MGH31","MGH31","Glioblastoma","Mes",NA
"375","SRP042161","SRX549392","Single cell mRNA-seq_MGH28","MGH28","Glioblastoma","None",NA
"376","SRP042161","SRX549273","Single cell mRNA-seq_MGH26","MGH26","Glioblastoma","Pro",NA
"377","SRP042161","SRX549403","Single cell mRNA-seq_MGH29","MGH29","Glioblastoma","None",NA
"378","SRP042161","SRX549515","Single cell mRNA-seq_MGH30","MGH30","Glioblastoma",NA,NA
"379","SRP042161","SRX549161","Single cell mRNA-seq_MGH26","MGH26","Glioblastoma","Pro",NA
"380","SRP042161","SRX549552","Single cell mRNA-seq_MGH30","MGH30","Glioblastoma","Cla",NA
"381","SRP042161","SRX549697","Single cell mRNA-seq_MGH30","MGH30","Glioblastoma",NA,NA
"382","SRP042161","SRX549818","Single cell mRNA-seq_CSC6",NA,"Gliomasphere Cell Line",NA,"CSC6"
"383","SRP042161","SRX549966","Single cell mRNA-seq_CSC8",NA,"Gliomasphere Cell Line",NA,"CSC8"
"384","SRP042161","SRX549369","Single cell mRNA-seq_MGH28","MGH28","Glioblastoma","Neu+Mes",NA
"385","SRP042161","SRX549414","Single cell mRNA-seq_MGH29","MGH29","Glioblastoma","Mes",NA
"386","SRP042161","SRX549793","Single cell mRNA-seq_CSC6",NA,"Gliomasphere Cell Line",NA,"CSC6"
"387","SRP042161","SRX549798","Single cell mRNA-seq_CSC6",NA,"Gliomasphere Cell Line",NA,"CSC6"
"388","SRP042161","SRX549509","Single cell mRNA-seq_MGH30","MGH30","Glioblastoma","Cla",NA
"389","SRP042161","SRX549127","Single cell mRNA-seq_MGH26","MGH26","Glioblastoma","None",NA
"390","SRP042161","SRX549634","Single cell mRNA-seq_MGH31","MGH31","Glioblastoma","Mes",NA
"391","SRP042161","SRX549539","Single cell mRNA-seq_MGH30","MGH30","Glioblastoma",NA,NA
"392","SRP042161","SRX549345","Single cell mRNA-seq_MGH28","MGH28","Glioblastoma","Neu+Mes",NA
"393","SRP042161","SRX549413","Single cell mRNA-seq_MGH29","MGH29","Glioblastoma","None",NA
"394","SRP042161","SRX549473","Single cell mRNA-seq_MGH29","MGH29","Glioblastoma","Mes",NA
"395","SRP042161","SRX549701","Single cell mRNA-seq_MGH30","MGH30","Glioblastoma",NA,NA
"396","SRP042161","SRX549406","Single cell mRNA-seq_MGH29","MGH29","Glioblastoma",NA,NA
"397","SRP042161","SRX549131","Single cell mRNA-seq_MGH26","MGH26","Glioblastoma",NA,NA
"398","SRP042161","SRX549491","Single cell mRNA-seq_MGH30","MGH30","Glioblastoma",NA,NA
"399","SRP042161","SRX549239","Single cell mRNA-seq_MGH26","MGH26","Glioblastoma","Pro",NA
"400","SRP042161","SRX549216","Single cell mRNA-seq_MGH26","MGH26","Glioblastoma","None",NA
"401","SRP042161","SRX549642","Single cell mRNA-seq_MGH31","MGH31","Glioblastoma","None",NA
"402","SRP042161","SRX549350","Single cell mRNA-seq_MGH28","MGH28","Glioblastoma","Mes",NA
"403","SRP042161","SRX549799","Single cell mRNA-seq_CSC6",NA,"Gliomasphere Cell Line",NA,"CSC6"
"404","SRP042161","SRX549426","Single cell mRNA-seq_MGH29","MGH29","Glioblastoma","None",NA
"405","SRP042161","SRX549930","Single cell mRNA-seq_CSC8",NA,"Gliomasphere Cell Line",NA,"CSC8"
"406","SRP042161","SRX549845","Single cell mRNA-seq_CSC6",NA,"Gliomasphere Cell Line",NA,"CSC6"
"407","SRP042161","SRX549571","Single cell mRNA-seq_MGH30","MGH30","Glioblastoma","Cla",NA
"408","SRP042161","SRX549136","Single cell mRNA-seq_MGH26","MGH26","Glioblastoma",NA,NA
"409","SRP042161","SRX549464","Single cell mRNA-seq_MGH29","MGH29","Glioblastoma","None",NA
"410","SRP042161","SRX549875","Single cell mRNA-seq_CSC8",NA,"Gliomasphere Cell Line",NA,"CSC8"
"411","SRP042161","SRX549574","Single cell mRNA-seq_MGH30","MGH30","Glioblastoma",NA,NA
"412","SRP042161","SRX549219","Single cell mRNA-seq_MGH26","MGH26","Glioblastoma","Pro",NA
"413","SRP042161","SRX549201","Single cell mRNA-seq_MGH26","MGH26","Glioblastoma","Pro",NA
"414","SRP042161","SRX549288","Single cell mRNA-seq_MGH26","MGH26","Glioblastoma","Pro+Cla",NA
"415","SRP042161","SRX549432","Single cell mRNA-seq_MGH29","MGH29","Glioblastoma","Neu",NA
"416","SRP042161","SRX549639","Single cell mRNA-seq_MGH31","MGH31","Glioblastoma",NA,NA
"417","SRP042161","SRX549409","Single cell mRNA-seq_MGH29","MGH29","Glioblastoma","None",NA
"418","SRP042161","SRX549927","Single cell mRNA-seq_CSC8",NA,"Gliomasphere Cell Line",NA,"CSC8"
"419","SRP042161","SRX549418","Single cell mRNA-seq_MGH29","MGH29","Glioblastoma","None",NA
"420","SRP042161","SRX549659","Single cell mRNA-seq_MGH31","MGH31","Glioblastoma","None",NA
"421","SRP042161","SRX549980","Population mRNA-seq_MGH31",NA,"Differentiated Glioma Cell Line",NA,"MGH31"
"422","SRP042161","SRX549670","Single cell mRNA-seq_MGH31","MGH31","Glioblastoma","Mes",NA
"423","SRP042161","SRX549223","Single cell mRNA-seq_MGH26","MGH26","Glioblastoma","Pro+Cla",NA
"424","SRP042161","SRX549879","Single cell mRNA-seq_CSC8",NA,"Gliomasphere Cell Line",NA,"CSC8"
"425","SRP042161","SRX549620","Single cell mRNA-seq_MGH31","MGH31","Glioblastoma","None",NA
"426","SRP042161","SRX549644","Single cell mRNA-seq_MGH31","MGH31","Glioblastoma",NA,NA
"427","SRP042161","SRX549635","Single cell mRNA-seq_MGH31","MGH31","Glioblastoma","None",NA
"428","SRP042161","SRX549177","Single cell mRNA-seq_MGH26","MGH26","Glioblastoma","Pro",NA
"429","SRP042161","SRX549682","Single cell mRNA-seq_MGH30","MGH30","Glioblastoma",NA,NA
"430","SRP042161","SRX549959","Single cell mRNA-seq_CSC8",NA,"Gliomasphere Cell Line",NA,"CSC8"
"431","SRP042161","SRX549458","Single cell mRNA-seq_MGH29","MGH29","Glioblastoma","Pro",NA
"432","SRP042161","SRX549965","Single cell mRNA-seq_CSC8",NA,"Gliomasphere Cell Line",NA,"CSC8"
"433","SRP042161","SRX549206","Single cell mRNA-seq_MGH26","MGH26","Glioblastoma","Pro",NA
"434","SRP042161","SRX549478","Single cell mRNA-seq_MGH29","MGH29","Glioblastoma","Neu",NA
"435","SRP042161","SRX549234","Single cell mRNA-seq_MGH26","MGH26","Glioblastoma",NA,NA
"436","SRP042161","SRX549827","Single cell mRNA-seq_CSC6",NA,"Gliomasphere Cell Line",NA,"CSC6"
"437","SRP042161","SRX549787","Single cell mRNA-seq_CSC6",NA,"Gliomasphere Cell Line",NA,"CSC6"
"438","SRP042161","SRX549510","Single cell mRNA-seq_MGH30","MGH30","Glioblastoma","None",NA
"439","SRP042161","SRX549663","Single cell mRNA-seq_MGH31","MGH31","Glioblastoma",NA,NA
"440","SRP042161","SRX549937","Single cell mRNA-seq_CSC8",NA,"Gliomasphere Cell Line",NA,"CSC8"
"441","SRP042161","SRX549294","Single cell mRNA-seq_MGH26","MGH26","Glioblastoma",NA,NA
"442","SRP042161","SRX549704","Single cell mRNA-seq_MGH30","MGH30","Glioblastoma",NA,NA
"443","SRP042161","SRX549503","Single cell mRNA-seq_MGH30","MGH30","Glioblastoma","None",NA
"444","SRP042161","SRX549130","Single cell mRNA-seq_MGH26","MGH26","Glioblastoma","Neu+Cla",NA
"445","SRP042161","SRX549800","Single cell mRNA-seq_CSC6",NA,"Gliomasphere Cell Line",NA,"CSC6"
"446","SRP042161","SRX549469","Single cell mRNA-seq_MGH29","MGH29","Glioblastoma","Mes",NA
"447","SRP042161","SRX549812","Single cell mRNA-seq_CSC6",NA,"Gliomasphere Cell Line",NA,"CSC6"
"448","SRP042161","SRX549376","Single cell mRNA-seq_MGH28","MGH28","Glioblastoma","Mes",NA
"449","SRP042161","SRX549419","Single cell mRNA-seq_MGH29","MGH29","Glioblastoma",NA,NA
"450","SRP042161","SRX549336","Single cell mRNA-seq_MGH28","MGH28","Glioblastoma","Mes",NA
"451","SRP042161","SRX549394","Single cell mRNA-seq_MGH29","MGH29","Glioblastoma","Neu+Mes",NA
"452","SRP042161","SRX549343","Single cell mRNA-seq_MGH28","MGH28","Glioblastoma","None",NA
"453","SRP042161","SRX549535","Single cell mRNA-seq_MGH30","MGH30","Glioblastoma","Cla",NA
"454","SRP042161","SRX549172","Single cell mRNA-seq_MGH26","MGH26","Glioblastoma",NA,NA
"455","SRP042161","SRX549846","Single cell mRNA-seq_CSC6",NA,"Gliomasphere Cell Line",NA,"CSC6"
"456","SRP042161","SRX549514","Single cell mRNA-seq_MGH30","MGH30","Glioblastoma","Pro+Cla",NA
"457","SRP042161","SRX549242","Single cell mRNA-seq_MGH26","MGH26","Glioblastoma","Pro",NA
"458","SRP042161","SRX549189","Single cell mRNA-seq_MGH26","MGH26","Glioblastoma","Cla",NA
"459","SRP042161","SRX549753","Single cell mRNA-seq_MGH30","MGH30","Glioblastoma",NA,NA
"460","SRP042161","SRX549555","Single cell mRNA-seq_MGH30","MGH30","Glioblastoma","Pro",NA
"461","SRP042161","SRX549978","Population mRNA-seq_MGH26",NA,"Differentiated Glioma Cell Line",NA,"MGH26"
"462","SRP042161","SRX549587","Single cell mRNA-seq_MGH31","MGH31","Glioblastoma","Mes",NA
"463","SRP042161","SRX549439","Single cell mRNA-seq_MGH29","MGH29","Glioblastoma","Neu+Mes",NA
"464","SRP042161","SRX549250","Single cell mRNA-seq_MGH26","MGH26","Glioblastoma","Pro",NA
"465","SRP042161","SRX549717","Single cell mRNA-seq_MGH30","MGH30","Glioblastoma",NA,NA
"466","SRP042161","SRX549773","Single cell mRNA-seq_MGH30","MGH30","Glioblastoma",NA,NA
"467","SRP042161","SRX549511","Single cell mRNA-seq_MGH30","MGH30","Glioblastoma","Neu",NA
"468","SRP042161","SRX549291","Single cell mRNA-seq_MGH26","MGH26","Glioblastoma",NA,NA
"469","SRP042161","SRX549363","Single cell mRNA-seq_MGH28","MGH28","Glioblastoma","Mes",NA
"470","SRP042161","SRX549977","Population mRNA-seq_MGH31",NA,"Gliomasphere Cell Line",NA,"MGH31"
"471","SRP042161","SRX549592","Single cell mRNA-seq_MGH31","MGH31","Glioblastoma","None",NA
"472","SRP042161","SRX549610","Single cell mRNA-seq_MGH31","MGH31","Glioblastoma",NA,NA
"473","SRP042161","SRX549742","Single cell mRNA-seq_MGH30","MGH30","Glioblastoma",NA,NA
"474","SRP042161","SRX549862","Single cell mRNA-seq_CSC6",NA,"Gliomasphere Cell Line",NA,"CSC6"
"475","SRP042161","SRX549956","Single cell mRNA-seq_CSC8",NA,"Gliomasphere Cell Line",NA,"CSC8"
"476","SRP042161","SRX549714","Single cell mRNA-seq_MGH30","MGH30","Glioblastoma",NA,NA
"477","SRP042161","SRX549672","Single cell mRNA-seq_MGH31","MGH31","Glioblastoma",NA,NA
"478","SRP042161","SRX549771","Single cell mRNA-seq_MGH30","MGH30","Glioblastoma",NA,NA
"479","SRP042161","SRX549486","Single cell mRNA-seq_MGH29","MGH29","Glioblastoma",NA,NA
"480","SRP042161","SRX549125","Single cell mRNA-seq_MGH26","MGH26","Glioblastoma",NA,NA
"481","SRP042161","SRX549967","Single cell mRNA-seq_CSC8",NA,"Gliomasphere Cell Line",NA,"CSC8"
"482","SRP042161","SRX549849","Single cell mRNA-seq_CSC6",NA,"Gliomasphere Cell Line",NA,"CSC6"
"483","SRP042161","SRX549776","Single cell mRNA-seq_MGH30","MGH30","Glioblastoma",NA,NA
"484","SRP042161","SRX549653","Single cell mRNA-seq_MGH31","MGH31","Glioblastoma","Mes",NA
"485","SRP042161","SRX549740","Single cell mRNA-seq_MGH30","MGH30","Glioblastoma",NA,NA
"486","SRP042161","SRX549157","Single cell mRNA-seq_MGH26","MGH26","Glioblastoma","Pro+Cla",NA
"487","SRP042161","SRX549251","Single cell mRNA-seq_MGH26","MGH26","Glioblastoma",NA,NA
"488","SRP042161","SRX549428","Single cell mRNA-seq_MGH29","MGH29","Glioblastoma","Mes",NA
"489","SRP042161","SRX549257","Single cell mRNA-seq_MGH26","MGH26","Glioblastoma","Pro",NA
"490","SRP042161","SRX549358","Single cell mRNA-seq_MGH28","MGH28","Glioblastoma","Neu+Mes",NA
"491","SRP042161","SRX549254","Single cell mRNA-seq_MGH26","MGH26","Glioblastoma","Pro",NA
"492","SRP042161","SRX549370","Single cell mRNA-seq_MGH28","MGH28","Glioblastoma","Mes",NA
"493","SRP042161","SRX549283","Single cell mRNA-seq_MGH26","MGH26","Glioblastoma","None",NA
"494","SRP042161","SRX549325","Single cell mRNA-seq_MGH28","MGH28","Glioblastoma","Cla+Mes",NA
"495","SRP042161","SRX549545","Single cell mRNA-seq_MGH30","MGH30","Glioblastoma","Cla",NA
"496","SRP042161","SRX549585","Single cell mRNA-seq_MGH30","MGH30","Glioblastoma","None",NA
"497","SRP042161","SRX549626","Single cell mRNA-seq_MGH31","MGH31","Glioblastoma","Cla",NA
"498","SRP042161","SRX549430","Single cell mRNA-seq_MGH29","MGH29","Glioblastoma",NA,NA
"499","SRP042161","SRX549575","Single cell mRNA-seq_MGH30","MGH30","Glioblastoma","Mes",NA
"500","SRP042161","SRX549554","Single cell mRNA-seq_MGH30","MGH30","Glioblastoma",NA,NA
"501","SRP042161","SRX549614","Single cell mRNA-seq_MGH31","MGH31","Glioblastoma","None",NA
"502","SRP042161","SRX549525","Single cell mRNA-seq_MGH30","MGH30","Glioblastoma","Cla",NA
"503","SRP042161","SRX549292","Single cell mRNA-seq_MGH26","MGH26","Glioblastoma",NA,NA
"504","SRP042161","SRX549232","Single cell mRNA-seq_MGH26","MGH26","Glioblastoma",NA,NA
"505","SRP042161","SRX549404","Single cell mRNA-seq_MGH29","MGH29","Glioblastoma","None",NA
"506","SRP042161","SRX549796","Single cell mRNA-seq_CSC6",NA,"Gliomasphere Cell Line",NA,"CSC6"
"507","SRP042161","SRX549524","Single cell mRNA-seq_MGH30","MGH30","Glioblastoma","Pro",NA
"508","SRP042161","SRX549268","Single cell mRNA-seq_MGH26","MGH26","Glioblastoma","Pro",NA
"509","SRP042161","SRX549759","Single cell mRNA-seq_MGH30","MGH30","Glioblastoma",NA,NA
"510","SRP042161","SRX549492","Single cell mRNA-seq_MGH30","MGH30","Glioblastoma",NA,NA
"511","SRP042161","SRX549687","Single cell mRNA-seq_MGH30","MGH30","Glioblastoma",NA,NA
"512","SRP042161","SRX549249","Single cell mRNA-seq_MGH26","MGH26","Glioblastoma","None",NA
"513","SRP042161","SRX549307","Single cell mRNA-seq_MGH28","MGH28","Glioblastoma","Mes",NA
"514","SRP042161","SRX549557","Single cell mRNA-seq_MGH30","MGH30","Glioblastoma","Cla+Mes",NA
"515","SRP042161","SRX549640","Single cell mRNA-seq_MGH31","MGH31","Glioblastoma",NA,NA
"516","SRP042161","SRX549863","Single cell mRNA-seq_CSC6",NA,"Gliomasphere Cell Line",NA,"CSC6"
"517","SRP042161","SRX549830","Single cell mRNA-seq_CSC6",NA,"Gliomasphere Cell Line",NA,"CSC6"
"518","SRP042161","SRX549146","Single cell mRNA-seq_MGH26","MGH26","Glioblastoma",NA,NA
"519","SRP042161","SRX549914","Single cell mRNA-seq_CSC8",NA,"Gliomasphere Cell Line",NA,"CSC8"
"520","SRP042161","SRX549475","Single cell mRNA-seq_MGH29","MGH29","Glioblastoma",NA,NA
"521","SRP042161","SRX549324","Single cell mRNA-seq_MGH28","MGH28","Glioblastoma","Mes",NA
"522","SRP042161","SRX549328","Single cell mRNA-seq_MGH28","MGH28","Glioblastoma","Mes",NA
"523","SRP042161","SRX549181","Single cell mRNA-seq_MGH26","MGH26","Glioblastoma",NA,NA
"524","SRP042161","SRX549584","Single cell mRNA-seq_MGH30","MGH30","Glioblastoma","Cla",NA
"525","SRP042161","SRX549148","Single cell mRNA-seq_MGH26","MGH26","Glioblastoma","Cla",NA
"526","SRP042161","SRX549947","Single cell mRNA-seq_CSC8",NA,"Gliomasphere Cell Line",NA,"CSC8"
"527","SRP042161","SRX549429","Single cell mRNA-seq_MGH29","MGH29","Glioblastoma","Neu+Mes",NA
"528","SRP042161","SRX549344","Single cell mRNA-seq_MGH28","MGH28","Glioblastoma","Mes",NA
"529","SRP042161","SRX549431","Single cell mRNA-seq_MGH29","MGH29","Glioblastoma","None",NA
"530","SRP042161","SRX549517","Single cell mRNA-seq_MGH30","MGH30","Glioblastoma",NA,NA
"531","SRP042161","SRX549695","Single cell mRNA-seq_MGH30","MGH30","Glioblastoma",NA,NA
"532","SRP042161","SRX549760","Single cell mRNA-seq_MGH30","MGH30","Glioblastoma",NA,NA
"533","SRP042161","SRX549755","Single cell mRNA-seq_MGH30","MGH30","Glioblastoma",NA,NA
"534","SRP042161","SRX549248","Single cell mRNA-seq_MGH26","MGH26","Glioblastoma",NA,NA
"535","SRP042161","SRX549918","Single cell mRNA-seq_CSC8",NA,"Gliomasphere Cell Line",NA,"CSC8"
"536","SRP042161","SRX549841","Single cell mRNA-seq_CSC6",NA,"Gliomasphere Cell Line",NA,"CSC6"
"537","SRP042161","SRX549425","Single cell mRNA-seq_MGH29","MGH29","Glioblastoma","Neu",NA
"538","SRP042161","SRX549313","Single cell mRNA-seq_MGH28","MGH28","Glioblastoma","Mes",NA
"539","SRP042161","SRX549225","Single cell mRNA-seq_MGH26","MGH26","Glioblastoma",NA,NA
"540","SRP042161","SRX549144","Single cell mRNA-seq_MGH26","MGH26","Glioblastoma","Pro",NA
"541","SRP042161","SRX549648","Single cell mRNA-seq_MGH31","MGH31","Glioblastoma","None",NA
"542","SRP042161","SRX549134","Single cell mRNA-seq_MGH26","MGH26","Glioblastoma","Pro+Neu",NA
"543","SRP042161","SRX549365","Single cell mRNA-seq_MGH28","MGH28","Glioblastoma","Pro",NA
"544","SRP042161","SRX549487","Single cell mRNA-seq_MGH29","MGH29","Glioblastoma","Mes",NA
"545","SRP042161","SRX549968","Single cell mRNA-seq_CSC8",NA,"Gliomasphere Cell Line",NA,"CSC8"
"546","SRP042161","SRX549946","Single cell mRNA-seq_CSC8",NA,"Gliomasphere Cell Line",NA,"CSC8"
"547","SRP042161","SRX549402","Single cell mRNA-seq_MGH29","MGH29","Glioblastoma",NA,NA
"548","SRP042161","SRX549375","Single cell mRNA-seq_MGH28","MGH28","Glioblastoma","Mes",NA
"549","SRP042161","SRX549255","Single cell mRNA-seq_MGH26","MGH26","Glioblastoma","Pro",NA
"550","SRP042161","SRX549417","Single cell mRNA-seq_MGH29","MGH29","Glioblastoma","Pro",NA
"551","SRP042161","SRX549364","Single cell mRNA-seq_MGH28","MGH28","Glioblastoma","None",NA
"552","SRP042161","SRX549750","Single cell mRNA-seq_MGH30","MGH30","Glioblastoma",NA,NA
"553","SRP042161","SRX549825","Single cell mRNA-seq_CSC6",NA,"Gliomasphere Cell Line",NA,"CSC6"
"554","SRP042161","SRX549577","Single cell mRNA-seq_MGH30","MGH30","Glioblastoma","None",NA
"555","SRP042161","SRX549480","Single cell mRNA-seq_MGH29","MGH29","Glioblastoma","Neu+Mes",NA
"556","SRP042161","SRX549399","Single cell mRNA-seq_MGH29","MGH29","Glioblastoma","None",NA
"557","SRP042161","SRX549164","Single cell mRNA-seq_MGH26","MGH26","Glioblastoma",NA,NA
"558","SRP042161","SRX549562","Single cell mRNA-seq_MGH30","MGH30","Glioblastoma","Pro",NA
"559","SRP042161","SRX549451","Single cell mRNA-seq_MGH29","MGH29","Glioblastoma",NA,NA
"560","SRP042161","SRX549230","Single cell mRNA-seq_MGH26","MGH26","Glioblastoma","Pro",NA
"561","SRP042161","SRX549922","Single cell mRNA-seq_CSC8",NA,"Gliomasphere Cell Line",NA,"CSC8"
"562","SRP042161","SRX549619","Single cell mRNA-seq_MGH31","MGH31","Glioblastoma","Pro",NA
"563","SRP042161","SRX549566","Single cell mRNA-seq_MGH30","MGH30","Glioblastoma","Pro+Cla",NA
"564","SRP042161","SRX549320","Single cell mRNA-seq_MGH28","MGH28","Glioblastoma","Mes",NA
"565","SRP042161","SRX549205","Single cell mRNA-seq_MGH26","MGH26","Glioblastoma","Pro",NA
"566","SRP042161","SRX549834","Single cell mRNA-seq_CSC6",NA,"Gliomasphere Cell Line",NA,"CSC6"
"567","SRP042161","SRX549788","Single cell mRNA-seq_CSC6",NA,"Gliomasphere Cell Line",NA,"CSC6"
"568","SRP042161","SRX549970","Population mRNA-seq_MGH26","MGH26","Glioblastoma","Pro",NA
"569","SRP042161","SRX549617","Single cell mRNA-seq_MGH31","MGH31","Glioblastoma",NA,NA
"570","SRP042161","SRX549961","Single cell mRNA-seq_CSC8",NA,"Gliomasphere Cell Line",NA,"CSC8"
"571","SRP042161","SRX549155","Single cell mRNA-seq_MGH26","MGH26","Glioblastoma","None",NA
"572","SRP042161","SRX549876","Single cell mRNA-seq_CSC8",NA,"Gliomasphere Cell Line",NA,"CSC8"
"573","SRP042161","SRX549637","Single cell mRNA-seq_MGH31","MGH31","Glioblastoma","None",NA
"574","SRP042161","SRX549700","Single cell mRNA-seq_MGH30","MGH30","Glioblastoma",NA,NA
"575","SRP042161","SRX549522","Single cell mRNA-seq_MGH30","MGH30","Glioblastoma","Pro+Neu",NA
"576","SRP042161","SRX549710","Single cell mRNA-seq_MGH30","MGH30","Glioblastoma",NA,NA
"577","SRP042161","SRX549435","Single cell mRNA-seq_MGH29","MGH29","Glioblastoma",NA,NA
"578","SRP042161","SRX549279","Single cell mRNA-seq_MGH26","MGH26","Glioblastoma","Pro",NA
"579","SRP042161","SRX549383","Single cell mRNA-seq_MGH28","MGH28","Glioblastoma","None",NA
"580","SRP042161","SRX549767","Single cell mRNA-seq_MGH30","MGH30","Glioblastoma",NA,NA
"581","SRP042161","SRX549683","Single cell mRNA-seq_MGH30","MGH30","Glioblastoma",NA,NA
"582","SRP042161","SRX549705","Single cell mRNA-seq_MGH30","MGH30","Glioblastoma",NA,NA
"583","SRP042161","SRX549203","Single cell mRNA-seq_MGH26","MGH26","Glioblastoma","Cla",NA
"584","SRP042161","SRX549675","Single cell mRNA-seq_MGH31","MGH31","Glioblastoma","Neu",NA
"585","SRP042161","SRX549196","Single cell mRNA-seq_MGH26","MGH26","Glioblastoma","Pro",NA
"586","SRP042161","SRX549955","Single cell mRNA-seq_CSC8",NA,"Gliomasphere Cell Line",NA,"CSC8"
"587","SRP042161","SRX549909","Single cell mRNA-seq_CSC8",NA,"Gliomasphere Cell Line",NA,"CSC8"
"588","SRP042161","SRX549440","Single cell mRNA-seq_MGH29","MGH29","Glioblastoma","None",NA
"589","SRP042161","SRX549952","Single cell mRNA-seq_CSC8",NA,"Gliomasphere Cell Line",NA,"CSC8"
"590","SRP042161","SRX549853","Single cell mRNA-seq_CSC6",NA,"Gliomasphere Cell Line",NA,"CSC6"
"591","SRP042161","SRX549154","Single cell mRNA-seq_MGH26","MGH26","Glioblastoma",NA,NA
"592","SRP042161","SRX549917","Single cell mRNA-seq_CSC8",NA,"Gliomasphere Cell Line",NA,"CSC8"
"593","SRP042161","SRX549939","Single cell mRNA-seq_CSC8",NA,"Gliomasphere Cell Line",NA,"CSC8"
"594","SRP042161","SRX549316","Single cell mRNA-seq_MGH28","MGH28","Glioblastoma","Mes",NA
"595","SRP042161","SRX549737","Single cell mRNA-seq_MGH30","MGH30","Glioblastoma",NA,NA
"596","SRP042161","SRX549615","Single cell mRNA-seq_MGH31","MGH31","Glioblastoma","Neu",NA
"597","SRP042161","SRX549508","Single cell mRNA-seq_MGH30","MGH30","Glioblastoma","Pro+Neu",NA
"598","SRP042161","SRX549122","Single cell mRNA-seq_MGH26","MGH26","Glioblastoma","Pro",NA
"599","SRP042161","SRX549820","Single cell mRNA-seq_CSC6",NA,"Gliomasphere Cell Line",NA,"CSC6"
"600","SRP042161","SRX549416","Single cell mRNA-seq_MGH29","MGH29","Glioblastoma",NA,NA
"601","SRP042161","SRX549224","Single cell mRNA-seq_MGH26","MGH26","Glioblastoma","Pro",NA
"602","SRP042161","SRX549556","Single cell mRNA-seq_MGH30","MGH30","Glioblastoma",NA,NA
"603","SRP042161","SRX549380","Single cell mRNA-seq_MGH28","MGH28","Glioblastoma","Mes",NA
"604","SRP042161","SRX549165","Single cell mRNA-seq_MGH26","MGH26","Glioblastoma","Cla",NA
"605","SRP042161","SRX549859","Single cell mRNA-seq_CSC6",NA,"Gliomasphere Cell Line",NA,"CSC6"
"606","SRP042161","SRX549576","Single cell mRNA-seq_MGH30","MGH30","Glioblastoma","Cla",NA
"607","SRP042161","SRX549792","Single cell mRNA-seq_CSC6",NA,"Gliomasphere Cell Line",NA,"CSC6"
"608","SRP042161","SRX549549","Single cell mRNA-seq_MGH30","MGH30","Glioblastoma","Cla",NA
"609","SRP042161","SRX549590","Single cell mRNA-seq_MGH31","MGH31","Glioblastoma","None",NA
"610","SRP042161","SRX549293","Single cell mRNA-seq_MGH26","MGH26","Glioblastoma","Pro",NA
"611","SRP042161","SRX549624","Single cell mRNA-seq_MGH31","MGH31","Glioblastoma",NA,NA
"612","SRP042161","SRX549120","Single cell mRNA-seq_MGH26","MGH26","Glioblastoma",NA,NA
"613","SRP042161","SRX549197","Single cell mRNA-seq_MGH26","MGH26","Glioblastoma","Pro",NA
"614","SRP042161","SRX549746","Single cell mRNA-seq_MGH30","MGH30","Glioblastoma",NA,NA
"615","SRP042161","SRX549666","Single cell mRNA-seq_MGH31","MGH31","Glioblastoma","Cla",NA
"616","SRP042161","SRX549950","Single cell mRNA-seq_CSC8",NA,"Gliomasphere Cell Line",NA,"CSC8"
"617","SRP042161","SRX549789","Single cell mRNA-seq_CSC6",NA,"Gliomasphere Cell Line",NA,"CSC6"
"618","SRP042161","SRX549601","Single cell mRNA-seq_MGH31","MGH31","Glioblastoma","None",NA
"619","SRP042161","SRX549193","Single cell mRNA-seq_MGH26","MGH26","Glioblastoma",NA,NA
"620","SRP042161","SRX549582","Single cell mRNA-seq_MGH30","MGH30","Glioblastoma","Cla",NA
"621","SRP042161","SRX549685","Single cell mRNA-seq_MGH30","MGH30","Glioblastoma",NA,NA
"622","SRP042161","SRX549244","Single cell mRNA-seq_MGH26","MGH26","Glioblastoma",NA,NA
"623","SRP042161","SRX549668","Single cell mRNA-seq_MGH31","MGH31","Glioblastoma",NA,NA
"624","SRP042161","SRX549158","Single cell mRNA-seq_MGH26","MGH26","Glioblastoma","Pro",NA
"625","SRP042161","SRX549534","Single cell mRNA-seq_MGH30","MGH30","Glioblastoma","None",NA
"626","SRP042161","SRX549252","Single cell mRNA-seq_MGH26","MGH26","Glioblastoma","Pro",NA
"627","SRP042161","SRX549493","Single cell mRNA-seq_MGH30","MGH30","Glioblastoma",NA,NA
"628","SRP042161","SRX549844","Single cell mRNA-seq_CSC6",NA,"Gliomasphere Cell Line",NA,"CSC6"
"629","SRP042161","SRX549693","Single cell mRNA-seq_MGH30","MGH30","Glioblastoma",NA,NA
"630","SRP042161","SRX549962","Single cell mRNA-seq_CSC8",NA,"Gliomasphere Cell Line",NA,"CSC8"
"631","SRP042161","SRX549218","Single cell mRNA-seq_MGH26","MGH26","Glioblastoma","Pro+Cla",NA
"632","SRP042161","SRX549656","Single cell mRNA-seq_MGH31","MGH31","Glioblastoma","None",NA
"633","SRP042161","SRX549908","Single cell mRNA-seq_CSC8",NA,"Gliomasphere Cell Line",NA,"CSC8"
"634","SRP042161","SRX549379","Single cell mRNA-seq_MGH28","MGH28","Glioblastoma","Neu+Mes",NA
"635","SRP042161","SRX549607","Single cell mRNA-seq_MGH31","MGH31","Glioblastoma","Neu",NA
"636","SRP042161","SRX549116","Single cell mRNA-seq_MGH26","MGH26","Glioblastoma",NA,NA
"637","SRP042161","SRX549831","Single cell mRNA-seq_CSC6",NA,"Gliomasphere Cell Line",NA,"CSC6"
"638","SRP042161","SRX549840","Single cell mRNA-seq_CSC6",NA,"Gliomasphere Cell Line",NA,"CSC6"
"639","SRP042161","SRX549277","Single cell mRNA-seq_MGH26","MGH26","Glioblastoma","Pro",NA
"640","SRP042161","SRX549857","Single cell mRNA-seq_CSC6",NA,"Gliomasphere Cell Line",NA,"CSC6"
"641","SRP042161","SRX549247","Single cell mRNA-seq_MGH26","MGH26","Glioblastoma","Pro",NA
"642","SRP042161","SRX549496","Single cell mRNA-seq_MGH30","MGH30","Glioblastoma","Cla",NA
"643","SRP042161","SRX549806","Single cell mRNA-seq_CSC6",NA,"Gliomasphere Cell Line",NA,"CSC6"
"644","SRP042161","SRX549443","Single cell mRNA-seq_MGH29","MGH29","Glioblastoma","Pro",NA
"645","SRP042161","SRX549173","Single cell mRNA-seq_MGH26","MGH26","Glioblastoma","Pro",NA
"646","SRP042161","SRX549297","Single cell mRNA-seq_MGH26","MGH26","Glioblastoma","Pro",NA
"647","SRP042161","SRX549836","Single cell mRNA-seq_CSC6",NA,"Gliomasphere Cell Line",NA,"CSC6"
"648","SRP042161","SRX549921","Single cell mRNA-seq_CSC8",NA,"Gliomasphere Cell Line",NA,"CSC8"
"649","SRP042161","SRX549730","Single cell mRNA-seq_MGH30","MGH30","Glioblastoma",NA,NA
"650","SRP042161","SRX549807","Single cell mRNA-seq_CSC6",NA,"Gliomasphere Cell Line",NA,"CSC6"
"651","SRP042161","SRX549139","Single cell mRNA-seq_MGH26","MGH26","Glioblastoma",NA,NA
"652","SRP042161","SRX549646","Single cell mRNA-seq_MGH31","MGH31","Glioblastoma",NA,NA
"653","SRP042161","SRX549367","Single cell mRNA-seq_MGH28","MGH28","Glioblastoma",NA,NA
"654","SRP042161","SRX549529","Single cell mRNA-seq_MGH30","MGH30","Glioblastoma","Cla",NA
"655","SRP042161","SRX549724","Single cell mRNA-seq_MGH30","MGH30","Glioblastoma",NA,NA
"656","SRP042161","SRX549852","Single cell mRNA-seq_CSC6",NA,"Gliomasphere Cell Line",NA,"CSC6"
"657","SRP042161","SRX549741","Single cell mRNA-seq_MGH30","MGH30","Glioblastoma",NA,NA
"658","SRP042161","SRX549797","Single cell mRNA-seq_CSC6",NA,"Gliomasphere Cell Line",NA,"CSC6"
"659","SRP042161","SRX549861","Single cell mRNA-seq_CSC6",NA,"Gliomasphere Cell Line",NA,"CSC6"
"660","SRP042161","SRX549238","Single cell mRNA-seq_MGH26","MGH26","Glioblastoma","Pro+Cla",NA
"661","SRP042161","SRX549786","Single cell mRNA-seq_CSC6",NA,"Gliomasphere Cell Line",NA,"CSC6"
"662","SRP042161","SRX549553","Single cell mRNA-seq_MGH30","MGH30","Glioblastoma",NA,NA
"663","SRP042161","SRX549504","Single cell mRNA-seq_MGH30","MGH30","Glioblastoma","Neu+Cla",NA
"664","SRP042161","SRX549334","Single cell mRNA-seq_MGH28","MGH28","Glioblastoma","Cla+Mes",NA
"665","SRP042161","SRX549745","Single cell mRNA-seq_MGH30","MGH30","Glioblastoma",NA,NA
"666","SRP042161","SRX549516","Single cell mRNA-seq_MGH30","MGH30","Glioblastoma",NA,NA
"667","SRP042161","SRX549518","Single cell mRNA-seq_MGH30","MGH30","Glioblastoma","Cla",NA
"668","SRP042161","SRX549540","Single cell mRNA-seq_MGH30","MGH30","Glioblastoma",NA,NA
"669","SRP042161","SRX549688","Single cell mRNA-seq_MGH30","MGH30","Glioblastoma",NA,NA
"670","SRP042161","SRX549611","Single cell mRNA-seq_MGH31","MGH31","Glioblastoma","None",NA
"671","SRP042161","SRX549537","Single cell mRNA-seq_MGH30","MGH30","Glioblastoma","Cla",NA
"672","SRP042161","SRX549479","Single cell mRNA-seq_MGH29","MGH29","Glioblastoma","Neu",NA
"673","SRP042161","SRX549296","Single cell mRNA-seq_MGH26","MGH26","Glioblastoma",NA,NA
"674","SRP042161","SRX549450","Single cell mRNA-seq_MGH29","MGH29","Glioblastoma","Mes",NA
"675","SRP042161","SRX549142","Single cell mRNA-seq_MGH26","MGH26","Glioblastoma","Pro+Cla",NA
"676","SRP042161","SRX549828","Single cell mRNA-seq_CSC6",NA,"Gliomasphere Cell Line",NA,"CSC6"
"677","SRP042161","SRX549751","Single cell mRNA-seq_MGH30","MGH30","Glioblastoma",NA,NA
"678","SRP042161","SRX549393","Single cell mRNA-seq_MGH28","MGH28","Glioblastoma","Neu+Mes",NA
"679","SRP042161","SRX549808","Single cell mRNA-seq_CSC6",NA,"Gliomasphere Cell Line",NA,"CSC6"
"680","SRP042161","SRX549594","Single cell mRNA-seq_MGH31","MGH31","Glioblastoma",NA,NA
"681","SRP042161","SRX549202","Single cell mRNA-seq_MGH26","MGH26","Glioblastoma","Pro",NA
"682","SRP042161","SRX549444","Single cell mRNA-seq_MGH29","MGH29","Glioblastoma","Mes",NA
"683","SRP042161","SRX549123","Single cell mRNA-seq_MGH26","MGH26","Glioblastoma","None",NA
"684","SRP042161","SRX549438","Single cell mRNA-seq_MGH29","MGH29","Glioblastoma","Neu+Mes",NA
"685","SRP042161","SRX549544","Single cell mRNA-seq_MGH30","MGH30","Glioblastoma","Pro",NA
"686","SRP042161","SRX549176","Single cell mRNA-seq_MGH26","MGH26","Glioblastoma","Pro",NA
"687","SRP042161","SRX549212","Single cell mRNA-seq_MGH26","MGH26","Glioblastoma","Pro",NA
"688","SRP042161","SRX549604","Single cell mRNA-seq_MGH31","MGH31","Glioblastoma","None",NA
"689","SRP042161","SRX549106","Single cell mRNA-seq_MGH26","MGH26","Glioblastoma",NA,NA
"690","SRP042161","SRX549459","Single cell mRNA-seq_MGH29","MGH29","Glioblastoma","Neu+Mes",NA
"691","SRP042161","SRX549195","Single cell mRNA-seq_MGH26","MGH26","Glioblastoma",NA,NA
"692","SRP042161","SRX549360","Single cell mRNA-seq_MGH28","MGH28","Glioblastoma","None",NA
"693","SRP042161","SRX549608","Single cell mRNA-seq_MGH31","MGH31","Glioblastoma",NA,NA
"694","SRP042161","SRX549355","Single cell mRNA-seq_MGH28","MGH28","Glioblastoma","Mes",NA
"695","SRP042161","SRX549563","Single cell mRNA-seq_MGH30","MGH30","Glioblastoma",NA,NA
"696","SRP042161","SRX549734","Single cell mRNA-seq_MGH30","MGH30","Glioblastoma",NA,NA
"697","SRP042161","SRX549227","Single cell mRNA-seq_MGH26","MGH26","Glioblastoma",NA,NA
"698","SRP042161","SRX549115","Single cell mRNA-seq_MGH26","MGH26","Glioblastoma",NA,NA
"699","SRP042161","SRX549869","Single cell mRNA-seq_CSC6",NA,"Gliomasphere Cell Line",NA,"CSC6"
"700","SRP042161","SRX549671","Single cell mRNA-seq_MGH31","MGH31","Glioblastoma","None",NA
"701","SRP042161","SRX549677","Single cell mRNA-seq_MGH31","MGH31","Glioblastoma","None",NA
"702","SRP042161","SRX549860","Single cell mRNA-seq_CSC6",NA,"Gliomasphere Cell Line",NA,"CSC6"
"703","SRP042161","SRX549951","Single cell mRNA-seq_CSC8",NA,"Gliomasphere Cell Line",NA,"CSC8"
"704","SRP042161","SRX549536","Single cell mRNA-seq_MGH30","MGH30","Glioblastoma","Mes",NA
"705","SRP042161","SRX549764","Single cell mRNA-seq_MGH30","MGH30","Glioblastoma",NA,NA
"706","SRP042161","SRX549595","Single cell mRNA-seq_MGH31","MGH31","Glioblastoma","None",NA
"707","SRP042161","SRX549627","Single cell mRNA-seq_MGH31","MGH31","Glioblastoma",NA,NA
"708","SRP042161","SRX549114","Single cell mRNA-seq_MGH26","MGH26","Glioblastoma","Pro",NA
"709","SRP042161","SRX549772","Single cell mRNA-seq_MGH30","MGH30","Glioblastoma",NA,NA
"710","SRP042161","SRX549880","Single cell mRNA-seq_CSC8",NA,"Gliomasphere Cell Line",NA,"CSC8"
"711","SRP042161","SRX549935","Single cell mRNA-seq_CSC8",NA,"Gliomasphere Cell Line",NA,"CSC8"
"712","SRP042161","SRX549612","Single cell mRNA-seq_MGH31","MGH31","Glioblastoma","None",NA
"713","SRP042161","SRX549744","Single cell mRNA-seq_MGH30","MGH30","Glioblastoma",NA,NA
"714","SRP042161","SRX549263","Single cell mRNA-seq_MGH26","MGH26","Glioblastoma","None",NA
"715","SRP042161","SRX549943","Single cell mRNA-seq_CSC8",NA,"Gliomasphere Cell Line",NA,"CSC8"
"716","SRP042161","SRX549445","Single cell mRNA-seq_MGH29","MGH29","Glioblastoma","Mes",NA
"717","SRP042161","SRX549167","Single cell mRNA-seq_MGH26","MGH26","Glioblastoma","Pro",NA
"718","SRP042161","SRX549200","Single cell mRNA-seq_MGH26","MGH26","Glioblastoma","None",NA
"719","SRP042161","SRX549228","Single cell mRNA-seq_MGH26","MGH26","Glioblastoma","Pro",NA
"720","SRP042161","SRX549821","Single cell mRNA-seq_CSC6",NA,"Gliomasphere Cell Line",NA,"CSC6"
"721","SRP042161","SRX549490","Single cell mRNA-seq_MGH30","MGH30","Glioblastoma","Cla",NA
"722","SRP042161","SRX549482","Single cell mRNA-seq_MGH29","MGH29","Glioblastoma","Mes",NA
"723","SRP042161","SRX549335","Single cell mRNA-seq_MGH28","MGH28","Glioblastoma",NA,NA
"724","SRP042161","SRX549567","Single cell mRNA-seq_MGH30","MGH30","Glioblastoma","Mes",NA
"725","SRP042161","SRX549314","Single cell mRNA-seq_MGH28","MGH28","Glioblastoma","Mes",NA
"726","SRP042161","SRX549207","Single cell mRNA-seq_MGH26","MGH26","Glioblastoma","Pro",NA
"727","SRP042161","SRX549192","Single cell mRNA-seq_MGH26","MGH26","Glioblastoma",NA,NA
"728","SRP042161","SRX549415","Single cell mRNA-seq_MGH29","MGH29","Glioblastoma","Neu+Mes",NA
"729","SRP042161","SRX549166","Single cell mRNA-seq_MGH26","MGH26","Glioblastoma",NA,NA
"730","SRP042161","SRX549900","Single cell mRNA-seq_CSC8",NA,"Gliomasphere Cell Line",NA,"CSC8"
"731","SRP042161","SRX549323","Single cell mRNA-seq_MGH28","MGH28","Glioblastoma","Neu+Mes",NA
"732","SRP042161","SRX549681","Single cell mRNA-seq_MGH31","MGH31","Glioblastoma","None",NA
"733","SRP042161","SRX549214","Single cell mRNA-seq_MGH26","MGH26","Glioblastoma","Pro",NA
"734","SRP042161","SRX549749","Single cell mRNA-seq_MGH30","MGH30","Glioblastoma",NA,NA
"735","SRP042161","SRX549638","Single cell mRNA-seq_MGH31","MGH31","Glioblastoma","Mes",NA
"736","SRP042161","SRX549217","Single cell mRNA-seq_MGH26","MGH26","Glioblastoma","Pro",NA
"737","SRP042161","SRX549389","Single cell mRNA-seq_MGH28","MGH28","Glioblastoma","Cla+Mes",NA
"738","SRP042161","SRX549168","Single cell mRNA-seq_MGH26","MGH26","Glioblastoma",NA,NA
"739","SRP042161","SRX549964","Single cell mRNA-seq_CSC8",NA,"Gliomasphere Cell Line",NA,"CSC8"
"740","SRP042161","SRX549811","Single cell mRNA-seq_CSC6",NA,"Gliomasphere Cell Line",NA,"CSC6"
"741","SRP042161","SRX549894","Single cell mRNA-seq_CSC8",NA,"Gliomasphere Cell Line",NA,"CSC8"
"742","SRP042161","SRX549731","Single cell mRNA-seq_MGH30","MGH30","Glioblastoma",NA,NA
"743","SRP042161","SRX549560","Single cell mRNA-seq_MGH30","MGH30","Glioblastoma","Cla",NA
"744","SRP042161","SRX549246","Single cell mRNA-seq_MGH26","MGH26","Glioblastoma","Pro",NA
"745","SRP042161","SRX549572","Single cell mRNA-seq_MGH30","MGH30","Glioblastoma","Cla",NA
"746","SRP042161","SRX549752","Single cell mRNA-seq_MGH30","MGH30","Glioblastoma",NA,NA
"747","SRP042161","SRX549149","Single cell mRNA-seq_MGH26","MGH26","Glioblastoma","None",NA
"748","SRP042161","SRX549718","Single cell mRNA-seq_MGH30","MGH30","Glioblastoma",NA,NA
"749","SRP042161","SRX549674","Single cell mRNA-seq_MGH31","MGH31","Glioblastoma","None",NA
"750","SRP042161","SRX549128","Single cell mRNA-seq_MGH26","MGH26","Glioblastoma",NA,NA
"751","SRP042161","SRX549897","Single cell mRNA-seq_CSC8",NA,"Gliomasphere Cell Line",NA,"CSC8"
"752","SRP042161","SRX549357","Single cell mRNA-seq_MGH28","MGH28","Glioblastoma","Cla",NA
"753","SRP042161","SRX549361","Single cell mRNA-seq_MGH28","MGH28","Glioblastoma","None",NA
"754","SRP042161","SRX549174","Single cell mRNA-seq_MGH26","MGH26","Glioblastoma","Pro",NA
"755","SRP042161","SRX549578","Single cell mRNA-seq_MGH30","MGH30","Glioblastoma","Cla",NA
"756","SRP042161","SRX549763","Single cell mRNA-seq_MGH30","MGH30","Glioblastoma",NA,NA
"757","SRP042161","SRX549713","Single cell mRNA-seq_MGH30","MGH30","Glioblastoma",NA,NA
"758","SRP042161","SRX549215","Single cell mRNA-seq_MGH26","MGH26","Glioblastoma","Pro+Cla",NA
"759","SRP042161","SRX549655","Single cell mRNA-seq_MGH31","MGH31","Glioblastoma","None",NA
"760","SRP042161","SRX549447","Single cell mRNA-seq_MGH29","MGH29","Glioblastoma","Mes",NA
"761","SRP042161","SRX549838","Single cell mRNA-seq_CSC6",NA,"Gliomasphere Cell Line",NA,"CSC6"
"762","SRP042161","SRX549327","Single cell mRNA-seq_MGH28","MGH28","Glioblastoma","Mes",NA
"763","SRP042161","SRX549542","Single cell mRNA-seq_MGH30","MGH30","Glioblastoma","Pro+Cla",NA
"764","SRP042161","SRX549801","Single cell mRNA-seq_CSC6",NA,"Gliomasphere Cell Line",NA,"CSC6"
"765","SRP042161","SRX549396","Single cell mRNA-seq_MGH29","MGH29","Glioblastoma","Neu",NA
"766","SRP042161","SRX549777","Single cell mRNA-seq_MGH30","MGH30","Glioblastoma",NA,NA
"767","SRP042161","SRX549282","Single cell mRNA-seq_MGH26","MGH26","Glioblastoma","None",NA
"768","SRP042161","SRX549211","Single cell mRNA-seq_MGH26","MGH26","Glioblastoma","Pro",NA
"769","SRP042161","SRX549878","Single cell mRNA-seq_CSC8",NA,"Gliomasphere Cell Line",NA,"CSC8"
"770","SRP042161","SRX549593","Single cell mRNA-seq_MGH31","MGH31","Glioblastoma","Neu",NA
"771","SRP042161","SRX549337","Single cell mRNA-seq_MGH28","MGH28","Glioblastoma","Mes",NA
"772","SRP042161","SRX549290","Single cell mRNA-seq_MGH26","MGH26","Glioblastoma",NA,NA
"773","SRP042161","SRX549975","Population mRNA-seq_MGH26",NA,"Gliomasphere Cell Line",NA,"MGH26"
"774","SRP042161","SRX549472","Single cell mRNA-seq_MGH29","MGH29","Glioblastoma","Mes",NA
"775","SRP042161","SRX549204","Single cell mRNA-seq_MGH26","MGH26","Glioblastoma","Pro",NA
"776","SRP042161","SRX549476","Single cell mRNA-seq_MGH29","MGH29","Glioblastoma","Mes",NA
"777","SRP042161","SRX549391","Single cell mRNA-seq_MGH28","MGH28","Glioblastoma","Mes",NA
"778","SRP042161","SRX549550","Single cell mRNA-seq_MGH30","MGH30","Glioblastoma","Cla",NA
"779","SRP042161","SRX549152","Single cell mRNA-seq_MGH26","MGH26","Glioblastoma",NA,NA
"780","SRP042161","SRX549309","Single cell mRNA-seq_MGH28","MGH28","Glioblastoma","Mes",NA
"781","SRP042161","SRX549449","Single cell mRNA-seq_MGH29","MGH29","Glioblastoma",NA,NA
"782","SRP042161","SRX549289","Single cell mRNA-seq_MGH26","MGH26","Glioblastoma","None",NA
"783","SRP042161","SRX549902","Single cell mRNA-seq_CSC8",NA,"Gliomasphere Cell Line",NA,"CSC8"
"784","SRP042161","SRX549368","Single cell mRNA-seq_MGH28","MGH28","Glioblastoma","Mes",NA
"785","SRP042161","SRX549436","Single cell mRNA-seq_MGH29","MGH29","Glioblastoma","Mes",NA
"786","SRP042161","SRX549180","Single cell mRNA-seq_MGH26","MGH26","Glioblastoma","Pro",NA
"787","SRP042161","SRX549452","Single cell mRNA-seq_MGH29","MGH29","Glioblastoma",NA,NA
"788","SRP042161","SRX549258","Single cell mRNA-seq_MGH26","MGH26","Glioblastoma",NA,NA
"789","SRP042161","SRX549311","Single cell mRNA-seq_MGH28","MGH28","Glioblastoma","None",NA
"790","SRP042161","SRX549735","Single cell mRNA-seq_MGH30","MGH30","Glioblastoma",NA,NA
"791","SRP042161","SRX549160","Single cell mRNA-seq_MGH26","MGH26","Glioblastoma","None",NA
"792","SRP042161","SRX549287","Single cell mRNA-seq_MGH26","MGH26","Glioblastoma","Pro",NA
"793","SRP042161","SRX549310","Single cell mRNA-seq_MGH28","MGH28","Glioblastoma","Mes",NA
"794","SRP042161","SRX549877","Single cell mRNA-seq_CSC8",NA,"Gliomasphere Cell Line",NA,"CSC8"
"795","SRP042161","SRX549453","Single cell mRNA-seq_MGH29","MGH29","Glioblastoma","Pro",NA
"796","SRP042161","SRX549159","Single cell mRNA-seq_MGH26","MGH26","Glioblastoma","None",NA
"797","SRP042161","SRX549305","Single cell mRNA-seq_MGH28","MGH28","Glioblastoma","Mes",NA
"798","SRP042161","SRX549284","Single cell mRNA-seq_MGH26","MGH26","Glioblastoma","Pro",NA
"799","SRP042161","SRX549111","Single cell mRNA-seq_MGH26","MGH26","Glioblastoma",NA,NA
"800","SRP042161","SRX549817","Single cell mRNA-seq_CSC6",NA,"Gliomasphere Cell Line",NA,"CSC6"
"801","SRP042161","SRX549712","Single cell mRNA-seq_MGH30","MGH30","Glioblastoma",NA,NA
"802","SRP042161","SRX549520","Single cell mRNA-seq_MGH30","MGH30","Glioblastoma","Cla",NA
"803","SRP042161","SRX549629","Single cell mRNA-seq_MGH31","MGH31","Glioblastoma",NA,NA
"804","SRP042161","SRX549373","Single cell mRNA-seq_MGH28","MGH28","Glioblastoma","Mes",NA
"805","SRP042161","SRX549253","Single cell mRNA-seq_MGH26","MGH26","Glioblastoma",NA,NA
"806","SRP042161","SRX549736","Single cell mRNA-seq_MGH30","MGH30","Glioblastoma",NA,NA
"807","SRP042161","SRX549118","Single cell mRNA-seq_MGH26","MGH26","Glioblastoma","Pro+Cla",NA
"808","SRP042161","SRX549847","Single cell mRNA-seq_CSC6",NA,"Gliomasphere Cell Line",NA,"CSC6"
"809","SRP042161","SRX549186","Single cell mRNA-seq_MGH26","MGH26","Glioblastoma","Cla",NA
"810","SRP042161","SRX549162","Single cell mRNA-seq_MGH26","MGH26","Glioblastoma",NA,NA
"811","SRP042161","SRX549782","Single cell mRNA-seq_CSC6",NA,"Gliomasphere Cell Line",NA,"CSC6"
"812","SRP042161","SRX549779","Single cell mRNA-seq_CSC6",NA,"Gliomasphere Cell Line",NA,"CSC6"
"813","SRP042161","SRX549708","Single cell mRNA-seq_MGH30","MGH30","Glioblastoma",NA,NA
"814","SRP042161","SRX549721","Single cell mRNA-seq_MGH30","MGH30","Glioblastoma",NA,NA
"815","SRP042161","SRX549854","Single cell mRNA-seq_CSC6",NA,"Gliomasphere Cell Line",NA,"CSC6"
"816","SRP042161","SRX549954","Single cell mRNA-seq_CSC8",NA,"Gliomasphere Cell Line",NA,"CSC8"
"817","SRP042161","SRX549729","Single cell mRNA-seq_MGH30","MGH30","Glioblastoma",NA,NA
"818","SRP042161","SRX549465","Single cell mRNA-seq_MGH29","MGH29","Glioblastoma","Mes",NA
"819","SRP042161","SRX549645","Single cell mRNA-seq_MGH31","MGH31","Glioblastoma","None",NA
"820","SRP042161","SRX549339","Single cell mRNA-seq_MGH28","MGH28","Glioblastoma","None",NA
"821","SRP042161","SRX549169","Single cell mRNA-seq_MGH26","MGH26","Glioblastoma",NA,NA
"822","SRP042161","SRX549881","Single cell mRNA-seq_CSC8",NA,"Gliomasphere Cell Line",NA,"CSC8"
"823","SRP042161","SRX549229","Single cell mRNA-seq_MGH26","MGH26","Glioblastoma","Pro",NA
"824","SRP042161","SRX549401","Single cell mRNA-seq_MGH29","MGH29","Glioblastoma","Neu+Mes",NA
"825","SRP042161","SRX549138","Single cell mRNA-seq_MGH26","MGH26","Glioblastoma",NA,NA
"826","SRP042161","SRX549901","Single cell mRNA-seq_CSC8",NA,"Gliomasphere Cell Line",NA,"CSC8"
"827","SRP042161","SRX549870","Single cell mRNA-seq_CSC6",NA,"Gliomasphere Cell Line",NA,"CSC6"
"828","SRP042161","SRX549819","Single cell mRNA-seq_CSC6",NA,"Gliomasphere Cell Line",NA,"CSC6"
"829","SRP042161","SRX549824","Single cell mRNA-seq_CSC6",NA,"Gliomasphere Cell Line",NA,"CSC6"
"830","SRP042161","SRX549660","Single cell mRNA-seq_MGH31","MGH31","Glioblastoma",NA,NA
"831","SRP042161","SRX549925","Single cell mRNA-seq_CSC8",NA,"Gliomasphere Cell Line",NA,"CSC8"
"832","SRP042161","SRX549275","Single cell mRNA-seq_MGH26","MGH26","Glioblastoma","Pro",NA
"833","SRP042161","SRX549112","Single cell mRNA-seq_MGH26","MGH26","Glioblastoma","Pro",NA
"834","SRP042161","SRX549143","Single cell mRNA-seq_MGH26","MGH26","Glioblastoma",NA,NA
"835","SRP042161","SRX549117","Single cell mRNA-seq_MGH26","MGH26","Glioblastoma","Pro",NA
"836","SRP042161","SRX549696","Single cell mRNA-seq_MGH30","MGH30","Glioblastoma",NA,NA
"837","SRP042161","SRX549494","Single cell mRNA-seq_MGH30","MGH30","Glioblastoma",NA,NA
"838","SRP042161","SRX549151","Single cell mRNA-seq_MGH26","MGH26","Glioblastoma","None",NA
"839","SRP042161","SRX549231","Single cell mRNA-seq_MGH26","MGH26","Glioblastoma",NA,NA
"840","SRP042161","SRX549665","Single cell mRNA-seq_MGH31","MGH31","Glioblastoma",NA,NA
"841","SRP042161","SRX549887","Single cell mRNA-seq_CSC8",NA,"Gliomasphere Cell Line",NA,"CSC8"
"842","SRP042161","SRX549973","Population mRNA-seq_MGH30","MGH30","Glioblastoma","Cla",NA
"843","SRP042161","SRX549286","Single cell mRNA-seq_MGH26","MGH26","Glioblastoma","None",NA
"844","SRP042161","SRX549280","Single cell mRNA-seq_MGH26","MGH26","Glioblastoma",NA,NA
"845","SRP042161","SRX549519","Single cell mRNA-seq_MGH30","MGH30","Glioblastoma","None",NA
"846","SRP042161","SRX549454","Single cell mRNA-seq_MGH29","MGH29","Glioblastoma","Mes",NA
"847","SRP042161","SRX549348","Single cell mRNA-seq_MGH28","MGH28","Glioblastoma","Mes",NA
"848","SRP042161","SRX549533","Single cell mRNA-seq_MGH30","MGH30","Glioblastoma","Mes",NA
"849","SRP042161","SRX549332","Single cell mRNA-seq_MGH28","MGH28","Glioblastoma","Mes",NA
"850","SRP042161","SRX549664","Single cell mRNA-seq_MGH31","MGH31","Glioblastoma","None",NA
"851","SRP042161","SRX549388","Single cell mRNA-seq_MGH28","MGH28","Glioblastoma","Mes",NA
"852","SRP042161","SRX549564","Single cell mRNA-seq_MGH30","MGH30","Glioblastoma",NA,NA
"853","SRP042161","SRX549904","Single cell mRNA-seq_CSC8",NA,"Gliomasphere Cell Line",NA,"CSC8"
"854","SRP042161","SRX549727","Single cell mRNA-seq_MGH30","MGH30","Glioblastoma",NA,NA
"855","SRP042161","SRX549856","Single cell mRNA-seq_CSC6",NA,"Gliomasphere Cell Line",NA,"CSC6"
"856","SRP042161","SRX549521","Single cell mRNA-seq_MGH30","MGH30","Glioblastoma","Mes",NA
"857","SRP042161","SRX549658","Single cell mRNA-seq_MGH31","MGH31","Glioblastoma","None",NA
"858","SRP042161","SRX549948","Single cell mRNA-seq_CSC8",NA,"Gliomasphere Cell Line",NA,"CSC8"
"859","SRP042161","SRX549579","Single cell mRNA-seq_MGH30","MGH30","Glioblastoma","Cla",NA
"860","SRP042161","SRX549183","Single cell mRNA-seq_MGH26","MGH26","Glioblastoma","Cla",NA
"861","SRP042161","SRX549906","Single cell mRNA-seq_CSC8",NA,"Gliomasphere Cell Line",NA,"CSC8"
"862","SRP042161","SRX549182","Single cell mRNA-seq_MGH26","MGH26","Glioblastoma",NA,NA
"863","SRP042161","SRX549934","Single cell mRNA-seq_CSC8",NA,"Gliomasphere Cell Line",NA,"CSC8"
"864","SRP042161","SRX549716","Single cell mRNA-seq_MGH30","MGH30","Glioblastoma",NA,NA
"865","SRP042161","SRX549630","Single cell mRNA-seq_MGH31","MGH31","Glioblastoma","None",NA
"866","SRP042161","SRX549427","Single cell mRNA-seq_MGH29","MGH29","Glioblastoma","Mes",NA
"867","SRP042161","SRX549462","Single cell mRNA-seq_MGH29","MGH29","Glioblastoma",NA,NA
"868","SRP042161","SRX549532","Single cell mRNA-seq_MGH30","MGH30","Glioblastoma","Pro+Cla",NA
"869","SRP042161","SRX549528","Single cell mRNA-seq_MGH30","MGH30","Glioblastoma","Cla",NA
"870","SRP042161","SRX549822","Single cell mRNA-seq_CSC6",NA,"Gliomasphere Cell Line",NA,"CSC6"
"871","SRP042161","SRX549679","Single cell mRNA-seq_MGH31","MGH31","Glioblastoma","None",NA
"872","SRP042161","SRX549628","Single cell mRNA-seq_MGH31","MGH31","Glioblastoma","Neu",NA
"873","SRP042161","SRX549421","Single cell mRNA-seq_MGH29","MGH29","Glioblastoma","None",NA
"874","SRP042161","SRX549199","Single cell mRNA-seq_MGH26","MGH26","Glioblastoma",NA,NA
"875","SRP042161","SRX549366","Single cell mRNA-seq_MGH28","MGH28","Glioblastoma","Mes",NA
