"","study.accession","experiment.accession","source_name","shRNA","plasmid","cell.line"
"1","SRP018815","SRX244316","NB1 cell line","scrambled control","KIF1Bbeta(600-1400)","NB1"
"2","SRP018815","SRX244311","NB1 cell line","scrambled control","empty pcDNA3.1 vector","NB1"
"3","SRP018815","SRX244321","NB1 cell line","DHX9","KIF1Bbeta(600-1400)","NB1"
"4","SRP018815","SRX244322","NB1 cell line","DHX9","KIF1Bbeta(600-1400)","NB1"
"5","SRP018815","SRX244318","NB1 cell line","DHX9","empty pcDNA3.1 vector","NB1"
"6","SRP018815","SRX244315","NB1 cell line","scrambled control","KIF1Bbeta(600-1400)","NB1"
"7","SRP018815","SRX244312","NB1 cell line","scrambled control","empty pcDNA3.1 vector","NB1"
"8","SRP018815","SRX244319","NB1 cell line","DHX9","empty pcDNA3.1 vector","NB1"
"9","SRP018815","SRX244317","NB1 cell line","DHX9","empty pcDNA3.1 vector","NB1"
"10","SRP018815","SRX244313","NB1 cell line","scrambled control","empty pcDNA3.1 vector","NB1"
"11","SRP018815","SRX244320","NB1 cell line","DHX9","KIF1Bbeta(600-1400)","NB1"
"12","SRP018815","SRX244314","NB1 cell line","scrambled control","KIF1Bbeta(600-1400)","NB1"
