"","study.accession","experiment.accession","source_name","cell.line","cell.type","genotype.variation","stably.transfected.with","transiently.transfected.with"
"1","SRP013022","SRX147673","MDA-MB-231_sponge-miR-23b","MDA-MB-231","mesenchymal-like breast cancer cells","reduced miR-23b activity","miR-23b with specific sponge vector",NA
"2","SRP013022","SRX147674","MDA-MB-231_control","MDA-MB-231","mesenchymal-like breast cancer cells","control",NA,NA
"3","SRP013022","SRX147670","MCF-7_miR-23b","MCF-7","epithelial breast cancer cells","overexpression of miR-23b",NA,"miR-23b"
"4","SRP013022","SRX147671","MCF-7_miR-nc","MCF-7","epithelial breast cancer cells","control",NA,NA
