"","study.accession","experiment.accession","source_name","cell.type","cell.cultures","cell.line","treatment"
"1","SRP051628","SRX825888","Breast cancer cells","MCF-7_WT","(+EtOH -E2)","MCF-7","hormone-starved"
"2","SRP051628","SRX825887","Breast cancer cells","MCF-7_WT","(+EtOH -E2)","MCF-7","hormone-starved"
"3","SRP051628","SRX825889","Breast cancer cells","MCF-7_WT","(+EtOH -E2)","MCF-7","hormone-starved"
"4","SRP051628","SRX825892","Breast cancer cells","MCF-7_WT","(+E2)","MCF-7","estradiol stimulation"
"5","SRP051628","SRX825901","Breast cancer cells","MCF-7_WT","(+EtOH -E2)","MCF-7","hormone-starved"
"6","SRP051628","SRX825898","Breast cancer cells","MCF-7_WT","(+E2)","MCF-7","estradiol stimulation"
"7","SRP051628","SRX825899","Breast cancer cells","MCF-7_WT","(+EtOH -E2)","MCF-7","hormone-starved"
"8","SRP051628","SRX825897","Breast cancer cells","MCF-7_WT","(+E2)","MCF-7","estradiol stimulation"
"9","SRP051628","SRX825890","Breast cancer cells","MCF-7_WT","(+E2)","MCF-7","estradiol stimulation"
"10","SRP051628","SRX825896","Breast cancer cells","MCF-7_WT","(+E2)","MCF-7","estradiol stimulation"
"11","SRP051628","SRX825900","Breast cancer cells","MCF-7_WT","(+EtOH -E2)","MCF-7","hormone-starved"
"12","SRP051628","SRX825893","Breast cancer cells","MCF-7_WT","(+EtOH -E2)","MCF-7","hormone-starved"
"13","SRP051628","SRX825895","Breast cancer cells","MCF-7_WT","(+EtOH -E2)","MCF-7","hormone-starved"
"14","SRP051628","SRX825894","Breast cancer cells","MCF-7_WT","(+EtOH -E2)","MCF-7","hormone-starved"
"15","SRP051628","SRX825885","Breast cancer cells","MCF-7_WT","(+E2)","MCF-7","estradiol stimulation"
"16","SRP051628","SRX825886","Breast cancer cells","MCF-7_WT","(+E2)","MCF-7","estradiol stimulation"
"17","SRP051628","SRX825891","Breast cancer cells","MCF-7_WT","(+E2)","MCF-7","estradiol stimulation"
"18","SRP051628","SRX825884","Breast cancer cells","MCF-7_WT","(+E2)","MCF-7","estradiol stimulation"
