"","study.accession","experiment.accession","source_name","cell.line","cell.type","transfected.with"
"1","SRP014027","SRX157747","shGata6Hopx","PC9","human lung Adenocarcinoma","lentivirus harboring shRNA of both GATA6 and HOPX"
"2","SRP014027","SRX157744","shCtrl","PC9","human lung Adenocarcinoma","lentivirus harboring shRNA of control (Arab1)"
"3","SRP014027","SRX157745","shCtrl","PC9","human lung Adenocarcinoma","lentivirus harboring shRNA of control (Arab1)"
"4","SRP014027","SRX157748","shGata6Hopx","PC9","human lung Adenocarcinoma","lentivirus harboring shRNA of both GATA6 and HOPX"
"5","SRP014027","SRX157746","shCtrl","PC9","human lung Adenocarcinoma","lentivirus harboring shRNA of control (Arab1)"
"6","SRP014027","SRX157749","shGata6Hopx","PC9","human lung Adenocarcinoma","lentivirus harboring shRNA of both GATA6 and HOPX"
