"","study.accession","experiment.accession","isolate","age","biomaterial_provider","sex","tissue","cell_line","BioSampleModel"
"1","SRP052201","SRX841251","RNeasy Mini Kit","not applicable","not collected","not applicable","Colon Cell Line","SW480","Human"
"2","SRP052201","SRX841203","RNeasy Mini Kit","not applicable","not collected","not applicable","Colon Cell Line","LS174T","Human"
"3","SRP052201","SRX841256","RNeasy Mini Kit","not applicable","not collected","not applicable","Colon Cell Line","RKO","Human"
"4","SRP052201","SRX841199","RNeasy Mini Kit","not applicable","not collected","not applicable","Colon Cell Line","LOVO","Human"
"5","SRP052201","SRX841244","RNeasy Mini Kit","not applicable","not collected","not applicable","Colon Cell Line","HT29","Human"
"6","SRP052201","SRX841231","RNeasy Mini Kit","not applicable","not collected","not applicable","Colon Cell Line","CACO2","Human"
"7","SRP052201","SRX841184","RNeasy Mini Kit","not applicable","not collected","not applicable","Colon Cell Line","HCT116","Human"
"8","SRP052201","SRX841238","RNeasy Mini Kit","not applicable","not collected","not applicable","Colon Cell Line","COLO205","Human"
"9","SRP052201","SRX841160","RNeasy Mini Kit","not applicable","not collected","not applicable","Colon Cell Line","HCT15","Human"
