"","study.accession","experiment.accession","source_name","cell.type","disease","tissue.type"
"1","SRP061184","SRX1097622","peripheral blood","CD19+ selected B cells","Mantle cell lymphoma","peripheral blood"
"2","SRP061184","SRX1097627","peripheral blood","CD19+ selected B cells","Mantle cell lymphoma","peripheral blood"
"3","SRP061184","SRX1097631","peripheral blood","CD19+ selected B cells","Mantle cell lymphoma","peripheral blood"
"4","SRP061184","SRX1097625","peripheral blood","CD19+ selected B cells","Mantle cell lymphoma","peripheral blood"
"5","SRP061184","SRX1097632","peripheral blood","CD19+ selected B cells","Mantle cell lymphoma","peripheral blood"
"6","SRP061184","SRX1097624","peripheral blood","CD19+ selected B cells","Mantle cell lymphoma","peripheral blood"
"7","SRP061184","SRX1097634","peripheral blood","CD19+ selected B cells","Mantle cell lymphoma","peripheral blood"
"8","SRP061184","SRX1097635","peripheral blood","CD19+ selected B cells","Mantle cell lymphoma","peripheral blood"
"9","SRP061184","SRX1097623","peripheral blood","CD19+ selected B cells","Mantle cell lymphoma","peripheral blood"
"10","SRP061184","SRX1097630","peripheral blood","CD19+ selected B cells","Mantle cell lymphoma","peripheral blood"
"11","SRP061184","SRX1097628","peripheral blood","CD19+ selected B cells","Mantle cell lymphoma","peripheral blood"
"12","SRP061184","SRX1097636","Unpurified lymph node biopsy","mixture of B, T and other cells","Mantle cell lymphoma","lymph node mix"
"13","SRP061184","SRX1097633","peripheral blood","CD19+ selected B cells","Mantle cell lymphoma","peripheral blood"
"14","SRP061184","SRX1097621","peripheral blood","CD19+ selected B cells","Mantle cell lymphoma","peripheral blood"
"15","SRP061184","SRX1097626","peripheral blood","CD19+ selected B cells","Mantle cell lymphoma","peripheral blood"
"16","SRP061184","SRX1097629","peripheral blood","CD19+ selected B cells","Mantle cell lymphoma","peripheral blood"
