"","study.accession","experiment.accession","source_name","cell.type","cell.line","clone","treatment"
"1","SRP058647","SRX1037039","Neuroblastoma SK-N-SH control cells, untreated","human neuroblastoma cells","SK-N-SH","control","Untreated"
"2","SRP058647","SRX1037040","Neuroblastoma SK-N-SH control cells, RA treated","human neuroblastoma cells","SK-N-SH","control","1uM Retinoic acid"
"3","SRP058647","SRX1037041","Neuroblastoma SK-N-SH control cells, RA treated","human neuroblastoma cells","SK-N-SH","control","1uM Retinoic acid"
"4","SRP058647","SRX1037043","Neuroblastoma SK-N-SH MAML3 overexpressing cells, untreated","human neuroblastoma cells","SK-N-SH","SD3.23","Untreated"
"5","SRP058647","SRX1037045","Neuroblastoma SK-N-SH MAML3 overexpressing cells, untreated","human neuroblastoma cells","SK-N-SH","SD3.23","1uM Retinoic acid"
"6","SRP058647","SRX1037042","Neuroblastoma SK-N-SH MAML3 overexpressing cells, untreated","human neuroblastoma cells","SK-N-SH","SD3.23","Untreated"
"7","SRP058647","SRX1037044","Neuroblastoma SK-N-SH MAML3 overexpressing cells, untreated","human neuroblastoma cells","SK-N-SH","SD3.23","1uM Retinoic acid"
"8","SRP058647","SRX1037038","Neuroblastoma SK-N-SH control cells, untreated","human neuroblastoma cells","SK-N-SH","control","Untreated"
