"","study.accession","experiment.accession","source_name","tissue","survival","disease.state"
"1","SRP033248","SRX381510","Oral cancer tissue","oral mucosa","Favorable 5-year survival","oral cancer"
"2","SRP033248","SRX381523","Oral cancer tissue","oral mucosa","Poor 5-year survival","oral cancer"
"3","SRP033248","SRX381519","Oral cancer tissue","oral mucosa","Poor 5-year survival","oral cancer"
"4","SRP033248","SRX381521","Oral cancer tissue","oral mucosa","Poor 5-year survival","oral cancer"
"5","SRP033248","SRX381505","Oral cancer tissue","oral mucosa","Favorable 5-year survival","oral cancer"
"6","SRP033248","SRX381507","Oral cancer tissue","oral mucosa","Favorable 5-year survival","oral cancer"
"7","SRP033248","SRX381508","Oral cancer tissue","oral mucosa","Favorable 5-year survival","oral cancer"
"8","SRP033248","SRX381510","Oral cancer tissue","oral mucosa","Favorable 5-year survival","oral cancer"
"9","SRP033248","SRX381523","Oral cancer tissue","oral mucosa","Poor 5-year survival","oral cancer"
"10","SRP033248","SRX381515","Oral cancer tissue","oral mucosa","Poor 5-year survival","oral cancer"
"11","SRP033248","SRX381518","Oral cancer tissue","oral mucosa","Poor 5-year survival","oral cancer"
"12","SRP033248","SRX381517","Oral cancer tissue","oral mucosa","Poor 5-year survival","oral cancer"
"13","SRP033248","SRX381508","Oral cancer tissue","oral mucosa","Favorable 5-year survival","oral cancer"
"14","SRP033248","SRX381514","Oral cancer tissue","oral mucosa","Poor 5-year survival","oral cancer"
"15","SRP033248","SRX381514","Oral cancer tissue","oral mucosa","Poor 5-year survival","oral cancer"
"16","SRP033248","SRX381519","Oral cancer tissue","oral mucosa","Poor 5-year survival","oral cancer"
"17","SRP033248","SRX381520","Oral cancer tissue","oral mucosa","Poor 5-year survival","oral cancer"
"18","SRP033248","SRX381509","Oral cancer tissue","oral mucosa","Favorable 5-year survival","oral cancer"
"19","SRP033248","SRX381504","Oral cancer tissue","oral mucosa","Favorable 5-year survival","oral cancer"
"20","SRP033248","SRX381522","Oral cancer tissue","oral mucosa","Poor 5-year survival","oral cancer"
"21","SRP033248","SRX381505","Oral cancer tissue","oral mucosa","Favorable 5-year survival","oral cancer"
"22","SRP033248","SRX381522","Oral cancer tissue","oral mucosa","Poor 5-year survival","oral cancer"
"23","SRP033248","SRX381512","Oral cancer tissue","oral mucosa","Favorable 5-year survival","oral cancer"
"24","SRP033248","SRX381517","Oral cancer tissue","oral mucosa","Poor 5-year survival","oral cancer"
"25","SRP033248","SRX381515","Oral cancer tissue","oral mucosa","Poor 5-year survival","oral cancer"
"26","SRP033248","SRX381506","Oral cancer tissue","oral mucosa","Favorable 5-year survival","oral cancer"
"27","SRP033248","SRX381518","Oral cancer tissue","oral mucosa","Poor 5-year survival","oral cancer"
"28","SRP033248","SRX381513","Oral cancer tissue","oral mucosa","Favorable 5-year survival","oral cancer"
"29","SRP033248","SRX381510","Oral cancer tissue","oral mucosa","Favorable 5-year survival","oral cancer"
"30","SRP033248","SRX381506","Oral cancer tissue","oral mucosa","Favorable 5-year survival","oral cancer"
"31","SRP033248","SRX381517","Oral cancer tissue","oral mucosa","Poor 5-year survival","oral cancer"
"32","SRP033248","SRX381513","Oral cancer tissue","oral mucosa","Favorable 5-year survival","oral cancer"
"33","SRP033248","SRX381514","Oral cancer tissue","oral mucosa","Poor 5-year survival","oral cancer"
"34","SRP033248","SRX381511","Oral cancer tissue","oral mucosa","Favorable 5-year survival","oral cancer"
"35","SRP033248","SRX381504","Oral cancer tissue","oral mucosa","Favorable 5-year survival","oral cancer"
"36","SRP033248","SRX381511","Oral cancer tissue","oral mucosa","Favorable 5-year survival","oral cancer"
"37","SRP033248","SRX381507","Oral cancer tissue","oral mucosa","Favorable 5-year survival","oral cancer"
"38","SRP033248","SRX381522","Oral cancer tissue","oral mucosa","Poor 5-year survival","oral cancer"
"39","SRP033248","SRX381509","Oral cancer tissue","oral mucosa","Favorable 5-year survival","oral cancer"
"40","SRP033248","SRX381520","Oral cancer tissue","oral mucosa","Poor 5-year survival","oral cancer"
"41","SRP033248","SRX381504","Oral cancer tissue","oral mucosa","Favorable 5-year survival","oral cancer"
"42","SRP033248","SRX381516","Oral cancer tissue","oral mucosa","Poor 5-year survival","oral cancer"
"43","SRP033248","SRX381512","Oral cancer tissue","oral mucosa","Favorable 5-year survival","oral cancer"
"44","SRP033248","SRX381504","Oral cancer tissue","oral mucosa","Favorable 5-year survival","oral cancer"
"45","SRP033248","SRX381512","Oral cancer tissue","oral mucosa","Favorable 5-year survival","oral cancer"
"46","SRP033248","SRX381513","Oral cancer tissue","oral mucosa","Favorable 5-year survival","oral cancer"
"47","SRP033248","SRX381520","Oral cancer tissue","oral mucosa","Poor 5-year survival","oral cancer"
"48","SRP033248","SRX381519","Oral cancer tissue","oral mucosa","Poor 5-year survival","oral cancer"
"49","SRP033248","SRX381514","Oral cancer tissue","oral mucosa","Poor 5-year survival","oral cancer"
"50","SRP033248","SRX381516","Oral cancer tissue","oral mucosa","Poor 5-year survival","oral cancer"
"51","SRP033248","SRX381509","Oral cancer tissue","oral mucosa","Favorable 5-year survival","oral cancer"
"52","SRP033248","SRX381519","Oral cancer tissue","oral mucosa","Poor 5-year survival","oral cancer"
"53","SRP033248","SRX381520","Oral cancer tissue","oral mucosa","Poor 5-year survival","oral cancer"
"54","SRP033248","SRX381512","Oral cancer tissue","oral mucosa","Favorable 5-year survival","oral cancer"
"55","SRP033248","SRX381510","Oral cancer tissue","oral mucosa","Favorable 5-year survival","oral cancer"
"56","SRP033248","SRX381523","Oral cancer tissue","oral mucosa","Poor 5-year survival","oral cancer"
"57","SRP033248","SRX381509","Oral cancer tissue","oral mucosa","Favorable 5-year survival","oral cancer"
"58","SRP033248","SRX381507","Oral cancer tissue","oral mucosa","Favorable 5-year survival","oral cancer"
"59","SRP033248","SRX381523","Oral cancer tissue","oral mucosa","Poor 5-year survival","oral cancer"
"60","SRP033248","SRX381507","Oral cancer tissue","oral mucosa","Favorable 5-year survival","oral cancer"
"61","SRP033248","SRX381517","Oral cancer tissue","oral mucosa","Poor 5-year survival","oral cancer"
"62","SRP033248","SRX381521","Oral cancer tissue","oral mucosa","Poor 5-year survival","oral cancer"
"63","SRP033248","SRX381515","Oral cancer tissue","oral mucosa","Poor 5-year survival","oral cancer"
"64","SRP033248","SRX381522","Oral cancer tissue","oral mucosa","Poor 5-year survival","oral cancer"
"65","SRP033248","SRX381521","Oral cancer tissue","oral mucosa","Poor 5-year survival","oral cancer"
"66","SRP033248","SRX381513","Oral cancer tissue","oral mucosa","Favorable 5-year survival","oral cancer"
"67","SRP033248","SRX381521","Oral cancer tissue","oral mucosa","Poor 5-year survival","oral cancer"
"68","SRP033248","SRX381515","Oral cancer tissue","oral mucosa","Poor 5-year survival","oral cancer"
