"","study.accession","experiment.accession","source_name","tumor.stage","tissue","disease.state"
"1","SRP007881","SRX092482","bone marrow","metastatic","bone metastatic tumor","castration resistant prostate cancer"
"2","SRP007881","SRX092485","bone marrow","metastatic","bone metastatic tumor","castration resistant prostate cancer"
"3","SRP007881","SRX092489","bone marrow","metastatic","bone metastatic tumor","castration resistant prostate cancer"
"4","SRP007881","SRX092488","bone marrow","metastatic","bone metastatic tumor","castration resistant prostate cancer"
"5","SRP007881","SRX092484","bone marrow","metastatic","bone metastatic tumor","castration resistant prostate cancer"
"6","SRP007881","SRX092483","bone marrow","metastatic","bone metastatic tumor","castration resistant prostate cancer"
"7","SRP007881","SRX092486","bone marrow","metastatic","bone metastatic tumor","castration resistant prostate cancer"
"8","SRP007881","SRX092487","bone marrow","metastatic","bone metastatic tumor","castration resistant prostate cancer"
