"","study.accession","experiment.accession","source_name","cell.line","cell.type","treatment","duration"
"1","SRP049061","SRX736468","colonic myofibroblasts_rhIL-33","CCD-18Co","normal intestinal subepithelial myofibroblasts","10 ng/ml rhIL-33","6 hours"
"2","SRP049061","SRX736467","colonic myofibroblasts_rhIL-33","CCD-18Co","normal intestinal subepithelial myofibroblasts","10 ng/ml rhIL-33","6 hours"
"3","SRP049061","SRX736464","colonic myofibroblasts_vehicle","CCD-18Co","normal intestinal subepithelial myofibroblasts","vehicle (1X PBS)","6 hours"
"4","SRP049061","SRX736469","colonic myofibroblasts_rhIL-33","CCD-18Co","normal intestinal subepithelial myofibroblasts","10 ng/ml rhIL-33","6 hours"
"5","SRP049061","SRX736465","colonic myofibroblasts_vehicle","CCD-18Co","normal intestinal subepithelial myofibroblasts","vehicle (1X PBS)","6 hours"
"6","SRP049061","SRX736469","colonic myofibroblasts_rhIL-33","CCD-18Co","normal intestinal subepithelial myofibroblasts","10 ng/ml rhIL-33","6 hours"
"7","SRP049061","SRX736465","colonic myofibroblasts_vehicle","CCD-18Co","normal intestinal subepithelial myofibroblasts","vehicle (1X PBS)","6 hours"
"8","SRP049061","SRX736465","colonic myofibroblasts_vehicle","CCD-18Co","normal intestinal subepithelial myofibroblasts","vehicle (1X PBS)","6 hours"
"9","SRP049061","SRX736466","colonic myofibroblasts_vehicle","CCD-18Co","normal intestinal subepithelial myofibroblasts","vehicle (1X PBS)","6 hours"
"10","SRP049061","SRX736466","colonic myofibroblasts_vehicle","CCD-18Co","normal intestinal subepithelial myofibroblasts","vehicle (1X PBS)","6 hours"
"11","SRP049061","SRX736468","colonic myofibroblasts_rhIL-33","CCD-18Co","normal intestinal subepithelial myofibroblasts","10 ng/ml rhIL-33","6 hours"
"12","SRP049061","SRX736466","colonic myofibroblasts_vehicle","CCD-18Co","normal intestinal subepithelial myofibroblasts","vehicle (1X PBS)","6 hours"
"13","SRP049061","SRX736469","colonic myofibroblasts_rhIL-33","CCD-18Co","normal intestinal subepithelial myofibroblasts","10 ng/ml rhIL-33","6 hours"
"14","SRP049061","SRX736467","colonic myofibroblasts_rhIL-33","CCD-18Co","normal intestinal subepithelial myofibroblasts","10 ng/ml rhIL-33","6 hours"
"15","SRP049061","SRX736468","colonic myofibroblasts_rhIL-33","CCD-18Co","normal intestinal subepithelial myofibroblasts","10 ng/ml rhIL-33","6 hours"
"16","SRP049061","SRX736464","colonic myofibroblasts_vehicle","CCD-18Co","normal intestinal subepithelial myofibroblasts","vehicle (1X PBS)","6 hours"
"17","SRP049061","SRX736467","colonic myofibroblasts_rhIL-33","CCD-18Co","normal intestinal subepithelial myofibroblasts","10 ng/ml rhIL-33","6 hours"
"18","SRP049061","SRX736464","colonic myofibroblasts_vehicle","CCD-18Co","normal intestinal subepithelial myofibroblasts","vehicle (1X PBS)","6 hours"
