"","study.accession","experiment.accession","source_name","tissue"
"1","SRP019936","SRX254190","Breast tumor","ER+ Breast Tumor"
"2","SRP019936","SRX254216","Benign cell lines (HMEC)","Benign cell lines (HMEC)"
"3","SRP019936","SRX254207","Breast tumor","HER2+ Breast Tumor"
"4","SRP019936","SRX254220","Breast tumor","Triple Negative Breast Tumor"
"5","SRP019936","SRX254209","Breast tumor","Triple Negative Breast Tumor"
"6","SRP019936","SRX254218","Benign cell lines (HMEC)","Benign cell lines (HMEC)"
"7","SRP019936","SRX254194","Breast tumor","ER+ Breast Tumor"
"8","SRP019936","SRX254201","Breast tumor","Triple Negative Breast Tumor"
"9","SRP019936","SRX254196","Breast tumor","ER+ Breast Tumor"
"10","SRP019936","SRX254219","Benign cell lines (HMEC)","Benign cell lines (HMEC)"
"11","SRP019936","SRX254200","Breast tumor","HER2+ Breast Tumor"
"12","SRP019936","SRX254198","Breast tumor","HER2+ Breast Tumor"
"13","SRP019936","SRX254214","Benign cell lines (HMEC)","Benign cell lines (HMEC)"
"14","SRP019936","SRX254208","Breast tumor","HER2+ Breast Tumor"
"15","SRP019936","SRX254206","Breast tumor","Triple Negative Breast Tumor"
"16","SRP019936","SRX254192","Breast tumor","ER+ Breast Tumor"
"17","SRP019936","SRX254199","Breast tumor","Triple Negative Breast Tumor"
"18","SRP019936","SRX254205","Breast tumor","HER2+ Breast Tumor"
"19","SRP019936","SRX254211","Breast tumor","Triple Negative Breast Tumor"
"20","SRP019936","SRX254202","Breast tumor","HER2+ Breast Tumor"
"21","SRP019936","SRX254189","Breast tumor","ER+ Breast Tumor"
"22","SRP019936","SRX254210","Breast tumor","Triple Negative Breast Tumor"
"23","SRP019936","SRX254195","Breast tumor","ER+ Breast Tumor"
"24","SRP019936","SRX254215","Benign cell lines (HMEC)","Benign cell lines (HMEC)"
"25","SRP019936","SRX254203","Breast tumor","HER2+ Breast Tumor"
"26","SRP019936","SRX254217","Benign cell lines (HMEC)","Benign cell lines (HMEC)"
"27","SRP019936","SRX254212","Benign cell lines (HMEC)","Benign cell lines (HMEC)"
"28","SRP019936","SRX254193","Breast tumor","ER+ Breast Tumor"
"29","SRP019936","SRX254197","Breast tumor","Triple Negative Breast Tumor"
"30","SRP019936","SRX254191","Breast tumor","ER+ Breast Tumor"
"31","SRP019936","SRX254213","Benign cell lines (HMEC)","Benign cell lines (HMEC)"
"32","SRP019936","SRX254204","Breast tumor","HER2+ Breast Tumor"
