"","study.accession","experiment.accession","gap_accession","submitter.handle","biospecimen.repository","study.name","study.design","biospecimen.repository.sample.id","submitted.sample.id","submitted.subject.id","gap_sample_id","gap_subject_id","sex","body.site","analyte.type","is.tumor","gap_consent_code","gap_consent_short_name"
"1","SRP016632","SRX200741","phs000550","Pancreatic_Adenocarcinoma","Pancreatic_Adenocarcinoma","Characterization of Pancreatic Adenocarcinoma Patients Using NGS","Case Set","S3b","S3b","3","851825","671361","male","blood","germline_DNA","No","1","GRU"
"2","SRP016632","SRX200743","phs000550","Pancreatic_Adenocarcinoma","Pancreatic_Adenocarcinoma","Characterization of Pancreatic Adenocarcinoma Patients Using NGS","Case Set","S4","S4","4","851827","671362",NA,NA,"control_pancreas_RNA","No","1","GRU"
"3","SRP016632","SRX200737","phs000550","Pancreatic_Adenocarcinoma","Pancreatic_Adenocarcinoma","Characterization of Pancreatic Adenocarcinoma Patients Using NGS","Case Set","S2a","S2a","2","851821","671360","female","pancreas","tumor_DNA","Yes","1","GRU"
"4","SRP016632","SRX200739","phs000550","Pancreatic_Adenocarcinoma","Pancreatic_Adenocarcinoma","Characterization of Pancreatic Adenocarcinoma Patients Using NGS","Case Set","S2c","S2c","2","851823","671360","female","pancreas","tumor_RNA","Yes","1","GRU"
"5","SRP016632","SRX200735","phs000550","Pancreatic_Adenocarcinoma","Pancreatic_Adenocarcinoma","Characterization of Pancreatic Adenocarcinoma Patients Using NGS","Case Set","S1a","S1a","1","851819","671359","male","liver","tumor_DNA","Yes","1","GRU"
"6","SRP016632","SRX200742","phs000550","Pancreatic_Adenocarcinoma","Pancreatic_Adenocarcinoma","Characterization of Pancreatic Adenocarcinoma Patients Using NGS","Case Set","S3c","S3c","3","851826","671361","male","liver","tumor_RNA","Yes","1","GRU"
"7","SRP016632","SRX200740","phs000550","Pancreatic_Adenocarcinoma","Pancreatic_Adenocarcinoma","Characterization of Pancreatic Adenocarcinoma Patients Using NGS","Case Set","S3a","S3a","3","851824","671361","male","liver","tumor_DNA","Yes","1","GRU"
"8","SRP016632","SRX200738","phs000550","Pancreatic_Adenocarcinoma","Pancreatic_Adenocarcinoma","Characterization of Pancreatic Adenocarcinoma Patients Using NGS","Case Set","S2b","S2b","2","851822","671360","female","blood","germline_DNA","No","1","GRU"
"9","SRP016632","SRX200736","phs000550","Pancreatic_Adenocarcinoma","Pancreatic_Adenocarcinoma","Characterization of Pancreatic Adenocarcinoma Patients Using NGS","Case Set","S1b","S1b","1","851820","671359","male","blood","germline_DNA","No","1","GRU"
