"","study.accession","experiment.accession","source_name","tissue"
"1","SRP063070","SRX1177346","brain","Gliobmastoma biopsy"
"2","SRP063070","SRX1177280","brain","dorsolateral prefrontal cortex"
"3","SRP063070","SRX1177335","brain","Gliobmastoma cell line"
"4","SRP063070","SRX1177312","brain","Gliobmastoma cell line"
"5","SRP063070","SRX1177331","brain","Gliobmastoma biopsy"
"6","SRP063070","SRX1177283","brain","hippocampus"
"7","SRP063070","SRX1177300","brain","Gliobmastoma biopsy"
"8","SRP063070","SRX1177360","brain","Gliobmastoma cell line"
"9","SRP063070","SRX1177334","brain","Gliobmastoma biopsy"
"10","SRP063070","SRX1177291","brain","Gliobmastoma biopsy"
"11","SRP063070","SRX1177310","brain","Gliobmastoma cell line"
"12","SRP063070","SRX1177355","brain","Gliobmastoma cell line"
"13","SRP063070","SRX1177359","brain","Gliobmastoma cell line"
"14","SRP063070","SRX1177296","brain","Gliobmastoma biopsy"
"15","SRP063070","SRX1177316","brain","Gliobmastoma cell line"
"16","SRP063070","SRX1177285","brain","Gliobmastoma cell line"
"17","SRP063070","SRX1177358","brain","Gliobmastoma biopsy"
"18","SRP063070","SRX1177337","brain","Gliobmastoma cell line"
"19","SRP063070","SRX1177288","brain","Gliobmastoma biopsy"
"20","SRP063070","SRX1177315","brain","Gliobmastoma cell line"
"21","SRP063070","SRX1177314","brain","Gliobmastoma cell line"
"22","SRP063070","SRX1177311","brain","Gliobmastoma cell line"
"23","SRP063070","SRX1177345","brain","Gliobmastoma biopsy"
"24","SRP063070","SRX1177319","brain","Gliobmastoma cell line"
"25","SRP063070","SRX1177365","brain","Gliobmastoma biopsy"
"26","SRP063070","SRX1177344","brain","Gliobmastoma biopsy"
"27","SRP063070","SRX1177281","brain","dorsolateral prefrontal cortex"
"28","SRP063070","SRX1177329","brain","Gliobmastoma biopsy"
"29","SRP063070","SRX1177284","brain","hippocampus"
"30","SRP063070","SRX1177279","brain","dorsolateral prefrontal cortex"
"31","SRP063070","SRX1177328","brain","Gliobmastoma cell line"
"32","SRP063070","SRX1177302","brain","Gliobmastoma cell line"
"33","SRP063070","SRX1177349","brain","Gliobmastoma biopsy"
"34","SRP063070","SRX1177299","brain","Gliobmastoma biopsy"
"35","SRP063070","SRX1177297","brain","Gliobmastoma biopsy"
"36","SRP063070","SRX1177301","brain","Gliobmastoma cell line"
"37","SRP063070","SRX1177347","brain","Gliobmastoma biopsy"
"38","SRP063070","SRX1177321","brain","Gliobmastoma cell line"
"39","SRP063070","SRX1177356","brain","Gliobmastoma cell line"
"40","SRP063070","SRX1177292","brain","Gliobmastoma biopsy"
"41","SRP063070","SRX1177287","brain","Gliobmastoma biopsy"
"42","SRP063070","SRX1177313","brain","Gliobmastoma cell line"
"43","SRP063070","SRX1177324","brain","Gliobmastoma cell line"
"44","SRP063070","SRX1177318","brain","Gliobmastoma cell line"
"45","SRP063070","SRX1177289","brain","Gliobmastoma biopsy"
"46","SRP063070","SRX1177309","brain","Gliobmastoma cell line"
"47","SRP063070","SRX1177341","brain","Gliobmastoma cell line"
"48","SRP063070","SRX1177332","brain","Gliobmastoma biopsy"
"49","SRP063070","SRX1177317","brain","Gliobmastoma cell line"
"50","SRP063070","SRX1177295","brain","Gliobmastoma biopsy"
"51","SRP063070","SRX1177357","brain","Gliobmastoma biopsy"
"52","SRP063070","SRX1177351","brain","Gliobmastoma biopsy"
"53","SRP063070","SRX1177325","brain","Gliobmastoma cell line"
"54","SRP063070","SRX1177293","brain","Gliobmastoma biopsy"
"55","SRP063070","SRX1177361","brain","Gliobmastoma cell line"
"56","SRP063070","SRX1177308","brain","Gliobmastoma cell line"
"57","SRP063070","SRX1177338","brain","Gliobmastoma cell line"
"58","SRP063070","SRX1177320","brain","Gliobmastoma cell line"
"59","SRP063070","SRX1177323","brain","Gliobmastoma cell line"
"60","SRP063070","SRX1177340","brain","Gliobmastoma cell line"
"61","SRP063070","SRX1177307","brain","Gliobmastoma cell line"
"62","SRP063070","SRX1177348","brain","Gliobmastoma biopsy"
"63","SRP063070","SRX1177326","brain","Gliobmastoma cell line"
"64","SRP063070","SRX1177286","brain","Gliobmastoma cell line"
"65","SRP063070","SRX1177298","brain","Gliobmastoma biopsy"
"66","SRP063070","SRX1177322","brain","Gliobmastoma cell line"
"67","SRP063070","SRX1177339","brain","Gliobmastoma cell line"
"68","SRP063070","SRX1177343","brain","Gliobmastoma biopsy"
"69","SRP063070","SRX1177306","brain","Gliobmastoma cell line"
"70","SRP063070","SRX1177282","brain","hippocampus"
"71","SRP063070","SRX1177327","brain","Gliobmastoma cell line"
"72","SRP063070","SRX1177294","brain","Gliobmastoma biopsy"
"73","SRP063070","SRX1177342","brain","Gliobmastoma cell line"
"74","SRP063070","SRX1177363","brain","Gliobmastoma cell line"
"75","SRP063070","SRX1177304","brain","Gliobmastoma cell line"
"76","SRP063070","SRX1177303","brain","Gliobmastoma cell line"
"77","SRP063070","SRX1177330","brain","Gliobmastoma biopsy"
"78","SRP063070","SRX1177336","brain","Gliobmastoma cell line"
"79","SRP063070","SRX1177290","brain","Gliobmastoma biopsy"
"80","SRP063070","SRX1177354","brain","Gliobmastoma biopsy"
"81","SRP063070","SRX1177353","brain","Gliobmastoma biopsy"
"82","SRP063070","SRX1177350","brain","Gliobmastoma biopsy"
"83","SRP063070","SRX1177352","brain","Gliobmastoma biopsy"
"84","SRP063070","SRX1177362","brain","Gliobmastoma cell line"
"85","SRP063070","SRX1177364","brain","Gliobmastoma cell line"
"86","SRP063070","SRX1177333","brain","Gliobmastoma biopsy"
"87","SRP063070","SRX1177305","brain","Gliobmastoma cell line"
