"","study.accession","experiment.accession","isolate","age","biomaterial_provider","sex","tissue","cell_line","disease","sample_type","treatment","BioSampleModel"
"1","SRP045437","SRX675899","Cancer cell line RNA","N/A","ATCC","female","breast","MCF7","breast cancer","PolyA RNA","estrogen","Human"
"2","SRP045437","SRX675901","Cancer cell line RNA","N/A","ATCC","female","breast","T47D","breast cancer","PolyA RNA","estrogen","Human"
"3","SRP045437","SRX675900","Cancer cell line RNA","N/A","ATCC","female","breast","T47D","breast cancer","PolyA RNA","vehicle","Human"
"4","SRP045437","SRX675899","Cancer cell line RNA","N/A","ATCC","female","breast","MCF7","breast cancer","PolyA RNA","estrogen","Human"
"5","SRP045437","SRX675901","Cancer cell line RNA","N/A","ATCC","female","breast","T47D","breast cancer","PolyA RNA","estrogen","Human"
"6","SRP045437","SRX675900","Cancer cell line RNA","N/A","ATCC","female","breast","T47D","breast cancer","PolyA RNA","vehicle","Human"
"7","SRP045437","SRX675898","Cancer cell line RNA","N/A","ATCC","female","breast","MCF7","breast cancer","PolyA RNA","vehicle","Human"
"8","SRP045437","SRX675898","Cancer cell line RNA","N/A","ATCC","female","breast","MCF7","breast cancer","PolyA RNA","vehicle","Human"
