"","study.accession","experiment.accession","source_name","cell.line","knockdown","antibody"
"1","SRP051380","SRX818563","L.T","HMC-LT","N/A","H3K9me2"
"2","SRP051380","SRX818558","P6","HMC-P6","N/A","H3K4me3"
"3","SRP051380","SRX818568","L.T.R","HMC-LTR","N/A","H3K9me3"
"4","SRP051380","SRX818576","P6 + L + L.T + L.T.R","HMC-P6 + HMC-L + HMC-LT + HMC-LTR","N/A","ChIP input"
"5","SRP051380","SRX818569","L.T.R","HMC-LTR","N/A","H3K27me3"
"6","SRP051380","SRX818550","L.T.R","HMC-LTR","N/A",NA
"7","SRP051380","SRX818559","L","HMC-L","N/A","H3K9me2"
"8","SRP051380","SRX818579","L.T + shKDM3A","HMC-LT","shKDM3A","ChIP input"
"9","SRP051380","SRX818570","L.T.R","HMC-LTR","N/A","H3K4me3"
"10","SRP051380","SRX818561","L","HMC-L","N/A","H3K27me3"
"11","SRP051380","SRX818564","L.T","HMC-LT","N/A","H3K9me3"
"12","SRP051380","SRX818547","P6","HMC-P6","N/A",NA
"13","SRP051380","SRX818575","P6 + L + L.T","HMC-P6 + HMC-L + HMC-LT","N/A","ChIP input"
"14","SRP051380","SRX818553","L.T.R + NC","HMC-LTR","negative control",NA
"15","SRP051380","SRX818577","P6","HMC-P6","N/A","ChIP input"
"16","SRP051380","SRX818555","P6","HMC-P6","N/A","H3K9me2"
"17","SRP051380","SRX818574","L.T.R + siKDM3A","HMC-LTR","siKDM3A","H3K9me2"
"18","SRP051380","SRX818573","L.T.R + NC","HMC-LTR","negative control","H3K9me2"
"19","SRP051380","SRX818562","L","HMC-L","N/A","H3K4me3"
"20","SRP051380","SRX818554","L.T.R + siKDM3A","HMC-LTR","siKDM3A",NA
"21","SRP051380","SRX818572","L.T + shKDM3A","HMC-LT","shKDM3A","H3K9me2"
"22","SRP051380","SRX818565","L.T","HMC-LT","N/A","H3K27me3"
"23","SRP051380","SRX818557","P6","HMC-P6","N/A","H3K27me3"
"24","SRP051380","SRX818549","L.T","HMC-LT","N/A",NA
"25","SRP051380","SRX818567","L.T.R","HMC-LTR","N/A","H3K9me2"
"26","SRP051380","SRX818566","L.T","HMC-LT","N/A","H3K4me3"
"27","SRP051380","SRX818551","L.T + NC","HMC-LT","negative control",NA
"28","SRP051380","SRX818548","L","HMC-L","N/A",NA
"29","SRP051380","SRX818552","L.T + shKDM3A","HMC-LT","shKDM3A",NA
"30","SRP051380","SRX818556","P6","HMC-P6","N/A","H3K9me3"
"31","SRP051380","SRX818580","L.T.R + siKDM3A","HMC-LTR","siKDM3A","ChIP input"
"32","SRP051380","SRX818571","L.T + NC","HMC-LT","negative control","H3K9me2"
"33","SRP051380","SRX818578","L.T + L.T.R + NC","HMC-LT + HMC-LTR","negative control","ChIP input"
"34","SRP051380","SRX818560","L","HMC-L","N/A","H3K9me3"
