"","study.accession","experiment.accession","source_name","cell.line","cell.type"
"1","SRP013812","SRX154989","Breast cancer cells","Hs578T","Basal-like cells"
"2","SRP013812","SRX154982","Breast cancer cells","SUM159PT_T-47D","Heterofusion"
"3","SRP013812","SRX154990","Breast cancer cells","BT-474","Luminal cells"
"4","SRP013812","SRX154984","Breast cancer cells","MCF7","Luminal cells"
"5","SRP013812","SRX154988","Breast cancer cells","MDA-MB-231","Basal-like cells"
"6","SRP013812","SRX154985","Breast cancer cells","T-47D","Luminal cells"
"7","SRP013812","SRX154983","Breast cancer cells","SUM159PT_BT-474","Heterofusion"
"8","SRP013812","SRX154981","Breast cancer cells","MDA-MB-231_MCF7","Heterofusion"
"9","SRP013812","SRX154987","Breast cancer cells","SUM159PT","Basal-like cells"
"10","SRP013812","SRX154986","Breast cancer cells","SUM159PT_MCF7","Heterofusion"
