"","study.accession","experiment.accession","source_name","tissue","disease.state"
"1","SRP043470","SRX612665","Adjacent Nodal Tumour","nodal tumour","Untreated"
"2","SRP043470","SRX612667","Liver Metastasis Tumour","metastasis tumour","Post-treatment metastasis"
"3","SRP043470","SRX612666","Adjacent Nodal Tumour","nodal tumour","Untreated"
"4","SRP043470","SRX612664","Primary Breast Tumour","primary tumour","Untreated"
"5","SRP043470","SRX612669","Liver Metastasis Tumour","metastasis tumour","Post-treatment metastasis"
"6","SRP043470","SRX612663","Primary Breast Tumour","primary tumour","Untreated"
"7","SRP043470","SRX612662","Primary Breast Tumour","primary tumour","Untreated"
"8","SRP043470","SRX612668","Liver Metastasis Tumour","metastasis tumour","Post-treatment metastasis"
