"","study.accession","experiment.accession","TISSUE","DISEASE","STRAIN"
"1","SRP007584","SRX085327","Unknown","None",NA
"2","SRP007584","SRX085322","Unknown","None",NA
"3","SRP007584","SRX085321","Unknown","None",NA
"4","SRP007584","SRX085336","Large intestine","Colorectal carcinoma",NA
"5","SRP007584","SRX085333","Large intestine","Colorectal carcinoma",NA
"6","SRP007584","SRX085335","Large intestine","Colorectal carcinoma",NA
"7","SRP007584","SRX085334","Large intestine","Colorectal carcinoma",NA
"8","SRP007584","SRX085320","Unknown","None",NA
"9","SRP007584","SRX085325","Unknown","None",NA
"10","SRP007584","SRX085332","Large intestine","Colorectal carcinoma",NA
"11","SRP007584","SRX085329","Unknown","None",NA
"12","SRP007584","SRX085330","Large intestine","Colorectal carcinoma",NA
"13","SRP007584","SRX085318","Unknown","None",NA
"14","SRP007584","SRX085328","Unknown","None",NA
"15","SRP007584","SRX085337","Large intestine","Colorectal carcinoma",NA
"16","SRP007584","SRX085338","Large intestine","Colorectal carcinoma",NA
"17","SRP007584","SRX085317",NA,NA,"CC53F"
"18","SRP007584","SRX085319","Unknown","None",NA
"19","SRP007584","SRX085324","Unknown","None",NA
"20","SRP007584","SRX085341","Large intestine","Colorectal carcinoma",NA
"21","SRP007584","SRX085331","Large intestine","Colorectal carcinoma",NA
"22","SRP007584","SRX085316",NA,NA,"CC53F"
"23","SRP007584","SRX085339","Large intestine","Colorectal carcinoma",NA
"24","SRP007584","SRX085340","Large intestine","Colorectal carcinoma",NA
"25","SRP007584","SRX085326","Unknown","None",NA
"26","SRP007584","SRX085323","Unknown","None",NA
