"","study.accession","experiment.accession","source_name","cell.line"
"1","SRP033309","SRX383215","MCF7 single cell","MCF7"
"2","SRP033309","SRX383215","MCF7 single cell","MCF7"
"3","SRP033309","SRX383216","MCF10A single cell","MCF10A"
"4","SRP033309","SRX383215","MCF7 single cell","MCF7"
"5","SRP033309","SRX383218","MCF10A single cell","MCF10A"
"6","SRP033309","SRX383218","MCF10A single cell","MCF10A"
"7","SRP033309","SRX383212","MCF7 single cell","MCF7"
"8","SRP033309","SRX383217","MCF10A single cell","MCF10A"
"9","SRP033309","SRX383212","MCF7 single cell","MCF7"
"10","SRP033309","SRX383220","MCF10A single cell","MCF10A"
"11","SRP033309","SRX383216","MCF10A single cell","MCF10A"
"12","SRP033309","SRX383219","MCF10A single cell","MCF10A"
"13","SRP033309","SRX383213","MCF7 single cell","MCF7"
"14","SRP033309","SRX383211","MCF7 single cell","MCF7"
"15","SRP033309","SRX383216","MCF10A single cell","MCF10A"
"16","SRP033309","SRX383220","MCF10A single cell","MCF10A"
"17","SRP033309","SRX383211","MCF7 single cell","MCF7"
"18","SRP033309","SRX383217","MCF10A single cell","MCF10A"
"19","SRP033309","SRX383218","MCF10A single cell","MCF10A"
"20","SRP033309","SRX383215","MCF7 single cell","MCF7"
"21","SRP033309","SRX383220","MCF10A single cell","MCF10A"
"22","SRP033309","SRX383214","MCF7 single cell","MCF7"
"23","SRP033309","SRX383217","MCF10A single cell","MCF10A"
"24","SRP033309","SRX383214","MCF7 single cell","MCF7"
"25","SRP033309","SRX383213","MCF7 single cell","MCF7"
"26","SRP033309","SRX383219","MCF10A single cell","MCF10A"
"27","SRP033309","SRX383213","MCF7 single cell","MCF7"
"28","SRP033309","SRX383220","MCF10A single cell","MCF10A"
"29","SRP033309","SRX383216","MCF10A single cell","MCF10A"
"30","SRP033309","SRX383217","MCF10A single cell","MCF10A"
"31","SRP033309","SRX383213","MCF7 single cell","MCF7"
"32","SRP033309","SRX383219","MCF10A single cell","MCF10A"
"33","SRP033309","SRX383212","MCF7 single cell","MCF7"
"34","SRP033309","SRX383214","MCF7 single cell","MCF7"
"35","SRP033309","SRX383211","MCF7 single cell","MCF7"
"36","SRP033309","SRX383214","MCF7 single cell","MCF7"
"37","SRP033309","SRX383219","MCF10A single cell","MCF10A"
"38","SRP033309","SRX383218","MCF10A single cell","MCF10A"
"39","SRP033309","SRX383211","MCF7 single cell","MCF7"
"40","SRP033309","SRX383212","MCF7 single cell","MCF7"
