"","study.accession","experiment.accession","source_name","cell.line"
"1","SRP057453","SRX1000215","A375 melanoma cell line - HEXIM1-inducible","A375"
"2","SRP057453","SRX1000214","A375 melanoma cell line - HEXIM1-inducible","A375"
"3","SRP057453","SRX1000215","A375 melanoma cell line - HEXIM1-inducible","A375"
"4","SRP057453","SRX1000211","A375 melanoma cell line - HEXIM1-inducible","A375"
"5","SRP057453","SRX1000212","A375 melanoma cell line - HEXIM1-inducible","A375"
"6","SRP057453","SRX1000213","A375 melanoma cell line - HEXIM1-inducible","A375"
"7","SRP057453","SRX1000211","A375 melanoma cell line - HEXIM1-inducible","A375"
"8","SRP057453","SRX1000214","A375 melanoma cell line - HEXIM1-inducible","A375"
"9","SRP057453","SRX1000213","A375 melanoma cell line - HEXIM1-inducible","A375"
"10","SRP057453","SRX1000210","A375 melanoma cell line - HEXIM1-inducible","A375"
"11","SRP057453","SRX1000212","A375 melanoma cell line - HEXIM1-inducible","A375"
"12","SRP057453","SRX1000210","A375 melanoma cell line - HEXIM1-inducible","A375"
