"","study.accession","experiment.accession","isolate","age","biomaterial_provider","sex","tissue","disease","disease_stage","BioSampleModel"
"1","SRP047429","SRX546059","Individual 1","Not available","Memorial Sloan Kettering Cancer Center, New York, NY, USA","Not available","Resected cancer tissue with >70% tumor content","Lung adenocarcinoma","Pathologic stage I","Human"
"2","SRP047429","SRX546054","Individual 4","Not available","Memorial Sloan Kettering Cancer Center, New York, NY, USA","Not available","Resected cancer tissue with >70% tumor content","Lung adenocarcinoma","Pathologic stage I","Human"
"3","SRP047429","SRX546055","Individual 5","Not available","Memorial Sloan Kettering Cancer Center, New York, NY, USA","Not available","Resected cancer tissue with >70% tumor content","Lung adenocarcinoma","Pathologic stage I","Human"
"4","SRP047429","SRX546057","Individual 7","Not available","Memorial Sloan Kettering Cancer Center, New York, NY, USA","Not available","Resected cancer tissue with >70% tumor content","Lung adenocarcinoma","Pathologic stage I","Human"
"5","SRP047429","SRX546051","Individual 1","Not available","Memorial Sloan Kettering Cancer Center, New York, NY, USA","Not available","Resected cancer tissue with >70% tumor content","Lung adenocarcinoma","Pathologic stage I","Human"
"6","SRP047429","SRX546056","Individual 6","Not available","Memorial Sloan Kettering Cancer Center, New York, NY, USA","Not available","Resected cancer tissue with >70% tumor content","Lung adenocarcinoma","Pathologic stage I","Human"
"7","SRP047429","SRX546060","Individual 2","Not available","Memorial Sloan Kettering Cancer Center, New York, NY, USA","Not available","Resected cancer tissue with >70% tumor content","Lung adenocarcinoma","Pathologic stage I","Human"
"8","SRP047429","SRX546058","Individual 8","Not available","Memorial Sloan Kettering Cancer Center, New York, NY, USA","Not available","Resected cancer tissue with >70% tumor content","Lung adenocarcinoma","Pathologic stage I","Human"
"9","SRP047429","SRX546052","Individual 2","Not available","Memorial Sloan Kettering Cancer Center, New York, NY, USA","Not available","Resected cancer tissue with >70% tumor content","Lung adenocarcinoma","Pathologic stage I","Human"
"10","SRP047429","SRX546053","Individual 3","Not available","Memorial Sloan Kettering Cancer Center, New York, NY, USA","Not available","Resected cancer tissue with >70% tumor content","Lung adenocarcinoma","Pathologic stage I","Human"
