"","study.accession","experiment.accession","source_name","cell.line","tissue","cell.type","passage","treatment"
"1","SRP058260","SRX1024154","MCF-7_treated_with_growth_medium","MCF-7","breast","breast cancer","30","treated with growth medium"
"2","SRP058260","SRX1024152","MCF-7_treated_with_ADM","MCF-7","breast","breast cancer","30","treated with ADM"
"3","SRP058260","SRX1024157","MCF-7_treated_with_growth medium","MCF-7","breast","breast cancer","30","treated with growth medium"
"4","SRP058260","SRX1024156","MCF-7_treated_with_PTX","MCF-7","breast","breast cancer","30","treated with PTX"
"5","SRP058260","SRX1024153","MCF-7_treated_with_PTX","MCF-7","breast","breast cancer","30","treated with PTX"
"6","SRP058260","SRX1024155","MCF-7_treated_with_ADM","MCF-7","breast","breast cancer","30","treated with ADM"
