"","study.accession","experiment.accession","source_name","cell.type","cancer.or.normal"
"1","SRP007947","SRX093250","testicular, normal","testicular germ","normal"
"2","SRP007947","SRX093233","bladder, cancer","transitional","cancer"
"3","SRP007947","SRX093235","bladder, cancer","transitional","cancer"
"4","SRP007947","SRX093238","bladder, normal","transitional","normal"
"5","SRP007947","SRX093234","bladder, normal","transitional","normal"
"6","SRP007947","SRX093237","bladder, cancer","transitional","cancer"
"7","SRP007947","SRX093253","testicular, cancer","testicular germ","cancer"
"8","SRP007947","SRX093245","bladder, cancer","transitional","cancer"
"9","SRP007947","SRX093246","bladder, normal","transitional","normal"
"10","SRP007947","SRX093258","testicular, normal","testicular germ","normal"
"11","SRP007947","SRX093260","testicular, normal","testicular germ","normal"
"12","SRP007947","SRX093243","bladder, cancer","transitional","cancer"
"13","SRP007947","SRX093259","testicular, cancer","testicular germ","cancer"
"14","SRP007947","SRX093240","bladder, normal","transitional","normal"
"15","SRP007947","SRX093241","bladder, cancer","transitional","cancer"
"16","SRP007947","SRX093251","testicular, cancer","testicular germ","cancer"
"17","SRP007947","SRX093247","testicular, cancer","testicular germ","cancer"
"18","SRP007947","SRX093257","testicular, cancer","testicular germ","cancer"
"19","SRP007947","SRX093230","bladder, normal","transitional","normal"
"20","SRP007947","SRX093249","testicular, cancer","testicular germ","cancer"
"21","SRP007947","SRX093227","bladder, cancer","transitional","cancer"
"22","SRP007947","SRX093255","testicular, cancer","testicular germ","cancer"
"23","SRP007947","SRX093248","testicular, normal","testicular germ","normal"
"24","SRP007947","SRX093252","testicular, normal","testicular germ","normal"
"25","SRP007947","SRX093229","bladder, cancer","transitional","cancer"
"26","SRP007947","SRX093232","bladder, normal","transitional","normal"
"27","SRP007947","SRX093256","testicular, normal","testicular germ","normal"
"28","SRP007947","SRX093242","bladder, normal","transitional","normal"
"29","SRP007947","SRX093236","bladder, normal","transitional","normal"
"30","SRP007947","SRX093244","bladder, normal","transitional","normal"
"31","SRP007947","SRX093228","bladder, normal","transitional","normal"
"32","SRP007947","SRX093254","testicular, normal","testicular germ","normal"
"33","SRP007947","SRX093239","bladder, cancer","transitional","cancer"
"34","SRP007947","SRX093231","bladder, cancer","transitional","cancer"
