"","study.accession","experiment.accession","source_name","tissue"
"1","SRP037982","SRX471340","liver tissue","paratumoral liver tissue"
"2","SRP037982","SRX471347","liver tissue","HCC"
"3","SRP037982","SRX471343","liver tissue","HCC"
"4","SRP037982","SRX471344","liver tissue","paratumoral liver tissue"
"5","SRP037982","SRX471342","liver tissue","paratumoral liver tissue"
"6","SRP037982","SRX471341","liver tissue","HCC"
"7","SRP037982","SRX471346","liver tissue","paratumoral liver tissue"
"8","SRP037982","SRX471345","liver tissue","HCC"
