"","study.accession","experiment.accession","source_name","cell.line","cell.type","m5c.antibody","m5c.antibody.vendor"
"1","SRP034528","SRX392829","MCF10A-MeRIP","MCF-10A","Mammary Epithelial cells","Anti-5-Methlycytosine","Zymo Research"
"2","SRP034528","SRX392827","MCF-10A-MeRIP","MCF-10A","Mammary Epithelial cells","Anti-5-Methlycytosine","Zymo Research"
"3","SRP034528","SRX392830","MCF10A-MeRIP","MCF-10A","Mammary Epithelial cells","Anti-5-Methlycytosine","Zymo Research"
"4","SRP034528","SRX392822","MDA-468-input","MDA-468","Human breast cancer cells",NA,NA
"5","SRP034528","SRX392825","MCF-10A-MeRIP","MCF-10A","Mammary Epithelial cells","Anti-5-Methlycytosine","Zymo Research"
"6","SRP034528","SRX392823","MDA-468-MeRIP","MDA-468","Human breast cancer cells","Anti-5-Methlycytosine","Zymo Research"
"7","SRP034528","SRX392824","MDA-468-input","MDA-468","Human breast cancer cells",NA,NA
"8","SRP034528","SRX392821","MDA-468-MeRIP","MDA-468","Human breast cancer cells","Anti-5-Methlycytosine","Zymo Research"
"9","SRP034528","SRX392828","MCF-10A-input","MCF-10A","Mammary Epithelial cells",NA,NA
"10","SRP034528","SRX392826","MCF-10A-input","MCF-10A","Mammary Epithelial cells",NA,NA
