"","study.accession","experiment.accession","source_name","tissue","cell.type","patient.number","patient.age"
"1","SRP056330","SRX959881","Freshly purified human benign prostatic basal cells","Prostate","basal epithelial cells","HPCa177N","74"
"2","SRP056330","SRX959880","Freshly purified human benign prostatic basal cells","Prostate","basal epithelial cells","HPCa175N","67"
"3","SRP056330","SRX959883","Freshly purified human benign prostatic luminal cells","Prostate","luminal epithelial cells","HPCa175N","67"
"4","SRP056330","SRX959882","Freshly purified human benign prostatic luminal cells","Prostate","luminal epithelial cells","HPCa173N","62"
"5","SRP056330","SRX959879","Freshly purified human benign prostatic basal cells","Prostate","basal epithelial cells","HPCa173N","62"
"6","SRP056330","SRX959884","Freshly purified human benign prostatic luminal cells","Prostate","luminal epithelial cells","HPCa177N","74"
