"","study.accession","experiment.accession","source_name","cell.type","cell.line"
"1","SRP057020","SRX984750","SCC13_cells_18 hours GFP","Epidermal squamous cell carcinoma","SCC13"
"2","SRP057020","SRX984756","SCC13_cells_36 hours DLX3","Epidermal squamous cell carcinoma","SCC13"
"3","SRP057020","SRX984757","SCC13_cells_48 hours GFP","Epidermal squamous cell carcinoma","SCC13"
"4","SRP057020","SRX984755","SCC13_cells_36 hours GFP","Epidermal squamous cell carcinoma","SCC13"
"5","SRP057020","SRX984758","SCC13_cells_48 hours DLX3","Epidermal squamous cell carcinoma","SCC13"
"6","SRP057020","SRX984751","SCC13_cells_18 hours DLX3","Epidermal squamous cell carcinoma","SCC13"
"7","SRP057020","SRX984752","SCC13_cells_24 hours GFP","Epidermal squamous cell carcinoma","SCC13"
"8","SRP057020","SRX984753","SCC13_cells_24 hours DLX3","Epidermal squamous cell carcinoma","SCC13"
