"","study.accession","experiment.accession","source_name","cell.line","pulldown"
"1","SRP049465","SRX878130","CPA cells","Barrett's esophagus cell line, CPA","input control"
"2","SRP049465","SRX878129","CPA cells","Barrett's esophagus cell line, CPA","Bio-SOX15 was pulled down using Dynabeads MyOne Streptavidin T1 for six hours at 4 degrees (Invitrogen, catalog number 65601)"
"3","SRP049465","SRX878125","CPA cells","Barrett's esophagus cell line, CPA","control"
"4","SRP049465","SRX878128","CPA cells","Barrett's esophagus cell line, CPA","SOX15 depletion"
"5","SRP049465","SRX878127","CPA cells","Barrett's esophagus cell line, CPA","SOX15 depletion"
"6","SRP049465","SRX878126","CPA cells","Barrett's esophagus cell line, CPA","control"
