"","study.accession","experiment.accession","isolate","age","biomaterial_provider","sex","tissue","cell_line","disease","unique_sample_id","BioSampleModel"
"1","SRP064107","SRX1278229","22","not collected","Bergsagel, Leif","not collected","mulitple myeloma tumors","not applicable","multiple myeloma","A1970_R1","Human"
"2","SRP064107","SRX1278544","15","not collected","Bergsagel, Leif","not collected","mulitple myeloma tumors","not applicable","multiple myeloma","A1910_R2","Human"
"3","SRP064107","SRX1278448","12","not collected","Bergsagel, Leif","not collected","mulitple myeloma tumors","not applicable","multiple myeloma","A1886_R1","Human"
"4","SRP064107","SRX1278263","14","not collected","Bergsagel, Leif","not collected","mulitple myeloma tumors","not applicable","multiple myeloma","A2014_R2","Human"
"5","SRP064107","SRX1278239","not applicable","not collected","Bergsagel, Leif","not collected","not applicable","FLAM76","multiple myeloma","FLAM76_R1","Human"
"6","SRP064107","SRX1278297","23","not collected","Bergsagel, Leif","not collected","mulitple myeloma tumors","not applicable","multiple myeloma","A2044_R2","Human"
"7","SRP064107","SRX1278232","18","not collected","Bergsagel, Leif","not collected","mulitple myeloma tumors","not applicable","multiple myeloma","A1976_R2","Human"
"8","SRP064107","SRX1278337","not applicable","not collected","Bergsagel, Leif","not collected","not applicable","KMS34","multiple myeloma","KMS34_R2","Human"
"9","SRP064107","SRX1278360","not applicable","not collected","Bergsagel, Leif","not collected","not applicable","OH-2","multiple myeloma","OH-2_R1","Human"
"10","SRP064107","SRX1278356","not applicable","not collected","Bergsagel, Leif","not collected","not applicable","OCI-MY1","multiple myeloma","OCI-MY1.FCC_R1","Human"
"11","SRP064107","SRX1278299","5","not collected","Bergsagel, Leif","not collected","mulitple myeloma tumors","not applicable","multiple myeloma","A2046_R2","Human"
"12","SRP064107","SRX1278581","17","not collected","Bergsagel, Leif","not collected","mulitple myeloma tumors","not applicable","multiple myeloma","A1934_R2","Human"
"13","SRP064107","SRX1278254","25","not collected","Bergsagel, Leif","not collected","mulitple myeloma tumors","not applicable","multiple myeloma","A2005_R2","Human"
"14","SRP064107","SRX1278218","3","not collected","Bergsagel, Leif","not collected","mulitple myeloma tumors","not applicable","multiple myeloma","A1940_R1","Human"
"15","SRP064107","SRX1278348","not applicable","not collected","Bergsagel, Leif","not collected","not applicable","MM_M1","multiple myeloma","MM_M1_R2","Human"
"16","SRP064107","SRX1278415","7","not collected","Bergsagel, Leif","not collected","mulitple myeloma tumors","not applicable","multiple myeloma","A1855_R1","Human"
"17","SRP064107","SRX1278266","13","not collected","Bergsagel, Leif","not collected","mulitple myeloma tumors","not applicable","multiple myeloma","A2018_R1","Human"
"18","SRP064107","SRX1278339","not applicable","not collected","Bergsagel, Leif","not collected","not applicable","KP6","multiple myeloma","KP6_R2","Human"
"19","SRP064107","SRX1278416","7","not collected","Bergsagel, Leif","not collected","mulitple myeloma tumors","not applicable","multiple myeloma","A1855_R2","Human"
"20","SRP064107","SRX1278309","27","not collected","Bergsagel, Leif","not collected","mulitple myeloma tumors","not applicable","multiple myeloma","A2055_R1","Human"
"21","SRP064107","SRX1278247","28","not collected","Bergsagel, Leif","not collected","mulitple myeloma tumors","not applicable","multiple myeloma","A2074_R2","Human"
"22","SRP064107","SRX1278283","not applicable","not collected","Bergsagel, Leif","not collected","not applicable","H929","multiple myeloma","H929_R1","Human"
"23","SRP064107","SRX1278305","10","not collected","Bergsagel, Leif","not collected","mulitple myeloma tumors","not applicable","multiple myeloma","A2052_R2","Human"
"24","SRP064107","SRX1278352","not applicable","not collected","Bergsagel, Leif","not collected","not applicable","MOLP-8","multiple myeloma","MOLP-8_R2","Human"
"25","SRP064107","SRX1278542","not applicable","not collected","Bergsagel, Leif","not collected","not applicable","CAG","multiple myeloma","CAG_R2","Human"
"26","SRP064107","SRX1278293","18","not collected","Bergsagel, Leif","not collected","mulitple myeloma tumors","not applicable","multiple myeloma","A2042_R1","Human"
"27","SRP064107","SRX1278345","not applicable","not collected","Bergsagel, Leif","not collected","not applicable","MC1286PE","multiple myeloma","MC1286PE_R1","Human"
"28","SRP064107","SRX1278307","11","not collected","Bergsagel, Leif","not collected","mulitple myeloma tumors","not applicable","multiple myeloma","A2054_R1","Human"
"29","SRP064107","SRX1278257","9","not collected","Bergsagel, Leif","not collected","mulitple myeloma tumors","not applicable","multiple myeloma","A2010_R1","Human"
"30","SRP064107","SRX1278241","27","not collected","Bergsagel, Leif","not collected","mulitple myeloma tumors","not applicable","multiple myeloma","A2062_R2","Human"
"31","SRP064107","SRX1278364","not applicable","not collected","Bergsagel, Leif","not collected","not applicable","ANBL6-DJ","multiple myeloma","ANBL6-DJ_R1","Human"
"32","SRP064107","SRX1278318","29","not collected","Bergsagel, Leif","not collected","mulitple myeloma tumors","not applicable","multiple myeloma","A2059_R1","Human"
"33","SRP064107","SRX1278278","17","not collected","Bergsagel, Leif","not collected","mulitple myeloma tumors","not applicable","multiple myeloma","A2028_R2","Human"
"34","SRP064107","SRX1278359","not applicable","not collected","Bergsagel, Leif","not collected","not applicable","OCI-MY7","multiple myeloma","OCI-MY7_R2","Human"
"35","SRP064107","SRX1278256","7","not collected","Bergsagel, Leif","not collected","mulitple myeloma tumors","not applicable","multiple myeloma","A2008_R2","Human"
"36","SRP064107","SRX1278413","not applicable","not collected","Bergsagel, Leif","not collected","not applicable","XG6","multiple myeloma","XG6_R1","Human"
"37","SRP064107","SRX1278286","19","not collected","Bergsagel, Leif","not collected","mulitple myeloma tumors","not applicable","multiple myeloma","A2036_R1","Human"
"38","SRP064107","SRX1278280","3","not collected","Bergsagel, Leif","not collected","mulitple myeloma tumors","not applicable","multiple myeloma","A2030_R2","Human"
"39","SRP064107","SRX1278326","not applicable","not collected","Bergsagel, Leif","not collected","not applicable","JMW1","multiple myeloma","JMW1_R2","Human"
"40","SRP064107","SRX1278236","5","not collected","Bergsagel, Leif","not collected","mulitple myeloma tumors","not applicable","multiple myeloma","A1988_R2","Human"
"41","SRP064107","SRX1278443","10","not collected","Bergsagel, Leif","not collected","mulitple myeloma tumors","not applicable","multiple myeloma","A1874_R1","Human"
"42","SRP064107","SRX1278264","1","not collected","Bergsagel, Leif","not collected","mulitple myeloma tumors","not applicable","multiple myeloma","A2016_R1","Human"
"43","SRP064107","SRX1278227","2","not collected","Bergsagel, Leif","not collected","mulitple myeloma tumors","not applicable","multiple myeloma","A1964_R2","Human"
"44","SRP064107","SRX1278242","30","not collected","Bergsagel, Leif","not collected","mulitple myeloma tumors","not applicable","multiple myeloma","A2066_R1","Human"
"45","SRP064107","SRX1278301","6","not collected","Bergsagel, Leif","not collected","mulitple myeloma tumors","not applicable","multiple myeloma","A2048_R2","Human"
"46","SRP064107","SRX1278543","15","not collected","Bergsagel, Leif","not collected","mulitple myeloma tumors","not applicable","multiple myeloma","A1910_R1","Human"
"47","SRP064107","SRX1278409","not applicable","not collected","Bergsagel, Leif","not collected","not applicable","XG1","multiple myeloma","XG1_R2","Human"
"48","SRP064107","SRX1278303","4","not collected","Bergsagel, Leif","not collected","mulitple myeloma tumors","not applicable","multiple myeloma","A2050_R2","Human"
"49","SRP064107","SRX1278234","23","not collected","Bergsagel, Leif","not collected","mulitple myeloma tumors","not applicable","multiple myeloma","A1982_R2","Human"
"50","SRP064107","SRX1278347","not applicable","not collected","Bergsagel, Leif","not collected","not applicable","MM_M1","multiple myeloma","MM_M1_R1","Human"
"51","SRP064107","SRX1278314","28","not collected","Bergsagel, Leif","not collected","mulitple myeloma tumors","not applicable","multiple myeloma","A2057_R2","Human"
"52","SRP064107","SRX1278226","2","not collected","Bergsagel, Leif","not collected","mulitple myeloma tumors","not applicable","multiple myeloma","A1964_R1","Human"
"53","SRP064107","SRX1278220","20","not collected","Bergsagel, Leif","not collected","mulitple myeloma tumors","not applicable","multiple myeloma","A1946_R1","Human"
"54","SRP064107","SRX1278255","7","not collected","Bergsagel, Leif","not collected","mulitple myeloma tumors","not applicable","multiple myeloma","A2008_R1","Human"
"55","SRP064107","SRX1278517","14","not collected","Bergsagel, Leif","not collected","mulitple myeloma tumors","not applicable","multiple myeloma","A1892_R1","Human"
"56","SRP064107","SRX1278408","not applicable","not collected","Bergsagel, Leif","not collected","not applicable","XG1","multiple myeloma","XG1_R1","Human"
"57","SRP064107","SRX1278284","21","not collected","Bergsagel, Leif","not collected","mulitple myeloma tumors","not applicable","multiple myeloma","A2034_R1","Human"
"58","SRP064107","SRX1278230","22","not collected","Bergsagel, Leif","not collected","mulitple myeloma tumors","not applicable","multiple myeloma","A1970_R2","Human"
"59","SRP064107","SRX1278333","not applicable","not collected","Bergsagel, Leif","not collected","not applicable","KMS18","multiple myeloma","KMS18_R2","Human"
"60","SRP064107","SRX1278580","17","not collected","Bergsagel, Leif","not collected","mulitple myeloma tumors","not applicable","multiple myeloma","A1934_R1","Human"
"61","SRP064107","SRX1278260","12","not collected","Bergsagel, Leif","not collected","mulitple myeloma tumors","not applicable","multiple myeloma","A2012_R2","Human"
"62","SRP064107","SRX1278578","24","not collected","Bergsagel, Leif","not collected","mulitple myeloma tumors","not applicable","multiple myeloma","A1928_R1","Human"
"63","SRP064107","SRX1278539","1","not collected","Bergsagel, Leif","not collected","mulitple myeloma tumors","not applicable","multiple myeloma","A1898_R2","Human"
"64","SRP064107","SRX1278289","2","not collected","Bergsagel, Leif","not collected","mulitple myeloma tumors","not applicable","multiple myeloma","A2038_R2","Human"
"65","SRP064107","SRX1278358","not applicable","not collected","Bergsagel, Leif","not collected","not applicable","OCI-MY7","multiple myeloma","OCI-MY7_R1","Human"
"66","SRP064107","SRX1278269","15","not collected","Bergsagel, Leif","not collected","mulitple myeloma tumors","not applicable","multiple myeloma","A2020_R2","Human"
"67","SRP064107","SRX1278449","12","not collected","Bergsagel, Leif","not collected","mulitple myeloma tumors","not applicable","multiple myeloma","A1886_R2","Human"
"68","SRP064107","SRX1278292","22","not collected","Bergsagel, Leif","not collected","mulitple myeloma tumors","not applicable","multiple myeloma","A2040_R2","Human"
"69","SRP064107","SRX1278221","20","not collected","Bergsagel, Leif","not collected","mulitple myeloma tumors","not applicable","multiple myeloma","A1946_R2","Human"
"70","SRP064107","SRX1278412","not applicable","not collected","Bergsagel, Leif","not collected","not applicable","ANBL6-DJ","multiple myeloma","ANBL6-DJ_R2","Human"
"71","SRP064107","SRX1278291","22","not collected","Bergsagel, Leif","not collected","mulitple myeloma tumors","not applicable","multiple myeloma","A2040_R1","Human"
"72","SRP064107","SRX1278440","4","not collected","Bergsagel, Leif","not collected","mulitple myeloma tumors","not applicable","multiple myeloma","A1864_R2","Human"
"73","SRP064107","SRX1278267","13","not collected","Bergsagel, Leif","not collected","mulitple myeloma tumors","not applicable","multiple myeloma","A2018_R2","Human"
"74","SRP064107","SRX1278245","26","not collected","Bergsagel, Leif","not collected","mulitple myeloma tumors","not applicable","multiple myeloma","A2070_R2","Human"
"75","SRP064107","SRX1278576","8","not collected","Bergsagel, Leif","not collected","mulitple myeloma tumors","not applicable","multiple myeloma","A1922_R1","Human"
"76","SRP064107","SRX1278238","6","not collected","Bergsagel, Leif","not collected","mulitple myeloma tumors","not applicable","multiple myeloma","A1994_R2","Human"
"77","SRP064107","SRX1278312","30","not collected","Bergsagel, Leif","not collected","mulitple myeloma tumors","not applicable","multiple myeloma","A2056_R2","Human"
"78","SRP064107","SRX1278288","2","not collected","Bergsagel, Leif","not collected","mulitple myeloma tumors","not applicable","multiple myeloma","A2038_R1","Human"
"79","SRP064107","SRX1278417","4","not collected","Bergsagel, Leif","not collected","mulitple myeloma tumors","not applicable","multiple myeloma","A1864_R1","Human"
"80","SRP064107","SRX1278342","not applicable","not collected","Bergsagel, Leif","not collected","not applicable","AMU-1","multiple myeloma","AMU-1_R1","Human"
"81","SRP064107","SRX1278414","not applicable","not collected","Bergsagel, Leif","not collected","not applicable","XG6","multiple myeloma","XG6_R2","Human"
"82","SRP064107","SRX1278271","16","not collected","Bergsagel, Leif","not collected","mulitple myeloma tumors","not applicable","multiple myeloma","A2022_R2","Human"
"83","SRP064107","SRX1278262","14","not collected","Bergsagel, Leif","not collected","mulitple myeloma tumors","not applicable","multiple myeloma","A2014_R1","Human"
"84","SRP064107","SRX1278350","not applicable","not collected","Bergsagel, Leif","not collected","not applicable","MOLP-2","multiple myeloma","MOLP-2_R2","Human"
"85","SRP064107","SRX1278287","19","not collected","Bergsagel, Leif","not collected","mulitple myeloma tumors","not applicable","multiple myeloma","A2036_R2","Human"
"86","SRP064107","SRX1278349","not applicable","not collected","Bergsagel, Leif","not collected","not applicable","MOLP-2","multiple myeloma","MOLP-2_R1","Human"
"87","SRP064107","SRX1278340","not applicable","not collected","Bergsagel, Leif","not collected","not applicable","L363","multiple myeloma","L363_R1","Human"
"88","SRP064107","SRX1278216","not applicable","not collected","Bergsagel, Leif","not collected","not applicable","8226","multiple myeloma","8226_R2","Human"
"89","SRP064107","SRX1278248","29","not collected","Bergsagel, Leif","not collected","mulitple myeloma tumors","not applicable","multiple myeloma","A2079_R1","Human"
"90","SRP064107","SRX1278281","20","not collected","Bergsagel, Leif","not collected","mulitple myeloma tumors","not applicable","multiple myeloma","A2032_R1","Human"
"91","SRP064107","SRX1278275","24","not collected","Bergsagel, Leif","not collected","mulitple myeloma tumors","not applicable","multiple myeloma","A2026_R1","Human"
"92","SRP064107","SRX1278335","not applicable","not collected","Bergsagel, Leif","not collected","not applicable","KMS20","multiple myeloma","KMS20_R2","Human"
"93","SRP064107","SRX1278334","not applicable","not collected","Bergsagel, Leif","not collected","not applicable","KMS20","multiple myeloma","KMS20_R1","Human"
"94","SRP064107","SRX1278322","not applicable","not collected","Bergsagel, Leif","not collected","not applicable","JIM-3","multiple myeloma","JIM-3_R2","Human"
"95","SRP064107","SRX1278444","10","not collected","Bergsagel, Leif","not collected","mulitple myeloma tumors","not applicable","multiple myeloma","A1874_R2","Human"
"96","SRP064107","SRX1278222","21","not collected","Bergsagel, Leif","not collected","mulitple myeloma tumors","not applicable","multiple myeloma","A1952_R1","Human"
"97","SRP064107","SRX1278351","not applicable","not collected","Bergsagel, Leif","not collected","not applicable","MOLP-8","multiple myeloma","MOLP-8_R1","Human"
"98","SRP064107","SRX1278319","29","not collected","Bergsagel, Leif","not collected","mulitple myeloma tumors","not applicable","multiple myeloma","A2059_R2","Human"
"99","SRP064107","SRX1278442","9","not collected","Bergsagel, Leif","not collected","mulitple myeloma tumors","not applicable","multiple myeloma","A1868_R2","Human"
"100","SRP064107","SRX1278231","18","not collected","Bergsagel, Leif","not collected","mulitple myeloma tumors","not applicable","multiple myeloma","A1976_R1","Human"
"101","SRP064107","SRX1278310","27","not collected","Bergsagel, Leif","not collected","mulitple myeloma tumors","not applicable","multiple myeloma","A2055_R2","Human"
"102","SRP064107","SRX1278355","not applicable","not collected","Bergsagel, Leif","not collected","not applicable","OCI-MY1","multiple myeloma","OCI-MY1.FC805_R2","Human"
"103","SRP064107","SRX1278315","26","not collected","Bergsagel, Leif","not collected","mulitple myeloma tumors","not applicable","multiple myeloma","A2058_R1","Human"
"104","SRP064107","SRX1278285","21","not collected","Bergsagel, Leif","not collected","mulitple myeloma tumors","not applicable","multiple myeloma","A2034_R2","Human"
"105","SRP064107","SRX1278270","16","not collected","Bergsagel, Leif","not collected","mulitple myeloma tumors","not applicable","multiple myeloma","A2022_R1","Human"
"106","SRP064107","SRX1278253","25","not collected","Bergsagel, Leif","not collected","mulitple myeloma tumors","not applicable","multiple myeloma","A2005_R1","Human"
"107","SRP064107","SRX1278540","13","not collected","Bergsagel, Leif","not collected","mulitple myeloma tumors","not applicable","multiple myeloma","A1904_R1","Human"
"108","SRP064107","SRX1278259","12","not collected","Bergsagel, Leif","not collected","mulitple myeloma tumors","not applicable","multiple myeloma","A2012_R1","Human"
"109","SRP064107","SRX1278363","not applicable","not collected","Bergsagel, Leif","not collected","not applicable","SKMM2","multiple myeloma","SKMM2_R2","Human"
"110","SRP064107","SRX1278304","10","not collected","Bergsagel, Leif","not collected","mulitple myeloma tumors","not applicable","multiple myeloma","A2052_R1","Human"
"111","SRP064107","SRX1278541","13","not collected","Bergsagel, Leif","not collected","mulitple myeloma tumors","not applicable","multiple myeloma","A1904_R2","Human"
"112","SRP064107","SRX1278321","not applicable","not collected","Bergsagel, Leif","not collected","not applicable","JIM-3","multiple myeloma","JIM-3_R1","Human"
"113","SRP064107","SRX1278249","29","not collected","Bergsagel, Leif","not collected","mulitple myeloma tumors","not applicable","multiple myeloma","A2079_R2","Human"
"114","SRP064107","SRX1278268","15","not collected","Bergsagel, Leif","not collected","mulitple myeloma tumors","not applicable","multiple myeloma","A2020_R1","Human"
"115","SRP064107","SRX1278225","19","not collected","Bergsagel, Leif","not collected","mulitple myeloma tumors","not applicable","multiple myeloma","A1958_R2","Human"
"116","SRP064107","SRX1278272","not applicable","not collected","Bergsagel, Leif","not collected","not applicable","FR4","multiple myeloma","FR4_R2","Human"
"117","SRP064107","SRX1278362","not applicable","not collected","Bergsagel, Leif","not collected","not applicable","SKMM2","multiple myeloma","SKMM2_R1","Human"
"118","SRP064107","SRX1278277","17","not collected","Bergsagel, Leif","not collected","mulitple myeloma tumors","not applicable","multiple myeloma","A2028_R1","Human"
"119","SRP064107","SRX1278243","30","not collected","Bergsagel, Leif","not collected","mulitple myeloma tumors","not applicable","multiple myeloma","A2066_R2","Human"
"120","SRP064107","SRX1278237","6","not collected","Bergsagel, Leif","not collected","mulitple myeloma tumors","not applicable","multiple myeloma","A1994_R1","Human"
"121","SRP064107","SRX1278313","28","not collected","Bergsagel, Leif","not collected","mulitple myeloma tumors","not applicable","multiple myeloma","A2057_R1","Human"
"122","SRP064107","SRX1278251","25","not collected","Bergsagel, Leif","not collected","mulitple myeloma tumors","not applicable","multiple myeloma","A2083_R1","Human"
"123","SRP064107","SRX1278296","23","not collected","Bergsagel, Leif","not collected","mulitple myeloma tumors","not applicable","multiple myeloma","A2044_R1","Human"
"124","SRP064107","SRX1278365","not applicable","not collected","Bergsagel, Leif","not collected","not applicable","U266","multiple myeloma","U266_R1","Human"
"125","SRP064107","SRX1278215","not applicable","not collected","Bergsagel, Leif","not collected","not applicable","8226","multiple myeloma","8226_R1","Human"
"126","SRP064107","SRX1278385","not applicable","not collected","Bergsagel, Leif","not collected","not applicable","VPC6","multiple myeloma","VPC6_R2","Human"
"127","SRP064107","SRX1278276","24","not collected","Bergsagel, Leif","not collected","mulitple myeloma tumors","not applicable","multiple myeloma","A2026_R2","Human"
"128","SRP064107","SRX1278446","11","not collected","Bergsagel, Leif","not collected","mulitple myeloma tumors","not applicable","multiple myeloma","A1880_R1","Human"
"129","SRP064107","SRX1278354","not applicable","not collected","Bergsagel, Leif","not collected","not applicable","OCI-MY1","multiple myeloma","OCI-MY1.FC805_R1","Human"
"130","SRP064107","SRX1278545","16","not collected","Bergsagel, Leif","not collected","mulitple myeloma tumors","not applicable","multiple myeloma","A1916_R1","Human"
"131","SRP064107","SRX1278575","16","not collected","Bergsagel, Leif","not collected","mulitple myeloma tumors","not applicable","multiple myeloma","A1916_R2","Human"
"132","SRP064107","SRX1278445","not applicable","not collected","Bergsagel, Leif","not collected","not applicable","CAG","multiple myeloma","CAG_R1","Human"
"133","SRP064107","SRX1278261","not applicable","not collected","Bergsagel, Leif","not collected","not applicable","FR4","multiple myeloma","FR4_R1","Human"
"134","SRP064107","SRX1278244","26","not collected","Bergsagel, Leif","not collected","mulitple myeloma tumors","not applicable","multiple myeloma","A2070_R1","Human"
"135","SRP064107","SRX1278378","not applicable","not collected","Bergsagel, Leif","not collected","not applicable","UTMC2","multiple myeloma","UTMC2_R2","Human"
"136","SRP064107","SRX1278282","20","not collected","Bergsagel, Leif","not collected","mulitple myeloma tumors","not applicable","multiple myeloma","A2032_R2","Human"
"137","SRP064107","SRX1278336","not applicable","not collected","Bergsagel, Leif","not collected","not applicable","KMS34","multiple myeloma","KMS34_R1","Human"
"138","SRP064107","SRX1278317","not applicable","not collected","Bergsagel, Leif","not collected","not applicable","INA-6","multiple myeloma","INA-6_R2","Human"
"139","SRP064107","SRX1278246","28","not collected","Bergsagel, Leif","not collected","mulitple myeloma tumors","not applicable","multiple myeloma","A2074_R1","Human"
"140","SRP064107","SRX1278525","1","not collected","Bergsagel, Leif","not collected","mulitple myeloma tumors","not applicable","multiple myeloma","A1898_R1","Human"
"141","SRP064107","SRX1278294","18","not collected","Bergsagel, Leif","not collected","mulitple myeloma tumors","not applicable","multiple myeloma","A2042_R2","Human"
"142","SRP064107","SRX1278240","27","not collected","Bergsagel, Leif","not collected","mulitple myeloma tumors","not applicable","multiple myeloma","A2062_R1","Human"
"143","SRP064107","SRX1278327","not applicable","not collected","Bergsagel, Leif","not collected","not applicable","KAS-6_DJ_1","multiple myeloma","KAS-6_DJ_1_R1","Human"
"144","SRP064107","SRX1278320","not applicable","not collected","Bergsagel, Leif","not collected","not applicable","AMO-1","multiple myeloma","AMO-1_R1","Human"
"145","SRP064107","SRX1278325","not applicable","not collected","Bergsagel, Leif","not collected","not applicable","JMW1","multiple myeloma","JMW1_R1","Human"
"146","SRP064107","SRX1278217","not applicable","not collected","Bergsagel, Leif","not collected","not applicable","EJM","multiple myeloma","EJM_R1","Human"
"147","SRP064107","SRX1278328","not applicable","not collected","Bergsagel, Leif","not collected","not applicable","KAS-6_DJ_1","multiple myeloma","KAS-6_DJ_1_R2","Human"
"148","SRP064107","SRX1278329","not applicable","not collected","Bergsagel, Leif","not collected","not applicable","KHM11","multiple myeloma","KHM11_R1","Human"
"149","SRP064107","SRX1278250","not applicable","not collected","Bergsagel, Leif","not collected","not applicable","FLAM76","multiple myeloma","FLAM76_R2","Human"
"150","SRP064107","SRX1278372","not applicable","not collected","Bergsagel, Leif","not collected","not applicable","U266","multiple myeloma","U266_R2","Human"
"151","SRP064107","SRX1278384","not applicable","not collected","Bergsagel, Leif","not collected","not applicable","VPC6","multiple myeloma","VPC6_R1","Human"
"152","SRP064107","SRX1278300","6","not collected","Bergsagel, Leif","not collected","mulitple myeloma tumors","not applicable","multiple myeloma","A2048_R1","Human"
"153","SRP064107","SRX1278338","not applicable","not collected","Bergsagel, Leif","not collected","not applicable","KP6","multiple myeloma","KP6_R1","Human"
"154","SRP064107","SRX1278228","not applicable","not collected","Bergsagel, Leif","not collected","not applicable","EJM","multiple myeloma","EJM_R2","Human"
"155","SRP064107","SRX1278308","11","not collected","Bergsagel, Leif","not collected","mulitple myeloma tumors","not applicable","multiple myeloma","A2054_R2","Human"
"156","SRP064107","SRX1278521","14","not collected","Bergsagel, Leif","not collected","mulitple myeloma tumors","not applicable","multiple myeloma","A1892_R2","Human"
"157","SRP064107","SRX1278233","23","not collected","Bergsagel, Leif","not collected","mulitple myeloma tumors","not applicable","multiple myeloma","A1982_R1","Human"
"158","SRP064107","SRX1278577","8","not collected","Bergsagel, Leif","not collected","mulitple myeloma tumors","not applicable","multiple myeloma","A1922_R2","Human"
"159","SRP064107","SRX1278410","not applicable","not collected","Bergsagel, Leif","not collected","not applicable","XG2","multiple myeloma","XG2_R1","Human"
"160","SRP064107","SRX1278258","9","not collected","Bergsagel, Leif","not collected","mulitple myeloma tumors","not applicable","multiple myeloma","A2010_R2","Human"
"161","SRP064107","SRX1278273","8","not collected","Bergsagel, Leif","not collected","mulitple myeloma tumors","not applicable","multiple myeloma","A2024_R1","Human"
"162","SRP064107","SRX1278357","not applicable","not collected","Bergsagel, Leif","not collected","not applicable","OCI-MY1","multiple myeloma","OCI-MY1.FCC_R2","Human"
"163","SRP064107","SRX1278343","not applicable","not collected","Bergsagel, Leif","not collected","not applicable","LP-1","multiple myeloma","LP-1_R1","Human"
"164","SRP064107","SRX1278361","not applicable","not collected","Bergsagel, Leif","not collected","not applicable","OH-2","multiple myeloma","OH-2_R2","Human"
"165","SRP064107","SRX1278279","3","not collected","Bergsagel, Leif","not collected","mulitple myeloma tumors","not applicable","multiple myeloma","A2030_R1","Human"
"166","SRP064107","SRX1278324","not applicable","not collected","Bergsagel, Leif","not collected","not applicable","JJN3","multiple myeloma","JJN3_R2","Human"
"167","SRP064107","SRX1278579","24","not collected","Bergsagel, Leif","not collected","mulitple myeloma tumors","not applicable","multiple myeloma","A1928_R2","Human"
"168","SRP064107","SRX1278344","not applicable","not collected","Bergsagel, Leif","not collected","not applicable","LP-1","multiple myeloma","LP-1_R2","Human"
"169","SRP064107","SRX1278224","19","not collected","Bergsagel, Leif","not collected","mulitple myeloma tumors","not applicable","multiple myeloma","A1958_R1","Human"
"170","SRP064107","SRX1278373","not applicable","not collected","Bergsagel, Leif","not collected","not applicable","UTMC2","multiple myeloma","UTMC2_R1","Human"
"171","SRP064107","SRX1278311","30","not collected","Bergsagel, Leif","not collected","mulitple myeloma tumors","not applicable","multiple myeloma","A2056_R1","Human"
"172","SRP064107","SRX1278346","not applicable","not collected","Bergsagel, Leif","not collected","not applicable","MC1286PE","multiple myeloma","MC1286PE_R2","Human"
"173","SRP064107","SRX1278330","not applicable","not collected","Bergsagel, Leif","not collected","not applicable","KHM11","multiple myeloma","KHM11_R2","Human"
"174","SRP064107","SRX1278341","not applicable","not collected","Bergsagel, Leif","not collected","not applicable","L363","multiple myeloma","L363_R2","Human"
"175","SRP064107","SRX1278353","not applicable","not collected","Bergsagel, Leif","not collected","not applicable","AMU-1","multiple myeloma","AMU-1_R2","Human"
"176","SRP064107","SRX1278332","not applicable","not collected","Bergsagel, Leif","not collected","not applicable","KMS18","multiple myeloma","KMS18_R1","Human"
"177","SRP064107","SRX1278306","not applicable","not collected","Bergsagel, Leif","not collected","not applicable","INA-6","multiple myeloma","INA-6_R1","Human"
"178","SRP064107","SRX1278295","not applicable","not collected","Bergsagel, Leif","not collected","not applicable","H929","multiple myeloma","H929_R2","Human"
"179","SRP064107","SRX1278298","5","not collected","Bergsagel, Leif","not collected","mulitple myeloma tumors","not applicable","multiple myeloma","A2046_R1","Human"
"180","SRP064107","SRX1278441","9","not collected","Bergsagel, Leif","not collected","mulitple myeloma tumors","not applicable","multiple myeloma","A1868_R1","Human"
"181","SRP064107","SRX1278411","not applicable","not collected","Bergsagel, Leif","not collected","not applicable","XG2","multiple myeloma","XG2_R2","Human"
"182","SRP064107","SRX1278265","1","not collected","Bergsagel, Leif","not collected","mulitple myeloma tumors","not applicable","multiple myeloma","A2016_R2","Human"
"183","SRP064107","SRX1278235","5","not collected","Bergsagel, Leif","not collected","mulitple myeloma tumors","not applicable","multiple myeloma","A1988_R1","Human"
"184","SRP064107","SRX1278447","11","not collected","Bergsagel, Leif","not collected","mulitple myeloma tumors","not applicable","multiple myeloma","A1880_R2","Human"
"185","SRP064107","SRX1278219","3","not collected","Bergsagel, Leif","not collected","mulitple myeloma tumors","not applicable","multiple myeloma","A1940_R2","Human"
"186","SRP064107","SRX1278274","8","not collected","Bergsagel, Leif","not collected","mulitple myeloma tumors","not applicable","multiple myeloma","A2024_R2","Human"
"187","SRP064107","SRX1278331","not applicable","not collected","Bergsagel, Leif","not collected","not applicable","AMO-1","multiple myeloma","AMO-1_R2","Human"
"188","SRP064107","SRX1278316","26","not collected","Bergsagel, Leif","not collected","mulitple myeloma tumors","not applicable","multiple myeloma","A2058_R2","Human"
"189","SRP064107","SRX1278323","not applicable","not collected","Bergsagel, Leif","not collected","not applicable","JJN3","multiple myeloma","JJN3_R1","Human"
"190","SRP064107","SRX1278223","21","not collected","Bergsagel, Leif","not collected","mulitple myeloma tumors","not applicable","multiple myeloma","A1952_R2","Human"
"191","SRP064107","SRX1278252","25","not collected","Bergsagel, Leif","not collected","mulitple myeloma tumors","not applicable","multiple myeloma","A2083_R2","Human"
"192","SRP064107","SRX1278302","4","not collected","Bergsagel, Leif","not collected","mulitple myeloma tumors","not applicable","multiple myeloma","A2050_R1","Human"
