"","study.accession","experiment.accession","isolate","age","biomaterial_provider","sex","tissue","BioSampleModel"
"1","SRP051819","SRX834373","CD138 positive cells from patient3","59","Samir Parekh","male","Bone Marrow","Human"
"2","SRP051819","SRX834594","This cell line was established from a malignant effusion in a patient with myeloma.","62","ATCC<U+00C2><U+00AE><U+00C2><U+00A0>CRL-9068<U+00C2><U+0099>","female","Malignant effusion","Human"
"3","SRP051819","SRX834589","CD138 positive cells from patient22","59","Samir Parekh","male","Bone Marrow","Human"
"4","SRP051819","SRX834600","CD138 positive cells from patient28","69","Samir Parekh","female","Bone Marrow","Human"
"5","SRP051819","SRX834688","CD138 positive cells from patient19","64","Samir Parekh","male","Bone Marrow","Human"
"6","SRP051819","SRX834671","CD138 positive cells from patient11","50","Samir Parekh","female","Bone Marrow","Human"
"7","SRP051819","SRX834590","CD138 positive cells from patient29","59","Samir Parekh","male","Bone Marrow","Human"
"8","SRP051819","SRX834689","CD138 positive cells from patient23","58","Samir Parekh","male","Bone Marrow","Human"
"9","SRP051819","SRX834601","CD138 positive cells from patient20","48","Samir Parekh","male","Bone Marrow","Human"
"10","SRP051819","SRX834693","CD138 positive cells from patient27","58","Samir Parekh","male","Bone Marrow","Human"
"11","SRP051819","SRX834667","CD138 positive cells from patient32","56","Samir Parekh","male","Bone Marrow","Human"
"12","SRP051819","SRX834591","CD138 positive cells from patient30","71","Samir Parekh","male","Bone Marrow","Human"
"13","SRP051819","SRX834382","CD138 positive cells from patient5","73","Samir Parekh","male","Bone Marrow","Human"
"14","SRP051819","SRX834670","CD138 positive cells from patient10","63","Samir Parekh","male","Bone Marrow","Human"
"15","SRP051819","SRX834599","CD138 positive cells from patient21","79","Samir Parekh","female","Bone Marrow","Human"
"16","SRP051819","SRX834680","CD138 positive cells from patient17","59","Samir Parekh","male","Bone Marrow","Human"
"17","SRP051819","SRX833918","CD138 positive cells from patient4","83","Samir Parekh","female","Bone Marrow","Human"
"18","SRP051819","SRX834593","This cell line NCI-H929 was established from a malignant effusion in a patient with myeloma","62","ATCC<U+00C2><U+00AE><U+00C2><U+00A0>CRL-9068<U+00C2><U+0099>","female","Malignant effusion","Human"
"19","SRP051819","SRX834518","CD138 positive cells from patient15","63","Samir Parekh","male","Bone Marrow","Human"
"20","SRP051819","SRX834597","CD138 positive cells from patient9","78","Samir Parekh","male","Bone Marrow","Human"
"21","SRP051819","SRX834691","CD138 positive cells from patient25","61","Samir Parekh","male","Bone Marrow","Human"
"22","SRP051819","SRX834598","CD138 positive cells from patient34","63","Samir Parekh","male","Bone Marrow","Human"
"23","SRP051819","SRX834687","CD138 positive cells from patient18","64","Samir Parekh","male","Bone Marrow","Human"
"24","SRP051819","SRX834673","CD138 positive cells from patient13","63","Samir Parekh","female","Bone Marrow","Human"
"25","SRP051819","SRX834385","CD138 positive cells from patient6","73","Samir Parekh","male","Bone Marrow","Human"
"26","SRP051819","SRX834588","CD138 positive cells from patient14","58","Samir Parekh","male","Bone Marrow","Human"
"27","SRP051819","SRX834618","CD138 positive cells from patient31","76","Samir Parekh","male","Bone Marrow","Human"
"28","SRP051819","SRX834279","CD138 positive cells from patient1","66","Samir Parekh","female","Bone Marrow","Human"
"29","SRP051819","SRX834692","CD138 positive cells from patient26","47","Samir Parekh","female","Bone Marrow","Human"
"30","SRP051819","SRX834672","CD138 positive cells from patient12","69","Samir Parekh","female","Bone Marrow","Human"
"31","SRP051819","SRX834669","CD138 positive cells from patient33","67","Samir Parekh","male","Bone Marrow","Human"
