"","study.accession","experiment.accession","source_name","disease.state","tissue"
"1","SRP027364","SRX322314","thyroid tissue","Tumor","thyroid"
"2","SRP027364","SRX322313","thyroid tissue","Normal","thyroid"
"3","SRP027364","SRX322318","thyroid tissue","Tumor","thyroid"
"4","SRP027364","SRX322315","thyroid tissue","Tumor","thyroid"
"5","SRP027364","SRX322316","thyroid tissue","Tumor","thyroid"
"6","SRP027364","SRX322311","thyroid tissue","Normal","thyroid"
"7","SRP027364","SRX322309","thyroid tissue","Normal","thyroid"
"8","SRP027364","SRX322310","thyroid tissue","Normal","thyroid"
"9","SRP027364","SRX322312","thyroid tissue","Normal","thyroid"
"10","SRP027364","SRX322317","thyroid tissue","Tumor","thyroid"
"11","SRP027364","SRX322319","thyroid tissue","Tumor","thyroid"
