"","study.accession","experiment.accession","source_name","cell.line","cancer.subtype"
"1","SRP019207","SRX248169","Breast cancer cell line","BT-549","breast cancer"
"2","SRP019207","SRX248167","Pancreatic cancer cell line","PL5","pancreatic cancer"
"3","SRP019207","SRX248164","Combined cancer cell lines (A172, A431, D538MG)","A172, A431, D538MG","A172-GBM, A431-epidermoid carcinoma, D538MG-anaplastic astrocytoma"
"4","SRP019207","SRX248168","Breast cancer cell line","HCC1954","breast cancer"
"5","SRP019207","SRX248170","T-ALL cell line","SUPT13","T-ALL"
"6","SRP019207","SRX248165","Combined cancer cell lines (SUPT7, ONS76, SH-4)","SUPT7, ONS76, SH-4","SUPT7-TALL, ONS76-GBM, SH-4-melanoma"
"7","SRP019207","SRX248166","Combined human cancer cell lines (CHL-1, DKMG, JURKAT)","CHL-1, DKMG, JURKAT","CHL-1-melanoma, DKMG-GBM, JURKAT-TALL"
