"","study.accession","experiment.accession","source_name","cell.line.background","cell.type","genotype.variation"
"1","SRP051606","SRX825427","MiaPaca2","MiaPaca2","original Pancreatic Ductal Adenocarcinoma (PDAC) cell line",NA
"2","SRP051606","SRX825429","PANC1","PANC1","original Pancreatic Ductal Adenocarcinoma (PDAC) cell line",NA
"3","SRP051606","SRX825437","CFPAC1.ELF3-KO","CFPAC1","CFPAC1 genome-edited clonal cell line","ELF3-deleted CRISPR-Cas9 clone"
"4","SRP051606","SRX825426","HPAF2","HPAF2","original Pancreatic Ductal Adenocarcinoma (PDAC) cell line",NA
"5","SRP051606","SRX825433","CFPAC1.Control","CFPAC1","CFPAC1 clonal cell line","wild type clone"
"6","SRP051606","SRX825420","CAPAN1","CAPAN1","original Pancreatic Ductal Adenocarcinoma (PDAC) cell line",NA
"7","SRP051606","SRX825439","CFPAC1.KLF5-KO","CFPAC1","CFPAC1 genome-edited clonal cell line","KLF5-deleted CRISPR-Cas9 clone"
"8","SRP051606","SRX825415","AsPC1","AsPC1","original Pancreatic Ductal Adenocarcinoma (PDAC) cell line",NA
"9","SRP051606","SRX825421","CAPAN2","CAPAN2","original Pancreatic Ductal Adenocarcinoma (PDAC) cell line",NA
"10","SRP051606","SRX825419","CAPAN1","CAPAN1","original Pancreatic Ductal Adenocarcinoma (PDAC) cell line",NA
"11","SRP051606","SRX825436","CFPAC1.ELF3-KO","CFPAC1","CFPAC1 genome-edited clonal cell line","ELF3-deleted CRISPR-Cas9 clone"
"12","SRP051606","SRX825422","CAPAN2","CAPAN2","original Pancreatic Ductal Adenocarcinoma (PDAC) cell line",NA
"13","SRP051606","SRX825423","CFPAC1","CFPAC1","original Pancreatic Ductal Adenocarcinoma (PDAC) cell line",NA
"14","SRP051606","SRX825434","CFPAC1.Control","CFPAC1","CFPAC1 clonal cell line","wild type clone"
"15","SRP051606","SRX825432","PT45P1","PT45P1","original Pancreatic Ductal Adenocarcinoma (PDAC) cell line",NA
"16","SRP051606","SRX825418","BxPc3","BxPc3","original Pancreatic Ductal Adenocarcinoma (PDAC) cell line",NA
"17","SRP051606","SRX825438","CFPAC1.KLF5-KO","CFPAC1","CFPAC1 genome-edited clonal cell line","KLF5-deleted CRISPR-Cas9 clone"
"18","SRP051606","SRX825428","MiaPaca2","MiaPaca2","original Pancreatic Ductal Adenocarcinoma (PDAC) cell line",NA
"19","SRP051606","SRX825431","PT45P1","PT45P1","original Pancreatic Ductal Adenocarcinoma (PDAC) cell line",NA
"20","SRP051606","SRX825430","PANC1","PANC1","original Pancreatic Ductal Adenocarcinoma (PDAC) cell line",NA
"21","SRP051606","SRX825416","AsPC1","AsPC1","original Pancreatic Ductal Adenocarcinoma (PDAC) cell line",NA
"22","SRP051606","SRX825442","CFPAC1.ZEB1_OE","CFPAC1","CFPAC1 cells transfected with ZEB1 expressing vector","ectopically expressing ZEB1"
"23","SRP051606","SRX825417","BxPc3","BxPc3","original Pancreatic Ductal Adenocarcinoma (PDAC) cell line",NA
"24","SRP051606","SRX825440","CFPAC1.Control","CFPAC1","CFPAC1 cells transfected with empty vector","empty vector control"
"25","SRP051606","SRX825441","CFPAC1.Control","CFPAC1","CFPAC1 cells transfected with empty vector","empty vector control"
"26","SRP051606","SRX825443","CFPAC1.ZEB1_OE","CFPAC1","CFPAC1 cells transfected with ZEB1 expressing vector","ectopically expressing ZEB1"
"27","SRP051606","SRX825425","HPAF2","HPAF2","original Pancreatic Ductal Adenocarcinoma (PDAC) cell line",NA
"28","SRP051606","SRX825424","CFPAC1","CFPAC1","original Pancreatic Ductal Adenocarcinoma (PDAC) cell line",NA
"29","SRP051606","SRX825435","CFPAC1.ELF3-KO","CFPAC1","CFPAC1 genome-edited clonal cell line","ELF3-deleted CRISPR-Cas9 clone"
