"","study.accession","experiment.accession","source_name","gender","individual","tissue"
"1","SRP049710","SRX761067","kidney","male","patient1","tumor"
"2","SRP049710","SRX761072","kidney","male","patient1","matched normal"
"3","SRP049710","SRX761074","kidney","female","patient2","matched normal"
"4","SRP049710","SRX761074","kidney","female","patient2","matched normal"
"5","SRP049710","SRX761067","kidney","male","patient1","tumor"
"6","SRP049710","SRX761067","kidney","male","patient1","tumor"
"7","SRP049710","SRX761069","kidney","female","patient2","tumor"
"8","SRP049710","SRX761068","kidney","male","patient1","matched normal"
"9","SRP049710","SRX757566","kidney","female","patient2","tumor"
"10","SRP049710","SRX761069","kidney","female","patient2","tumor"
"11","SRP049710","SRX761070","kidney","female","patient2","matched normal"
"12","SRP049710","SRX757564","kidney","male","patient1","tumor"
"13","SRP049710","SRX761067","kidney","male","patient1","tumor"
"14","SRP049710","SRX761071","kidney","male","patient1","tumor"
"15","SRP049710","SRX761068","kidney","male","patient1","matched normal"
"16","SRP049710","SRX761068","kidney","male","patient1","matched normal"
"17","SRP049710","SRX761073","kidney","female","patient2","tumor"
"18","SRP049710","SRX761074","kidney","female","patient2","matched normal"
"19","SRP049710","SRX757565","kidney","male","patient1","matched normal"
"20","SRP049710","SRX761071","kidney","male","patient1","tumor"
"21","SRP049710","SRX761068","kidney","male","patient1","matched normal"
"22","SRP049710","SRX761070","kidney","female","patient2","matched normal"
"23","SRP049710","SRX757567","kidney","female","patient2","matched normal"
"24","SRP049710","SRX761073","kidney","female","patient2","tumor"
"25","SRP049710","SRX761070","kidney","female","patient2","matched normal"
"26","SRP049710","SRX761073","kidney","female","patient2","tumor"
"27","SRP049710","SRX761072","kidney","male","patient1","matched normal"
"28","SRP049710","SRX761071","kidney","male","patient1","tumor"
"29","SRP049710","SRX761069","kidney","female","patient2","tumor"
"30","SRP049710","SRX761072","kidney","male","patient1","matched normal"
