"","study.accession","experiment.accession","source_name","cell.line","treatment","sample.id"
"1","SRP048664","SRX722672","HCC1419","HCC1419","1<U+03BC>M Lapatinib 9 days","dtp_mg02"
"2","SRP048664","SRX722676","HCC1419","HCC1419","1<U+03BC>M Lapatinib indefinitely","dep_mg08"
"3","SRP048664","SRX722671","HCC1419","HCC1419","untreated","par_mg03"
"4","SRP048664","SRX722675","HCC1419","HCC1419","1<U+03BC>M Lapatinib indefinitely","dep_mg07"
"5","SRP048664","SRX722673","HCC1419","HCC1419","1<U+03BC>M Lapatinib 9 days","dtp_mg05"
"6","SRP048664","SRX722674","HCC1419","HCC1419","1<U+03BC>M Lapatinib indefinitely","dep_mgA6"
"7","SRP048664","SRX722670","HCC1419","HCC1419","untreated","par_mg01"
