"","study.accession","experiment.accession","source_name","tissue","tumor.type","donor.age","sex","synaptofysin.staining","chromogranin.staining","serotonin.staining","cd117.staining","ppp.staining","vip.staining","ghrelin.staining","cka.staining"
"1","SRP041062","SRX514717","Illeum","Illeum","Small intestinal neuroendocrine tumor","73","Male","+","+","+","-","NA.","NA.","NA.","NA."
"2","SRP041062","SRX514718","Pituitary","Pituitary","Normal tissue","83","Male","NA.","NA.","NA.","NA.","NA.","NA.","NA.","NA."
"3","SRP041062","SRX514716","Illeum","Illeum","Small intestinal neuroendocrine tumor","66","Female","+","+","NA.","NA.","NA.","NA.","NA.","+"
"4","SRP041062","SRX514715","Illeum","Illeum","Small intestinal neuroendocrine tumor","73","Male","+","+","+","-","-","-","-","NA."
