"","study.accession","experiment.accession","source_name","tissue.id","er.pr.her2.status","tumor.size","tumor.grade","molecule.subtype"
"1","SRP030401","SRX359590","Fresh-frozen breast tumor","BRB147","+ / - / +","3cm","3","rRNA depleted RNA"
"2","SRP030401","SRX359594","Fresh-frozen breast tumor","BRB248","+ / + / +","2cm","2","rRNA depleted RNA"
"3","SRP030401","SRX359579","FFPE breast tumor","BRB123","+ / + / -","1.7cm","2","rRNA depleted RNA"
"4","SRP030401","SRX359603","Fresh-frozen breast tumor","BRB248","+ / + / +","2cm","2","polyA enriched RNA"
"5","SRP030401","SRX359582","FFPE breast tumor","BRB157","+ / + / +","1.3cm","3","rRNA depleted RNA"
"6","SRP030401","SRX359581","FFPE breast tumor","BRB147","+ / - / +","3cm","3","rRNA depleted RNA"
"7","SRP030401","SRX359598","Fresh-frozen breast tumor","BRB144","- / - / +","6cm","3","polyA enriched RNA"
"8","SRP030401","SRX359605","Fresh-frozen breast tumor","MCJBCR028","+ / + / +","1cm","2","polyA enriched RNA"
"9","SRP030401","SRX359601","Fresh-frozen breast tumor","BRB212","- / - / +","2cm","3","polyA enriched RNA"
"10","SRP030401","SRX359602","Fresh-frozen breast tumor","BRB215","+ / + / -","3.5cm","2","polyA enriched RNA"
"11","SRP030401","SRX359583","FFPE breast tumor","BRB212","- / - / +","2cm","3","rRNA depleted RNA"
"12","SRP030401","SRX359584","FFPE breast tumor","BRB215","+ / + / -","3.5cm","2","rRNA depleted RNA"
"13","SRP030401","SRX359597","Fresh-frozen breast tumor","BRB123","+ / + / -","1.7cm","2","polyA enriched RNA"
"14","SRP030401","SRX359587","FFPE breast tumor","MCJBCR028","+ / + / +","1cm","2","rRNA depleted RNA"
"15","SRP030401","SRX359589","Fresh-frozen breast tumor","BRB144","- / - / +","6cm","3","rRNA depleted RNA"
"16","SRP030401","SRX359585","FFPE breast tumor","BRB248","+ / + / +","2cm","2","rRNA depleted RNA"
"17","SRP030401","SRX359591","Fresh-frozen breast tumor","BRB157","+ / + / +","1.3cm","3","rRNA depleted RNA"
"18","SRP030401","SRX359586","FFPE breast tumor","BRB277","+ / + / +","3cm","3","rRNA depleted RNA"
"19","SRP030401","SRX359596","Fresh-frozen breast tumor","MCJBCR028","+ / + / +","1cm","2","rRNA depleted RNA"
"20","SRP030401","SRX359600","Fresh-frozen breast tumor","BRB157","+ / + / +","1.3cm","3","polyA enriched RNA"
"21","SRP030401","SRX359588","Fresh-frozen breast tumor","BRB123","+ / + / -","1.7cm","2","rRNA depleted RNA"
"22","SRP030401","SRX359593","Fresh-frozen breast tumor","BRB215","+ / + / -","3.5cm","2","rRNA depleted RNA"
"23","SRP030401","SRX359604","Fresh-frozen breast tumor","BRB277","+ / + / +","3cm","3","polyA enriched RNA"
"24","SRP030401","SRX359599","Fresh-frozen breast tumor","BRB147","+ / - / +","3cm","3","polyA enriched RNA"
"25","SRP030401","SRX359580","FFPE breast tumor","BRB144","- / - / +","6cm","3","rRNA depleted RNA"
"26","SRP030401","SRX359592","Fresh-frozen breast tumor","BRB212","- / - / +","2cm","3","rRNA depleted RNA"
"27","SRP030401","SRX359595","Fresh-frozen breast tumor","BRB277","+ / + / +","3cm","3","rRNA depleted RNA"
