"","study.accession","experiment.accession","source_name","tissue","age.at.diagnosis","cytogenetic.group","disease.state"
"1","SRP007826","SRX091794","Bone Marrow","Bone Marrow","50","t(9;22)","AML patient"
"2","SRP007826","SRX091766","Peripheral Blood","Peripheral Blood","30","t(15;17)","AML patient"
"3","SRP007826","SRX091795","Peripheral Blood","Peripheral Blood","35","11q23","AML patient"
"4","SRP007826","SRX091779","Peripheral Blood","Peripheral Blood","28","inv(16)","AML patient"
"5","SRP007826","SRX091767","Peripheral Blood","Peripheral Blood","69","t(15;17)","AML patient"
"6","SRP007826","SRX091793","Peripheral Blood","Peripheral Blood","52","11q23","AML patient"
"7","SRP007826","SRX091774","Bone Marrow","Bone Marrow","45","t(15;17)","AML patient"
"8","SRP007826","SRX091789","Bone Marrow","Bone Marrow","n/a","Normal BM","healthy donor"
"9","SRP007826","SRX091771","Peripheral Blood (IBM enriched)","Peripheral Blood (IBM enriched)","53","t(15;17)","AML patient"
"10","SRP007826","SRX091788","Peripheral Blood","Peripheral Blood","41","Normal Karyotype (NK)","AML patient"
"11","SRP007826","SRX091786","Peripheral Blood","Peripheral Blood","36","inv(16)","AML patient"
"12","SRP007826","SRX091764","Peripheral Blood","Peripheral Blood","18","t(8;21)","AML patient"
"13","SRP007826","SRX091775","Peripheral Blood","Peripheral Blood","63","Complex","AML patient"
"14","SRP007826","SRX091791","Bone Marrow","Bone Marrow","65","inv(16)","AML patient"
"15","SRP007826","SRX091777","Peripheral Blood","Peripheral Blood","45","11q23","AML patient"
"16","SRP007826","SRX091776","Peripheral Blood","Peripheral Blood","76","Normal Karyotype (NK)","AML patient"
"17","SRP007826","SRX091783","Bone Marrow","Bone Marrow","67","t(8;21)","AML patient"
"18","SRP007826","SRX091782","n/a","n/a","6","inv(16)","AML patient"
"19","SRP007826","SRX091770","Peripheral Blood","Peripheral Blood","17","t(15;17)","AML patient"
"20","SRP007826","SRX091785","n/a","n/a","55","11q23","AML patient"
"21","SRP007826","SRX091772","Peripheral Blood","Peripheral Blood","40","inv(16)","AML patient"
"22","SRP007826","SRX091800","Bone Marrow","Bone Marrow","n/a","Normal BM","healthy donor"
"23","SRP007826","SRX091769","Peripheral Blood","Peripheral Blood","28","Other","AML patient"
"24","SRP007826","SRX091763","Bone Marrow","Bone Marrow","27","t(8;21)","AML patient"
"25","SRP007826","SRX091781","Peripheral Blood","Peripheral Blood","52","Other","AML patient"
"26","SRP007826","SRX091790","Bone Marrow","Bone Marrow","47","t(9;22)","AML patient"
"27","SRP007826","SRX091797","Peripheral Blood","Peripheral Blood","53","Normal Karyotype (NK)","AML patient"
"28","SRP007826","SRX091796","Peripheral Blood","Peripheral Blood","67","Normal Karyotype (NK)","AML patient"
"29","SRP007826","SRX091780","n/a","n/a","56","Complex","AML patient"
"30","SRP007826","SRX091792","Peripheral Blood","Peripheral Blood","28","inv(16)","AML patient"
"31","SRP007826","SRX091765","Bone Marrow","Bone Marrow","24","t(6;9)","AML patient"
"32","SRP007826","SRX091787","Peripheral Blood (IBM enriched)","Peripheral Blood (IBM enriched)","53","t(15;17)","AML patient"
"33","SRP007826","SRX091798","Peripheral Blood","Peripheral Blood","65","t(8;21)","AML patient"
"34","SRP007826","SRX091778","Peripheral Blood","Peripheral Blood","67","t(8;21)","AML patient"
"35","SRP007826","SRX091773","Peripheral Blood","Peripheral Blood","52","t(6;9)","AML patient"
"36","SRP007826","SRX091768","Bone Marrow","Bone Marrow","36","t(9;22)","AML patient"
"37","SRP007826","SRX091784","Bone Marrow","Bone Marrow","67","inv(16)","AML patient"
"38","SRP007826","SRX091799","Bone Marrow","Bone Marrow","34","Normal Karyotype (NK)","AML patient"
