"","study.accession","experiment.accession","source_name","molecule","differential.expression.tool","cell.type","treatment","growth.protocol","basecalling","alignment.tool"
"1","SRP049769","SRX1420993","OCI-LY1 cells","eIF4E RIP nuclear RNAs","pairwise limma voom",NA,NA,NA,NA,NA
"2","SRP049769","SRX1420997","OCI-LY1 cells","nuclear RNA","pairwise limma voom",NA,NA,NA,NA,NA
"3","SRP049769","SRX1420995","OCI-LY1 cells","nuclear RNA","pairwise limma voom",NA,NA,NA,NA,NA
"4","SRP049769","SRX1420996","OCI-LY1 cells","nuclear RNA","pairwise limma voom",NA,NA,NA,NA,NA
"5","SRP049769","SRX1420994","OCI-LY1 cells","eIF4E RIP nuclear RNAs","pairwise limma voom",NA,NA,NA,NA,NA
"6","SRP049769","SRX758626","De-identified patient derived xenograft, passage 4",NA,"EdgeR","PDX cells","80mg/kg/b.i.d ribavarin IP for 10 days","PDX was established in NSG mice for 4 passages","CASAVA 1.8.2","STAR"
"7","SRP049769","SRX1420992","OCI-LY1 cells","eIF4E RIP nuclear RNAs","pairwise limma voom",NA,NA,NA,NA,NA
"8","SRP049769","SRX758625","De-identified patient derived xenograft, passage 4",NA,"EdgeR","PDX cells","Sterile PBS b.i.d. IP for 10 days","PDX was established in NSG mice for 4 passages","CASAVA 1.8.2","STAR"
"9","SRP049769","SRX758624","De-identified patient derived xenograft, passage 4",NA,"EdgeR","PDX cells","Sterile PBS b.i.d. IP for 10 days","PDX was established in NSG mice for 4 passages","CASAVA 1.8.2","STAR"
"10","SRP049769","SRX758627","De-identified patient derived xenograft, passage 4",NA,"EdgeR","PDX cells","80mg/kg/b.i.d ribavarin IP for 10 days","PDX was established in NSG mice for 4 passages","CASAVA 1.8.2","STAR"
