"","study.accession","experiment.accession","source_name","disease","cell.type"
"1","SRP055444","SRX886440","PB","Chronic lymphocytic leukemia","CLL cells"
"2","SRP055444","SRX886438","PB","Chronic lymphocytic leukemia","CLL cells"
"3","SRP055444","SRX886437","PB","Chronic lymphocytic leukemia","CLL cells"
"4","SRP055444","SRX886431","PB","Chronic lymphocytic leukemia","CLL cells"
"5","SRP055444","SRX886436","PB","Chronic lymphocytic leukemia","CLL cells"
"6","SRP055444","SRX886435","PB","Chronic lymphocytic leukemia","CLL cells"
"7","SRP055444","SRX886425","PB","Chronic lymphocytic leukemia","CLL cells"
"8","SRP055444","SRX886424","PB","Chronic lymphocytic leukemia","CLL cells"
"9","SRP055444","SRX886433","PB","Chronic lymphocytic leukemia","CLL cells"
"10","SRP055444","SRX886432","PB","Chronic lymphocytic leukemia","CLL cells"
"11","SRP055444","SRX886430","PB","Chronic lymphocytic leukemia","CLL cells"
"12","SRP055444","SRX886434","PB","Chronic lymphocytic leukemia","CLL cells"
"13","SRP055444","SRX886426","PB","Chronic lymphocytic leukemia","CLL cells"
"14","SRP055444","SRX886439","PB","Chronic lymphocytic leukemia","CLL cells"
"15","SRP055444","SRX886427","PB","Chronic lymphocytic leukemia","CLL cells"
"16","SRP055444","SRX886429","PB","Chronic lymphocytic leukemia","CLL cells"
"17","SRP055444","SRX886428","PB","Chronic lymphocytic leukemia","CLL cells"
