"","study.accession","experiment.accession","strain","label","collection.date","geographic.location","age","tissue","phenotype","cell.type","disease","genotype","sex"
"1","SRP035252","SRX423990","C57BL/6","MN3_shSetd2_sh1","2013.06.25","Beijing, China","11 weeks old","Bone marrow","leukemia","Setd2 knockdown shRNA#1 transduced MLL-NRIP3 leukemia cells","leukemia","MLL-NRIP3",NA
"2","SRP035252","SRX423985","C57BL/6","MA9_shSetd2_plat1_sh1_rep2","2012.06.20","Beijing, China","2-4 months old without obvious AML. pre-leukemia mice","Bone marrow","preleukemia","Setd2 knockdown shRNA#1 transduced Mll-Af9 leukemia cells","preleukemia","Mll-Af9","female"
"3","SRP035252","SRX423981",NA,"HT","2011.05.05","Beijing, China","3.5 years old","peripheral blood","normal","normal peripheral blood cells",NA,NA,"female"
"4","SRP035252","SRX423988","C57BL/6","MN3_scramble_rep1","2013.06.25","Beijing, China","11 weeks old","Bone marrow","leukemia","scrambled shRNA transduced MLL-NRIP3 leukemia cells","leukemia","MLL-NRIP3",NA
"5","SRP035252","SRX423989","C57BL/6","MN3_scramble_rep2","2013.06.25","Beijing, China","11 weeks old","Bone marrow","leukemia","scrambled shRNA transduced MLL-NRIP3 leukemia cells","leukemia","MLL-NRIP3",NA
"6","SRP035252","SRX423986","C57BL/6","MA9_shSetd2_plat1_sh2_rep1","2012.06.20","Beijing, China","2-4 months old without obvious AML. pre-leukemia mice","Bone marrow","preleukemia","Setd2 knockdown shRNA#2 transduced Mll-Af9 leukemia cells","preleukemia","Mll-Af9","female"
"7","SRP035252","SRX423984","C57BL/6","MA9_shSetd2_plat1_sh1_rep1","2012.06.20","Beijing, China","2-4 months old without obvious AML. pre-leukemia mice","Bone marrow","preleukemia","Setd2 knockdown shRNA#1 transduced Mll-Af9 leukemia cells","preleukemia","Mll-Af9","female"
"8","SRP035252","SRX423980",NA,"PT_Normal","2011.05.05","Beijing, China","3.5 years old","peripheral blood","normal","CD56-CD64- normal cells",NA,NA,"female"
"9","SRP035252","SRX423982","C57BL/6","MA9_scramble_plat1_rep1","2012.06.20","Beijing, China","2-4 months old without obvious AML. pre-leukemia mice","Bone marrow","preleukemia","scrambled shRNA transduced Mll-Af9 leukemia cells","preleukemia","Mll-Af9","female"
"10","SRP035252","SRX423987","C57BL/6","MA9_shSetd2_plat1_sh2_rep2","2012.06.20","Beijing, China","2-4 months old without obvious AML. pre-leukemia mice","Bone marrow","preleukemia","Setd2 knockdown shRNA#2 transduced Mll-Af9 leukemia cells","preleukemia","Mll-Af9","female"
"11","SRP035252","SRX423978",NA,"PT_Leukemia","2011.03.15","Beijing, China","3.5 years old","peripheral blood","AML-M5","CD56+CD64+ leukemia cells","AML","MLL-NRIP3","female"
"12","SRP035252","SRX423983","C57BL/6","MA9_scramble_plat1_rep2","2012.06.20","Beijing, China","2-4 months old without obvious AML. pre-leukemia mice","Bone marrow","preleukemia","scrambled shRNA transduced Mll-Af9 leukemia cells","preleukemia","Mll-Af9","female"
"13","SRP035252","SRX423991","C57BL/6","MN3_shSetd2_sh2","2013.06.25","Beijing, China","11 weeks old","Bone marrow","leukemia","Setd2 knockdown shRNA#2 transduced MLL-NRIP3 leukemia cells","leukemia","MLL-NRIP3",NA
