"","study.accession","experiment.accession","source_name","cell.line","growth","cell.type"
"1","SRP040505","SRX499046","Exponetially growing","MCF-7","Exponetially growing","Breast cancer cells"
"2","SRP040505","SRX499037","growth-arrested","MCF-7","growth-arrested","Breast cancer cells"
"3","SRP040505","SRX499031","hormone-insensitive, ER<U+03B1>-","SKBR3","hormone-insensitive, ER<U+03B1>-","Breast cancer cells"
"4","SRP040505","SRX499032","Exponetially growing","MCF-7","Exponetially growing","Breast cancer cells"
"5","SRP040505","SRX499049","growth-arrested","MCF-7","growth-arrested","Breast cancer cells"
"6","SRP040505","SRX499029","Exponetially growing","MCF-7","Exponetially growing","Breast cancer cells"
"7","SRP040505","SRX499040","Exponetially growing","MCF-7","Exponetially growing","Breast cancer cells"
"8","SRP040505","SRX499033","Exponetially growing","MCF-7","Exponetially growing","Breast cancer cells"
"9","SRP040505","SRX499035","growth-arrested","MCF-7","growth-arrested","Breast cancer cells"
"10","SRP040505","SRX499030","hormone-sensitive, ER<U+03B1>+,","ZR-75.1","hormone-sensitive, ER<U+03B1>+,","Breast cancer cells"
"11","SRP040505","SRX499041","growth-arrested","MCF-7","growth-arrested","Breast cancer cells"
"12","SRP040505","SRX499045","Exponetially growing","MCF-7","Exponetially growing","Breast cancer cells"
"13","SRP040505","SRX499044","Exponetially growing","MCF-7","Exponetially growing","Breast cancer cells"
"14","SRP040505","SRX499039","Exponetially growing","MCF-7","Exponetially growing","Breast cancer cells"
"15","SRP040505","SRX499038","Exponetially growing","MCF-7","Exponetially growing","Breast cancer cells"
"16","SRP040505","SRX499047","growth-arrested","MCF-7","growth-arrested","Breast cancer cells"
"17","SRP040505","SRX499028","Non-tumorigenic epithelial cells","MCF10A","Non-tumorigenic epithelial cells","Breast cancer cells"
"18","SRP040505","SRX499036","growth-arrested","MCF-7","growth-arrested","Breast cancer cells"
"19","SRP040505","SRX499042","growth-arrested","MCF-7","growth-arrested","Breast cancer cells"
"20","SRP040505","SRX499048","growth-arrested","MCF-7","growth-arrested","Breast cancer cells"
"21","SRP040505","SRX499043","growth-arrested","MCF-7","growth-arrested","Breast cancer cells"
"22","SRP040505","SRX499034","Exponetially growing","MCF-7","Exponetially growing","Breast cancer cells"
