"","study.accession","experiment.accession","source_name","cell.line","passage.number","group","transfection"
"1","SRP049591","SRX752915","LNCaP-siFoxA1 RNA-seq","LNCaP","32-34","androgen dependent","siFoxA1"
"2","SRP049591","SRX1212238","LNCaP-abl siFoxA1","prostate cancer cells","62-64","LNCaP-abl","CREB1 (Abcam ab31387)"
"3","SRP049591","SRX752913","LNCaP-siControl RNA-seq","LNCaP","32-34","androgen dependent","siControl"
"4","SRP049591","SRX1212235","LNCaP-abl siCREB1","prostate cancer cells","62-64","LNCaP-abl","FoxA1 (Abcam ab23738)"
"5","SRP049591","SRX752910","abl-siControl RNA-seq","LNCaP-abl","62-64","androgen independent","siControl"
"6","SRP049591","SRX752910","abl-siControl RNA-seq","LNCaP-abl","62-64","androgen independent","siControl"
"7","SRP049591","SRX752908","abl_FOXA1 ChIP-seq","LNCaP-abl","62-64","androgen independent","FOXA1"
"8","SRP049591","SRX752914","LNCaP-siCREB1 RNA-seq","LNCaP","32-34","androgen dependent","siCREB1"
"9","SRP049591","SRX752909","LNCaP_CREB1 ChIP-seq","LNCaP","32-34","androgen dependent","CREB1"
"10","SRP049591","SRX752914","LNCaP-siCREB1 RNA-seq","LNCaP","32-34","androgen dependent","siCREB1"
"11","SRP049591","SRX1212237","LNCaP-abl siFoxA1","prostate cancer cells","62-64","LNCaP-abl","CREB1 (Abcam ab31387)"
"12","SRP049591","SRX1212231","LNCaP-abl siControl","prostate cancer cells","62-64","LNCaP-abl","FoxA1 (Abcam ab23738)"
"13","SRP049591","SRX752915","LNCaP-siFoxA1 RNA-seq","LNCaP","32-34","androgen dependent","siFoxA1"
"14","SRP049591","SRX752912","abl-siFoxA1 RNA-seq","LNCaP-abl","62-64","androgen independent","siFoxA1"
"15","SRP049591","SRX1212232","LNCaP-abl siControl","prostate cancer cells","62-64","LNCaP-abl","FoxA1 (Abcam ab23738)"
"16","SRP049591","SRX752911","abl-siCREB1 RNA-seq","LNCaP-abl","62-64","androgen independent","siCREB1"
"17","SRP049591","SRX752911","abl-siCREB1 RNA-seq","LNCaP-abl","62-64","androgen independent","siCREB1"
"18","SRP049591","SRX752908","abl_FOXA1 ChIP-seq","LNCaP-abl","62-64","androgen independent","FOXA1"
"19","SRP049591","SRX752909","LNCaP_CREB1 ChIP-seq","LNCaP","32-34","androgen dependent","CREB1"
"20","SRP049591","SRX752913","LNCaP-siControl RNA-seq","LNCaP","32-34","androgen dependent","siControl"
"21","SRP049591","SRX752907","abl_CREB1 ChIP-seq","LNCaP-abl","62-64","androgen independent","CREB1"
"22","SRP049591","SRX752912","abl-siFoxA1 RNA-seq","LNCaP-abl","62-64","androgen independent","siFoxA1"
"23","SRP049591","SRX1212234","LNCaP-abl siControl","prostate cancer cells","62-64","LNCaP-abl","CREB1 (Abcam ab31387)"
"24","SRP049591","SRX1212233","LNCaP-abl siControl","prostate cancer cells","62-64","LNCaP-abl","CREB1 (Abcam ab31387)"
"25","SRP049591","SRX752907","abl_CREB1 ChIP-seq","LNCaP-abl","62-64","androgen independent","CREB1"
"26","SRP049591","SRX1212236","LNCaP-abl siCREB1","prostate cancer cells","62-64","LNCaP-abl","FoxA1 (Abcam ab23738)"
