"","study.accession","experiment.accession","source_name","cell.line","cell.type"
"1","SRP064259","SRX1293345","breast cancer cell line","MDAMB468","breast cancer cell line"
"2","SRP064259","SRX1293352","breast cancer cell line","SUM102","breast cancer cell line"
"3","SRP064259","SRX1293366","breast cancer cell line","UACC893","breast cancer cell line"
"4","SRP064259","SRX1293358","breast cancer cell line","SUM225","breast cancer cell line"
"5","SRP064259","SRX1293290","breast cancer cell line","600MPE","breast cancer cell line"
"6","SRP064259","SRX1293292","breast cancer cell line","BT20","breast cancer cell line"
"7","SRP064259","SRX1293324","breast cancer cell line","HCC70","breast cancer cell line"
"8","SRP064259","SRX1293330","breast cancer cell line","LY2","breast cancer cell line"
"9","SRP064259","SRX1293320","breast cancer cell line","HCC2218","breast cancer cell line"
"10","SRP064259","SRX1293291","breast cancer cell line","AU565","breast cancer cell line"
"11","SRP064259","SRX1293350","breast cancer cell line","SKBR5","breast cancer cell line"
"12","SRP064259","SRX1293369","breast cancer cell line","ZR75B","breast cancer cell line"
"13","SRP064259","SRX1293316","breast cancer cell line","HCC1937","breast cancer cell line"
"14","SRP064259","SRX1293361","breast cancer cell line","SUM52","breast cancer cell line"
"15","SRP064259","SRX1293331","breast cancer cell line","MACLS2","breast cancer cell line"
"16","SRP064259","SRX1293329","breast cancer cell line","KPL1","breast cancer cell line"
"17","SRP064259","SRX1293363","breast cancer cell line","T47D","breast cancer cell line"
"18","SRP064259","SRX1293295","breast cancer cell line","BT549","breast cancer cell line"
"19","SRP064259","SRX1293357","breast cancer cell line","SUM190","breast cancer cell line"
"20","SRP064259","SRX1293313","breast cancer cell line","HCC1569","breast cancer cell line"
"21","SRP064259","SRX1293312","breast cancer cell line","HCC1500","breast cancer cell line"
"22","SRP064259","SRX1293325","breast cancer cell line","HCC712","breast cancer cell line"
"23","SRP064259","SRX1293341","breast cancer cell line","MDAMB361","breast cancer cell line"
"24","SRP064259","SRX1293303","breast cancer cell line","EFM192A","breast cancer cell line"
"25","SRP064259","SRX1293309","breast cancer cell line","HCC1395","breast cancer cell line"
"26","SRP064259","SRX1293297","breast cancer cell line","CAL148","breast cancer cell line"
"27","SRP064259","SRX1293300","breast cancer cell line","CAMA1","breast cancer cell line"
"28","SRP064259","SRX1293353","breast cancer cell line","SUM1315","breast cancer cell line"
"29","SRP064259","SRX1293356","breast cancer cell line","SUM185","breast cancer cell line"
"30","SRP064259","SRX1293306","breast cancer cell line","HCC518","breast cancer cell line"
"31","SRP064259","SRX1293296","breast cancer cell line","CAL120","breast cancer cell line"
"32","SRP064259","SRX1293354","breast cancer cell line","SUM149","breast cancer cell line"
"33","SRP064259","SRX1293365","breast cancer cell line","UACC812","breast cancer cell line"
"34","SRP064259","SRX1293294","breast cancer cell line","BT483","breast cancer cell line"
"35","SRP064259","SRX1293339","breast cancer cell line","MDAMB231","breast cancer cell line"
"36","SRP064259","SRX1293362","breast cancer cell line","SW527","breast cancer cell line"
"37","SRP064259","SRX1293301","breast cancer cell line","DU4475","breast cancer cell line"
"38","SRP064259","SRX1293332","breast cancer cell line","MB157","breast cancer cell line"
"39","SRP064259","SRX1293315","breast cancer cell line","HCC1806","breast cancer cell line"
"40","SRP064259","SRX1293364","breast cancer cell line","UACC3199","breast cancer cell line"
"41","SRP064259","SRX1293304","breast cancer cell line","EVSAT","breast cancer cell line"
"42","SRP064259","SRX1293335","breast cancer cell line","MCF7","breast cancer cell line"
"43","SRP064259","SRX1293322","breast cancer cell line","HCC3153","breast cancer cell line"
"44","SRP064259","SRX1293318","breast cancer cell line","HCC202","breast cancer cell line"
"45","SRP064259","SRX1293314","breast cancer cell line","HCC1599","breast cancer cell line"
"46","SRP064259","SRX1293288","breast cancer cell line","184A1","breast cancer cell line"
"47","SRP064259","SRX1293298","breast cancer cell line","CAL51","breast cancer cell line"
"48","SRP064259","SRX1293343","breast cancer cell line","MDAMB436","breast cancer cell line"
"49","SRP064259","SRX1293348","breast cancer cell line","OCUBM","breast cancer cell line"
"50","SRP064259","SRX1293334","breast cancer cell line","MCF12A","breast cancer cell line"
"51","SRP064259","SRX1293293","breast cancer cell line","BT474","breast cancer cell line"
"52","SRP064259","SRX1293317","breast cancer cell line","HCC1954","breast cancer cell line"
"53","SRP064259","SRX1293333","breast cancer cell line","MCF10A","breast cancer cell line"
"54","SRP064259","SRX1293289","breast cancer cell line","184B5","breast cancer cell line"
"55","SRP064259","SRX1293360","breast cancer cell line","SUM44","breast cancer cell line"
"56","SRP064259","SRX1293368","breast cancer cell line","ZR7530","breast cancer cell line"
"57","SRP064259","SRX1293337","breast cancer cell line","MDAMB157","breast cancer cell line"
"58","SRP064259","SRX1293323","breast cancer cell line","HCC38","breast cancer cell line"
"59","SRP064259","SRX1293328","breast cancer cell line","JIMT1","breast cancer cell line"
"60","SRP064259","SRX1293351","breast cancer cell line","SKBR7","breast cancer cell line"
"61","SRP064259","SRX1293336","breast cancer cell line","MDAMB134VI","breast cancer cell line"
"62","SRP064259","SRX1293347","breast cancer cell line","MX1","breast cancer cell line"
"63","SRP064259","SRX1293327","breast cancer cell line","HS578T","breast cancer cell line"
"64","SRP064259","SRX1293346","breast cancer cell line","MFM223","breast cancer cell line"
"65","SRP064259","SRX1293311","breast cancer cell line","HCC1428","breast cancer cell line"
"66","SRP064259","SRX1293307","breast cancer cell line","HCC1143","breast cancer cell line"
"67","SRP064259","SRX1293319","breast cancer cell line","HCC2185","breast cancer cell line"
"68","SRP064259","SRX1293326","breast cancer cell line","HDQP1","breast cancer cell line"
"69","SRP064259","SRX1293302","breast cancer cell line","EFM19","breast cancer cell line"
"70","SRP064259","SRX1293367","breast cancer cell line","ZR751","breast cancer cell line"
"71","SRP064259","SRX1293321","breast cancer cell line","HCC2688","breast cancer cell line"
"72","SRP064259","SRX1293342","breast cancer cell line","MDAMB415","breast cancer cell line"
"73","SRP064259","SRX1293349","breast cancer cell line","SKBR3","breast cancer cell line"
"74","SRP064259","SRX1293305","breast cancer cell line","HBL51","breast cancer cell line"
"75","SRP064259","SRX1293359","breast cancer cell line","SUM229","breast cancer cell line"
"76","SRP064259","SRX1293355","breast cancer cell line","SUM159","breast cancer cell line"
"77","SRP064259","SRX1293310","breast cancer cell line","HCC1419","breast cancer cell line"
"78","SRP064259","SRX1293338","breast cancer cell line","MDAMB175VII","breast cancer cell line"
"79","SRP064259","SRX1293299","breast cancer cell line","CAL851","breast cancer cell line"
"80","SRP064259","SRX1293344","breast cancer cell line","MDAMB453","breast cancer cell line"
"81","SRP064259","SRX1293340","breast cancer cell line","MDAMB330","breast cancer cell line"
"82","SRP064259","SRX1293308","breast cancer cell line","HCC1187","breast cancer cell line"
