"","study.accession","experiment.accession","source_name","cell.line","protocol"
"1","SRP017789","SRX215404","mammary tumor xenograft","EGFP-10a+ MDA-MB-231","supplemented with 1:1 ratio of MSC"
"2","SRP017789","SRX215405","mammary tumor xenograft","EGFP-10a+ MDA-MB-231","without MSC supplementation"
"3","SRP017789","SRX215406","mammary tumor xenograft","EGFP-10a+ MDA-MB-231","without MSC supplementation"
"4","SRP017789","SRX215408","mammary tumor xenograft","EGFP-10a+ MDA-MB-231","without MSC supplementation"
"5","SRP017789","SRX215400","mammary tumor xenograft","EGFP-10a+ MDA-MB-231","supplemented with 1:1 ratio of MSC"
"6","SRP017789","SRX215407","mammary tumor xenograft","EGFP-10a+ MDA-MB-231","without MSC supplementation"
"7","SRP017789","SRX215403","mammary tumor xenograft","EGFP-10a+ MDA-MB-231","supplemented with 1:1 ratio of MSC"
"8","SRP017789","SRX215401","mammary tumor xenograft","EGFP-10a+ MDA-MB-231","supplemented with 1:1 ratio of MSC"
"9","SRP017789","SRX215402","mammary tumor xenograft","EGFP-10a+ MDA-MB-231","supplemented with 1:1 ratio of MSC"
