"","study.accession","experiment.accession","source_name","cell.line","cell.type","fra.1.status"
"1","SRP058911","SRX1044643","HT29_ShFra1-2","HT29","colorectal adenocarcinoma cell line","knock-down"
"2","SRP058911","SRX1044644","HT29_ShFra1-2","HT29","colorectal adenocarcinoma cell line","knock-down"
"3","SRP058911","SRX1044641","HT29_ShFra1-1","HT29","colorectal adenocarcinoma cell line","knock-down"
"4","SRP058911","SRX1044637","HT29_KH","HT29","colorectal adenocarcinoma cell line","WT"
"5","SRP058911","SRX1044645","HT29_ShFra1-2","HT29","colorectal adenocarcinoma cell line","knock-down"
"6","SRP058911","SRX1044640","HT29_ShFra1-1","HT29","colorectal adenocarcinoma cell line","knock-down"
"7","SRP058911","SRX1044638","HT29_KH","HT29","colorectal adenocarcinoma cell line","WT"
"8","SRP058911","SRX1044639","HT29_KH","HT29","colorectal adenocarcinoma cell line","WT"
"9","SRP058911","SRX1044642","HT29_ShFra1-1","HT29","colorectal adenocarcinoma cell line","knock-down"
