"","study.accession","experiment.accession","source_name","cell.line","cell.type","treatment.condition"
"1","SRP044187","SRX648504","MCF-7 breast cancer cell line_3hControl-rep1","MCF-7","breast cancer","3h, DMSO"
"2","SRP044187","SRX648515","MCF-7 breast cancer cell line_12hZNA30uM-rep3","MCF-7","breast cancer","12h, ZNA, 30 uM"
"3","SRP044187","SRX648509","MCF-7 breast cancer cell line_3hZNA30uM-rep3","MCF-7","breast cancer","3h, ZNA, 30 uM"
"4","SRP044187","SRX648505","MCF-7 breast cancer cell line_3hControl-rep2","MCF-7","breast cancer","3h, DMSO"
"5","SRP044187","SRX648507","MCF-7 breast cancer cell line_3hZNA30uM-rep1","MCF-7","breast cancer","3h, ZNA, 30 uM"
"6","SRP044187","SRX648512","MCF-7 breast cancer cell line_12h Control-rep3","MCF-7","breast cancer","12h, DMSO"
"7","SRP044187","SRX648506","MCF-7 breast cancer cell line_3hControl-rep3","MCF-7","breast cancer","3h, DMSO"
"8","SRP044187","SRX648508","MCF-7 breast cancer cell line_3hZNA30uM-rep2","MCF-7","breast cancer","3h, ZNA, 30 uM"
"9","SRP044187","SRX648510","MCF-7 breast cancer cell line_12h Control-rep1","MCF-7","breast cancer","12h, DMSO"
"10","SRP044187","SRX648514","MCF-7 breast cancer cell line_12hZNA30uM-rep2","MCF-7","breast cancer","12h, ZNA, 30 uM"
"11","SRP044187","SRX648513","MCF-7 breast cancer cell line_12hZNA30uM-rep1","MCF-7","breast cancer","12h, ZNA, 30 uM"
"12","SRP044187","SRX648511","MCF-7 breast cancer cell line_12h Control-rep2","MCF-7","breast cancer","12h, DMSO"
