"","study.accession","experiment.accession","source_name","cell.line","cell.type","genotype.variation","stably.transfected.with","transiently.transfected.with"
"1","SRP018221","SRX219950","MDA-MB-231_control","MDA-MB-231","mesenchymal-like breast cancer cells","control",NA,NA
"2","SRP018221","SRX219949","MDA-MB-231_sponge-miR-26a","MDA-MB-231","mesenchymal-like breast cancer cells","reduced miR-26a activity","miR-26a with specific sponge vector",NA
"3","SRP018221","SRX219947","MCF-7_miR-26a","MCF-7","epithelial breast cancer cells","overexpression of miR-26a",NA,"miR-26a"
"4","SRP018221","SRX219948","MCF-7_miR-nc","MCF-7","epithelial breast cancer cells","control",NA,NA
