"","study.accession","experiment.accession","source_name","cell.type","cell.line","genotype","group_tag"
"1","SRP051544","SRX824064","Lung cells","Non-small-cell lung cancer (NSCLC) cells","A549","FOXD3 knockdown","FOXD3"
"2","SRP051544","SRX824061","Lung cells","Non-small-cell lung cancer (NSCLC) cells","A549","Wild type","Control"
"3","SRP051544","SRX824060","Lung cells","Non-small-cell lung cancer (NSCLC) cells","A549","Wild type","Control"
"4","SRP051544","SRX824065","Lung cells","Non-small-cell lung cancer (NSCLC) cells","A549","FOXD3 knockdown","FOXD3"
"5","SRP051544","SRX824063","Lung cells","Non-small-cell lung cancer (NSCLC) cells","A549","FOXD3 knockdown","FOXD3"
"6","SRP051544","SRX824062","Lung cells","Non-small-cell lung cancer (NSCLC) cells","A549","Wild type","Control"
