"","study.accession","experiment.accession","source_name","sample.type","who.histotype","Stage","age.at.diagnosis","Sex","final.gtf2i.mutation.status"
"1","SRP042184","SRX550536","Thymoma","Frozen","A","IIA","74","M","MUT"
"2","SRP042184","SRX550546","Thymic Carcinoma","Cell Line","TC: Undifferentiated","uk",NA,NA,"WT"
"3","SRP042184","SRX550531","Thymoma","Frozen","B2","IIB","72","F","WT"
"4","SRP042184","SRX550545","Thymic Carcinoma","Cell Line","TC: SCC","uk",NA,NA,"WT"
"5","SRP042184","SRX550522","Thymoma","Frozen","A","IIA","45","M","MUT"
"6","SRP042184","SRX550530","Thymoma","Frozen","A","IIA","41","F","MUT"
"7","SRP042184","SRX550527","Thymoma","Frozen","AB","IIA","60","M","MUT"
"8","SRP042184","SRX550535","Thymoma","Frozen","B2","IIB","60","M","WT"
"9","SRP042184","SRX550537","Thymoma","Frozen","B3","IVA","48","F","WT"
"10","SRP042184","SRX550525","Thymic Carcinoma","Frozen","TC:SCC","III","76","F","WT"
"11","SRP042184","SRX550523","Thymoma","Frozen","B3","IIA","71","F","WT"
"12","SRP042184","SRX550541","Thymic Carcinoma","Frozen","TC: Undiferentiated","IVB","46","M","WT"
"13","SRP042184","SRX550534","Thymoma","Frozen","A","IIB","75","M","MUT"
"14","SRP042184","SRX550540","Thymoma","Frozen","B3","IVB","58","M","WT"
"15","SRP042184","SRX550543","Thymic Carcinoma","Frozen","TC: Undiferentiated","IVB","53","F","WT"
"16","SRP042184","SRX550529","Thymoma","Frozen","B2","IIA","37","F","WT"
"17","SRP042184","SRX550538","Thymic Carcinoma","Frozen","TC:SCC","IVB","62","M","WT"
"18","SRP042184","SRX550533","Thymic Carcinoma","Frozen","TC:SCC","IVA","56","M","WT"
"19","SRP042184","SRX550539","Thymic Carcinoma","Frozen","TC:SCC","IVB","38","M","WT"
"20","SRP042184","SRX550524","Thymic Carcinoma","Frozen","TC: SCC","IIB","54","F","WT"
"21","SRP042184","SRX550542","Thymoma","Frozen","B3","IVA","55","F","WT"
"22","SRP042184","SRX550528","Thymoma","Frozen","B3","IVA","62","F","WT"
"23","SRP042184","SRX550526","Thymoma","Frozen","AB","IIA","52","M","MUT"
"24","SRP042184","SRX550544","Thymoma","Cell Line","B1","uk",NA,NA,"WT"
"25","SRP042184","SRX550532","Thymoma","Frozen","A","IIB","53","M","MUT"
