"","study.accession","experiment.accession","source_name","cell.type","antibody","patient.mm.stage","chip.antibody"
"1","SRP033702","SRX1472394","Normal Plasma cells","Normal plasma cell derived from bone marrow","none (input)",NA,NA
"2","SRP033702","SRX390167","Malignant Plasma cells","CD 138+ Plasma cell derived from bone marrow",NA,"IgG lambda 2B","no antibody"
"3","SRP033702","SRX390161","Malignant Plasma cells","CD 138+ Plasma cell derived from bone marrow",NA,"IgG lambda 2A","H3K27me3 (Millipore, Cat.no 07-449, Lot JBC1873477)"
"4","SRP033702","SRX390159","Malignant Plasma cells","CD 138+ Plasma cell derived from bone marrow",NA,"IgG lambda 2A","H3K27me3 (Millipore, Cat.no 07-449, Lot JBC1873477)"
"5","SRP033702","SRX390165","Malignant Plasma cells","CD 138+ Plasma cell derived from bone marrow",NA,"IgG lambda 2A","H3K27me3 (Millipore, Cat.no 07-449, Lot JBC1873477)"
"6","SRP033702","SRX390160","Malignant Plasma cells","CD 138+ Plasma cell derived from bone marrow",NA,"IgG lambda 2A","H3K4me3 (Milipore, Cat.no 07-473, Lot JBC1888194)"
"7","SRP033702","SRX390168","Malignant Plasma cells","CD 138+ Plasma cell derived from bone marrow",NA,"IgG lambda 2B",NA
"8","SRP033702","SRX390164","Malignant Plasma cells","CD 138+ Plasma cell derived from bone marrow",NA,"IgG lambda 2B","H3K4me3 (Milipore, Cat.no 07-473, Lot JBC1888194)"
"9","SRP033702","SRX1472390","Normal Plasma cells","Normal plasma cell derived from bone marrow","H3K27me3 (Millipore, 07-449)",NA,NA
"10","SRP033702","SRX390162","Malignant Plasma cells","CD 138+ Plasma cell derived from bone marrow",NA,"IgG lambda 2A","H3K4me3 (Milipore, Cat.no 07-473, Lot JBC1888194)"
"11","SRP033702","SRX1472395","Normal Plasma cells","Normal plasma cell derived from bone marrow","none (input)",NA,NA
"12","SRP033702","SRX1472392","Normal Plasma cells","Normal plasma cell derived from bone marrow","H3K27me3 (Millipore, 07-449)",NA,NA
"13","SRP033702","SRX1472391","Normal Plasma cells","Normal plasma cell derived from bone marrow","H3K4me3(Milipore, 07-473)",NA,NA
"14","SRP033702","SRX390163","Malignant Plasma cells","CD 138+ Plasma cell derived from bone marrow",NA,"IgG lambda 2B","H3K27me3 (Millipore, Cat.no 07-449, Lot JBC1873477)"
"15","SRP033702","SRX1472393","Normal Plasma cells","Normal plasma cell derived from bone marrow","H3K4me3(Milipore, 07-473)",NA,NA
"16","SRP033702","SRX390166","Malignant Plasma cells","CD 138+ Plasma cell derived from bone marrow",NA,"IgG lambda 2A","H3K4me3 (Milipore, Cat.no 07-473, Lot JBC1888194)"
