"","study.accession","experiment.accession","source_name","cell.type"
"1","SRP058000","SRX1017370","Extra medullary prone clone","multiple myeloma extra medullary prone clone"
"2","SRP058000","SRX1017371","Extra medullary prone clone","multiple myeloma extra medullary prone clone"
"3","SRP058000","SRX1017364","MM cells parental","multiple myeloma"
"4","SRP058000","SRX1017372","Extra medullary prone clone","multiple myeloma extra medullary prone clone"
"5","SRP058000","SRX1017369","Bone marrow prone clone","multiple myeloma bone marrow prone clone"
"6","SRP058000","SRX1017367","Bone marrow prone clone","multiple myeloma bone marrow prone clone"
"7","SRP058000","SRX1017368","Bone marrow prone clone","multiple myeloma bone marrow prone clone"
"8","SRP058000","SRX1017366","MM cells parental","multiple myeloma"
"9","SRP058000","SRX1017365","MM cells parental","multiple myeloma"
