"","study.accession","experiment.accession","source_name","er.status","pr.status","her2.status","inflammatory","Stage","relapse","molecule.subtype"
"1","SRP027589","SRX326607","serum","pos","pos","neg","N","2","N","miRNA"
"2","SRP027589","SRX326612","serum","pos","neg","neg","N","3","N","miRNA"
"3","SRP027589","SRX326635","serum","neg","neg","neg","N","2","Y","miRNA"
"4","SRP027589","SRX326619","serum","neg","neg","neg","N","3","Y","miRNA"
"5","SRP027589","SRX326613","serum","neg","neg","pos","N","3","N","miRNA"
"6","SRP027589","SRX326633","serum","neg","neg","pos","N","3","N","miRNA"
"7","SRP027589","SRX326623","serum","neg","neg","pos","Y","3","N","miRNA"
"8","SRP027589","SRX326615","serum","pos","neg","pos","N","2","N","miRNA"
"9","SRP027589","SRX326609","serum","neg","pos","neg","N","3","Y","miRNA"
"10","SRP027589","SRX326639","serum","pos","neg","neg","Y","3","N","miRNA"
"11","SRP027589","SRX326604","serum","pos","neg","neg","Y","3","Y","miRNA"
"12","SRP027589","SRX326603","serum","pos","neg","pos","Y","3","N","miRNA"
"13","SRP027589","SRX326630","serum","pos","pos","pos","N","2","N","miRNA"
"14","SRP027589","SRX326606","serum","pos","pos","neg","N","2","N","miRNA"
"15","SRP027589","SRX326638","serum","neg","neg","neg","N","2","N","miRNA"
"16","SRP027589","SRX326620","serum","pos","pos","neg","N","3","N","miRNA"
"17","SRP027589","SRX326602","serum","pos","pos","neg","N","3","N","miRNA"
"18","SRP027589","SRX326636","serum","pos","pos","neg","N","2","N","miRNA"
"19","SRP027589","SRX326625","serum","neg","neg","pos","Y","3","N","miRNA"
"20","SRP027589","SRX326610","serum","pos","pos","pos","Y","4","Y","miRNA"
"21","SRP027589","SRX326629","serum","pos","neg","pos","N","2","N","miRNA"
"22","SRP027589","SRX326626","serum","neg","neg","pos","Y","3","N","miRNA"
"23","SRP027589","SRX326608","serum","pos","pos","neg","N","3","N","miRNA"
"24","SRP027589","SRX326627","serum","neg","neg","pos","N","3","N","miRNA"
"25","SRP027589","SRX326614","serum","neg","neg","pos","N","2","N","miRNA"
"26","SRP027589","SRX326628","serum","net","neg","pos","N","2","N","miRNA"
"27","SRP027589","SRX326600","serum","neg","neg","neg","N","3","Y","miRNA"
"28","SRP027589","SRX326631","serum","pos","pos","pos","N","2","N","miRNA"
"29","SRP027589","SRX326611","serum","neg","neg","pos","N","3","N","miRNA"
"30","SRP027589","SRX326618","serum","pos","pos","pos","N","2","N","miRNA"
"31","SRP027589","SRX326621","serum","neg","neg","pos","Y","3","N","miRNA"
"32","SRP027589","SRX326624","serum","neg","neg","pos","N","2","N","miRNA"
"33","SRP027589","SRX326637","serum","pos","pos","neg","N","3","N","miRNA"
"34","SRP027589","SRX326616","serum","pos","neg","pos","N","3","Y","miRNA"
"35","SRP027589","SRX326617","serum","pos","pos","pos","N","3","Y","miRNA"
"36","SRP027589","SRX326599","serum","neg","neg","pos","N","3","Y","miRNA"
"37","SRP027589","SRX326605","serum","pos","neg","neg","Y","3","Y","miRNA"
"38","SRP027589","SRX326622","serum","neg","neg","pos","N","2","N","miRNA"
"39","SRP027589","SRX326598","serum","neg","neg","pos","Y","3","N","miRNA"
"40","SRP027589","SRX326601","serum","pos","pos","neg","N","2","N","miRNA"
"41","SRP027589","SRX326634","serum","neg","neg","neg","N","3","Y","miRNA"
"42","SRP027589","SRX326632","serum","neg","neg","neg","N","3","N","miRNA"
