"","study.accession","experiment.accession","source_name","metastatic.site","fragmentsize"
"1","SRP029603","SRX345970","Frozen metastatic cells from bone marrow biopsy","bone marrow","300 bp"
"2","SRP029603","SRX345971","Frozen metastatic cells from bone marrow biopsy","bone marrow","300 bp"
"3","SRP029603","SRX345965","Frozen metastatic cells from bone marrow biopsy","bone marrow","150 bp"
"4","SRP029603","SRX345969","Frozen metastatic cells from bone marrow biopsy","bone marrow","300 bp"
"5","SRP029603","SRX345966","Frozen metastatic cells from bone marrow biopsy","bone marrow","150 bp"
"6","SRP029603","SRX345968","Frozen metastatic cells from bone marrow biopsy","bone marrow","300 bp"
"7","SRP029603","SRX345972","Frozen metastatic cells from bone marrow biopsy","bone marrow","300 bp"
"8","SRP029603","SRX345967","Frozen metastatic cells from bone marrow biopsy","bone marrow","300 bp"
