"","study.accession","experiment.accession","gap_accession","submitter.handle","biospecimen.repository","study.name","study.design","biospecimen.repository.sample.id","submitted.sample.id","submitted.subject.id","gap_sample_id","gap_subject_id","sex","analyte.type","is.tumor","gap_consent_code","gap_consent_short_name","molecular.data.type"
"1","SRP063692","SRX1459834","phs000915","NCI_ProstateCancer_MetastaticCastrationResistant","NCI_ProstateCancer_MetastaticCastrationResistant","Integrative Clinical Sequencing Analysis of Metastatic Castration Resistant Prostate Cancer Reveals a High Frequency of Clinical Actionability","Case Set","05115078-T-C-1_SI_6325","05115078-T-C-1_SI_6325","05115078","1739202","1329221","male","RNA","Yes","2","DS-CA-MDS",NA
"2","SRP063692","SRX1459888","phs000915","NCI_ProstateCancer_MetastaticCastrationResistant","NCI_ProstateCancer_MetastaticCastrationResistant","Integrative Clinical Sequencing Analysis of Metastatic Castration Resistant Prostate Cancer Reveals a High Frequency of Clinical Actionability","Case Set","05115196-T-A-1_SI_7233","05115196-T-A-1_SI_7233","05115196","1739256","1329235","male","RNA","Yes","2","DS-CA-MDS",NA
"3","SRP063692","SRX1244970","phs000915","NCI_ProstateCancer_MetastaticCastrationResistant","NCI_ProstateCancer_MetastaticCastrationResistant","Integrative Clinical Sequencing Analysis of Metastatic Castration Resistant Prostate Cancer Reveals a High Frequency of Clinical Actionability","Case Set","01115161-TA1","01115161-TA1","01115161","1739132","1329199","male","DNA; RNA","Yes","1","DS-PC-MDS","Seq_DNA_SNP_MAF_Ind"
"4","SRP063692","SRX1459927","phs000915","NCI_ProstateCancer_MetastaticCastrationResistant","NCI_ProstateCancer_MetastaticCastrationResistant","Integrative Clinical Sequencing Analysis of Metastatic Castration Resistant Prostate Cancer Reveals a High Frequency of Clinical Actionability","Case Set","05115260-T-A-1_SI_8256","05115260-T-A-1_SI_8256","05115260","1739295","1329245","male","RNA","Yes","2","DS-CA-MDS",NA
"5","SRP063692","SRX1459784","phs000915","NCI_ProstateCancer_MetastaticCastrationResistant","NCI_ProstateCancer_MetastaticCastrationResistant","Integrative Clinical Sequencing Analysis of Metastatic Castration Resistant Prostate Cancer Reveals a High Frequency of Clinical Actionability","Case Set","05115027-T-A-1_SI_5122","05115027-T-A-1_SI_5122","05115027","1739152","1329208","male","DNA","Yes","2","DS-CA-MDS","Seq_DNA_SNP_MAF_Ind"
"6","SRP063692","SRX1459931","phs000915","NCI_ProstateCancer_MetastaticCastrationResistant","NCI_ProstateCancer_MetastaticCastrationResistant","Integrative Clinical Sequencing Analysis of Metastatic Castration Resistant Prostate Cancer Reveals a High Frequency of Clinical Actionability","Case Set","05115261-T-A-2_SI_7602","05115261-T-A-2_SI_7602","05115261","1739299","1329246","male","RNA","Yes","2","DS-CA-MDS",NA
"7","SRP063692","SRX1459859","phs000915","NCI_ProstateCancer_MetastaticCastrationResistant","NCI_ProstateCancer_MetastaticCastrationResistant","Integrative Clinical Sequencing Analysis of Metastatic Castration Resistant Prostate Cancer Reveals a High Frequency of Clinical Actionability","Case Set","05115152-W-1_SI_6523","05115152-W-1_SI_6523","05115152","1739227","1329227","male","DNA","No","2","DS-CA-MDS",NA
"8","SRP063692","SRX1459809","phs000915","NCI_ProstateCancer_MetastaticCastrationResistant","NCI_ProstateCancer_MetastaticCastrationResistant","Integrative Clinical Sequencing Analysis of Metastatic Castration Resistant Prostate Cancer Reveals a High Frequency of Clinical Actionability","Case Set","05115033-T-A-1_SI_5688","05115033-T-A-1_SI_5688","05115033","1739177","1329214","male","RNA","Yes","2","DS-CA-MDS",NA
"9","SRP063692","SRX1244929","phs000915","NCI_ProstateCancer_MetastaticCastrationResistant","NCI_ProstateCancer_MetastaticCastrationResistant","Integrative Clinical Sequencing Analysis of Metastatic Castration Resistant Prostate Cancer Reveals a High Frequency of Clinical Actionability","Case Set","01115153-TA2","01115153-TA2","01115153","1739124","1329195","male","DNA; RNA","Yes","1","DS-PC-MDS","Seq_DNA_SNP_MAF_Ind"
"10","SRP063692","SRX1459880","phs000915","NCI_ProstateCancer_MetastaticCastrationResistant","NCI_ProstateCancer_MetastaticCastrationResistant","Integrative Clinical Sequencing Analysis of Metastatic Castration Resistant Prostate Cancer Reveals a High Frequency of Clinical Actionability","Case Set","05115194-T-A-1_SI_7070","05115194-T-A-1_SI_7070","05115194","1739248","1329233","male","RNA","Yes","2","DS-CA-MDS",NA
"11","SRP063692","SRX1459885","phs000915","NCI_ProstateCancer_MetastaticCastrationResistant","NCI_ProstateCancer_MetastaticCastrationResistant","Integrative Clinical Sequencing Analysis of Metastatic Castration Resistant Prostate Cancer Reveals a High Frequency of Clinical Actionability","Case Set","05115195-T-A-1_SI_7134","05115195-T-A-1_SI_7134","05115195","1739253","1329234","male","RNA","Yes","2","DS-CA-MDS",NA
"12","SRP063692","SRX1459899","phs000915","NCI_ProstateCancer_MetastaticCastrationResistant","NCI_ProstateCancer_MetastaticCastrationResistant","Integrative Clinical Sequencing Analysis of Metastatic Castration Resistant Prostate Cancer Reveals a High Frequency of Clinical Actionability","Case Set","05115199-T-A-1_SI_6535","05115199-T-A-1_SI_6535","05115199","1739267","1329238","male","DNA","Yes","2","DS-CA-MDS","Seq_DNA_SNP_MAF_Ind"
"13","SRP063692","SRX1459864","phs000915","NCI_ProstateCancer_MetastaticCastrationResistant","NCI_ProstateCancer_MetastaticCastrationResistant","Integrative Clinical Sequencing Analysis of Metastatic Castration Resistant Prostate Cancer Reveals a High Frequency of Clinical Actionability","Case Set","05115160-T-A-1_SI_7203","05115160-T-A-1_SI_7203","05115160","1739232","1329229","male","RNA","Yes","2","DS-CA-MDS",NA
"14","SRP063692","SRX1459851","phs000915","NCI_ProstateCancer_MetastaticCastrationResistant","NCI_ProstateCancer_MetastaticCastrationResistant","Integrative Clinical Sequencing Analysis of Metastatic Castration Resistant Prostate Cancer Reveals a High Frequency of Clinical Actionability","Case Set","05115129-T-A-1_SI_6701","05115129-T-A-1_SI_6701","05115129","1739219","1329225","male","RNA","Yes","2","DS-CA-MDS",NA
"15","SRP063692","SRX1459858","phs000915","NCI_ProstateCancer_MetastaticCastrationResistant","NCI_ProstateCancer_MetastaticCastrationResistant","Integrative Clinical Sequencing Analysis of Metastatic Castration Resistant Prostate Cancer Reveals a High Frequency of Clinical Actionability","Case Set","05115152-T-A-1_SI_6567","05115152-T-A-1_SI_6567","05115152","1739226","1329227","male","RNA","Yes","2","DS-CA-MDS",NA
"16","SRP063692","SRX1459907","phs000915","NCI_ProstateCancer_MetastaticCastrationResistant","NCI_ProstateCancer_MetastaticCastrationResistant","Integrative Clinical Sequencing Analysis of Metastatic Castration Resistant Prostate Cancer Reveals a High Frequency of Clinical Actionability","Case Set","05115254-T-A-1_SI_7828","05115254-T-A-1_SI_7828","05115254","1739275","1329240","male","DNA","Yes","2","DS-CA-MDS","Seq_DNA_SNP_MAF_Ind"
"17","SRP063692","SRX1459802","phs000915","NCI_ProstateCancer_MetastaticCastrationResistant","NCI_ProstateCancer_MetastaticCastrationResistant","Integrative Clinical Sequencing Analysis of Metastatic Castration Resistant Prostate Cancer Reveals a High Frequency of Clinical Actionability","Case Set","05115031-T-C-1_SI_5624","05115031-T-C-1_SI_5624","05115031","1739170","1329212","male","DNA","Yes","2","DS-CA-MDS","Seq_DNA_SNP_MAF_Ind"
"18","SRP063692","SRX1459922","phs000915","NCI_ProstateCancer_MetastaticCastrationResistant","NCI_ProstateCancer_MetastaticCastrationResistant","Integrative Clinical Sequencing Analysis of Metastatic Castration Resistant Prostate Cancer Reveals a High Frequency of Clinical Actionability","Case Set","05115259-T-C-2_SI_6520","05115259-T-C-2_SI_6520","05115259","1739290","1329244","male","DNA","Yes","2","DS-CA-MDS","Seq_DNA_SNP_MAF_Ind"
"19","SRP063692","SRX1459925","phs000915","NCI_ProstateCancer_MetastaticCastrationResistant","NCI_ProstateCancer_MetastaticCastrationResistant","Integrative Clinical Sequencing Analysis of Metastatic Castration Resistant Prostate Cancer Reveals a High Frequency of Clinical Actionability","Case Set","05115259-W-1_SI_6521","05115259-W-1_SI_6521","05115259","1739293","1329244","male","DNA","No","2","DS-CA-MDS",NA
"20","SRP063692","SRX1459788","phs000915","NCI_ProstateCancer_MetastaticCastrationResistant","NCI_ProstateCancer_MetastaticCastrationResistant","Integrative Clinical Sequencing Analysis of Metastatic Castration Resistant Prostate Cancer Reveals a High Frequency of Clinical Actionability","Case Set","05115028-T-A-1_SI_5258","05115028-T-A-1_SI_5258","05115028","1739156","1329209","male","RNA","Yes","2","DS-CA-MDS",NA
"21","SRP063692","SRX1459860","phs000915","NCI_ProstateCancer_MetastaticCastrationResistant","NCI_ProstateCancer_MetastaticCastrationResistant","Integrative Clinical Sequencing Analysis of Metastatic Castration Resistant Prostate Cancer Reveals a High Frequency of Clinical Actionability","Case Set","05115158-T-B-1_SI_7010","05115158-T-B-1_SI_7010","05115158","1739228","1329228","male","RNA","Yes","2","DS-CA-MDS",NA
"22","SRP063692","SRX1459795","phs000915","NCI_ProstateCancer_MetastaticCastrationResistant","NCI_ProstateCancer_MetastaticCastrationResistant","Integrative Clinical Sequencing Analysis of Metastatic Castration Resistant Prostate Cancer Reveals a High Frequency of Clinical Actionability","Case Set","05115029-W-1_SI_5441","05115029-W-1_SI_5441","05115029","1739163","1329210","male","DNA","No","2","DS-CA-MDS",NA
"23","SRP063692","SRX1459901","phs000915","NCI_ProstateCancer_MetastaticCastrationResistant","NCI_ProstateCancer_MetastaticCastrationResistant","Integrative Clinical Sequencing Analysis of Metastatic Castration Resistant Prostate Cancer Reveals a High Frequency of Clinical Actionability","Case Set","05115199-W-1_SI_6537","05115199-W-1_SI_6537","05115199","1739269","1329238","male","DNA","No","2","DS-CA-MDS",NA
"24","SRP063692","SRX1459882","phs000915","NCI_ProstateCancer_MetastaticCastrationResistant","NCI_ProstateCancer_MetastaticCastrationResistant","Integrative Clinical Sequencing Analysis of Metastatic Castration Resistant Prostate Cancer Reveals a High Frequency of Clinical Actionability","Case Set","05115194-T-A-1_SI_7083","05115194-T-A-1_SI_7083","05115194","1739250","1329233","male","DNA","Yes","2","DS-CA-MDS","Seq_DNA_SNP_MAF_Ind"
"25","SRP063692","SRX1459817","phs000915","NCI_ProstateCancer_MetastaticCastrationResistant","NCI_ProstateCancer_MetastaticCastrationResistant","Integrative Clinical Sequencing Analysis of Metastatic Castration Resistant Prostate Cancer Reveals a High Frequency of Clinical Actionability","Case Set","05115057-T-A-2_SI_5873","05115057-T-A-2_SI_5873","05115057","1739185","1329216","male","RNA","Yes","2","DS-CA-MDS",NA
"26","SRP063692","SRX1459944","phs000915","NCI_ProstateCancer_MetastaticCastrationResistant","NCI_ProstateCancer_MetastaticCastrationResistant","Integrative Clinical Sequencing Analysis of Metastatic Castration Resistant Prostate Cancer Reveals a High Frequency of Clinical Actionability","Case Set","05115291-T-C-1_SI_8422","05115291-T-C-1_SI_8422","05115291","1739312","1329249","male","DNA","Yes","2","DS-CA-MDS","Seq_DNA_SNP_MAF_Ind"
"27","SRP063692","SRX1459897","phs000915","NCI_ProstateCancer_MetastaticCastrationResistant","NCI_ProstateCancer_MetastaticCastrationResistant","Integrative Clinical Sequencing Analysis of Metastatic Castration Resistant Prostate Cancer Reveals a High Frequency of Clinical Actionability","Case Set","05115198-T-A-1_SI_7418","05115198-T-A-1_SI_7418","05115198","1739265","1329237","male","DNA","Yes","2","DS-CA-MDS","Seq_DNA_SNP_MAF_Ind"
"28","SRP063692","SRX1459775","phs000915","NCI_ProstateCancer_MetastaticCastrationResistant","NCI_ProstateCancer_MetastaticCastrationResistant","Integrative Clinical Sequencing Analysis of Metastatic Castration Resistant Prostate Cancer Reveals a High Frequency of Clinical Actionability","Case Set","05115023-T-A-2_SI_4733","05115023-T-A-2_SI_4733","05115023","1739143","1329205","male","RNA","Yes","2","DS-CA-MDS",NA
"29","SRP063692","SRX1459836","phs000915","NCI_ProstateCancer_MetastaticCastrationResistant","NCI_ProstateCancer_MetastaticCastrationResistant","Integrative Clinical Sequencing Analysis of Metastatic Castration Resistant Prostate Cancer Reveals a High Frequency of Clinical Actionability","Case Set","05115078-T-C-1_SI_6371","05115078-T-C-1_SI_6371","05115078","1739204","1329221","male","DNA","Yes","2","DS-CA-MDS","Seq_DNA_SNP_MAF_Ind"
"30","SRP063692","SRX1244923","phs000915","NCI_ProstateCancer_MetastaticCastrationResistant","NCI_ProstateCancer_MetastaticCastrationResistant","Integrative Clinical Sequencing Analysis of Metastatic Castration Resistant Prostate Cancer Reveals a High Frequency of Clinical Actionability","Case Set","01115157-TA2","01115157-TA2","01115157","1739130","1329198","male","DNA; RNA","Yes","1","DS-PC-MDS","Seq_DNA_SNP_MAF_Ind"
"31","SRP063692","SRX1459961","phs000915","NCI_ProstateCancer_MetastaticCastrationResistant","NCI_ProstateCancer_MetastaticCastrationResistant","Integrative Clinical Sequencing Analysis of Metastatic Castration Resistant Prostate Cancer Reveals a High Frequency of Clinical Actionability","Case Set","06115014-T-C-2_SI_4555","06115014-T-C-2_SI_4555","06115014","1739329","1329254","male","DNA","Yes","2","DS-CA-MDS","Seq_DNA_SNP_MAF_Ind"
"32","SRP063692","SRX1244906","phs000915","NCI_ProstateCancer_MetastaticCastrationResistant","NCI_ProstateCancer_MetastaticCastrationResistant","Integrative Clinical Sequencing Analysis of Metastatic Castration Resistant Prostate Cancer Reveals a High Frequency of Clinical Actionability","Case Set","01115202-TA1","01115202-TA1","01115202","1739136","1329201","male","DNA; RNA","Yes","1","DS-PC-MDS","Seq_DNA_SNP_MAF_Ind"
"33","SRP063692","SRX1459778","phs000915","NCI_ProstateCancer_MetastaticCastrationResistant","NCI_ProstateCancer_MetastaticCastrationResistant","Integrative Clinical Sequencing Analysis of Metastatic Castration Resistant Prostate Cancer Reveals a High Frequency of Clinical Actionability","Case Set","05115024-T-A-2_SI_4742","05115024-T-A-2_SI_4742","05115024","1739146","1329206","male","DNA","Yes","2","DS-CA-MDS","Seq_DNA_SNP_MAF_Ind"
"34","SRP063692","SRX1244956","phs000915","NCI_ProstateCancer_MetastaticCastrationResistant","NCI_ProstateCancer_MetastaticCastrationResistant","Integrative Clinical Sequencing Analysis of Metastatic Castration Resistant Prostate Cancer Reveals a High Frequency of Clinical Actionability","Case Set","01115244-TA4","01115244-TA4","01115244","1739138","1329202","male","DNA; RNA","Yes","1","DS-PC-MDS","Seq_DNA_SNP_MAF_Ind"
"35","SRP063692","SRX1459852","phs000915","NCI_ProstateCancer_MetastaticCastrationResistant","NCI_ProstateCancer_MetastaticCastrationResistant","Integrative Clinical Sequencing Analysis of Metastatic Castration Resistant Prostate Cancer Reveals a High Frequency of Clinical Actionability","Case Set","05115129-W-1_SI_6674","05115129-W-1_SI_6674","05115129","1739220","1329225","male","DNA","No","2","DS-CA-MDS",NA
"36","SRP063692","SRX1459894","phs000915","NCI_ProstateCancer_MetastaticCastrationResistant","NCI_ProstateCancer_MetastaticCastrationResistant","Integrative Clinical Sequencing Analysis of Metastatic Castration Resistant Prostate Cancer Reveals a High Frequency of Clinical Actionability","Case Set","05115197-T-A-1_SI_7277","05115197-T-A-1_SI_7277","05115197","1739262","1329236","male","DNA","Yes","2","DS-CA-MDS","Seq_DNA_SNP_MAF_Ind"
"37","SRP063692","SRX1459956","phs000915","NCI_ProstateCancer_MetastaticCastrationResistant","NCI_ProstateCancer_MetastaticCastrationResistant","Integrative Clinical Sequencing Analysis of Metastatic Castration Resistant Prostate Cancer Reveals a High Frequency of Clinical Actionability","Case Set","06115012-W-1_SI_4440","06115012-W-1_SI_4440","06115012","1739324","1329252","male","DNA","No","2","DS-CA-MDS",NA
"38","SRP063692","SRX1459835","phs000915","NCI_ProstateCancer_MetastaticCastrationResistant","NCI_ProstateCancer_MetastaticCastrationResistant","Integrative Clinical Sequencing Analysis of Metastatic Castration Resistant Prostate Cancer Reveals a High Frequency of Clinical Actionability","Case Set","05115078-T-C-1_SI_6351","05115078-T-C-1_SI_6351","05115078","1739203","1329221","male","RNA","Yes","2","DS-CA-MDS",NA
"39","SRP063692","SRX1459828","phs000915","NCI_ProstateCancer_MetastaticCastrationResistant","NCI_ProstateCancer_MetastaticCastrationResistant","Integrative Clinical Sequencing Analysis of Metastatic Castration Resistant Prostate Cancer Reveals a High Frequency of Clinical Actionability","Case Set","05115075-T-A-1_SI_6189","05115075-T-A-1_SI_6189","05115075","1739196","1329219","male","DNA","Yes","2","DS-CA-MDS","Seq_DNA_SNP_MAF_Ind"
"40","SRP063692","SRX1459913","phs000915","NCI_ProstateCancer_MetastaticCastrationResistant","NCI_ProstateCancer_MetastaticCastrationResistant","Integrative Clinical Sequencing Analysis of Metastatic Castration Resistant Prostate Cancer Reveals a High Frequency of Clinical Actionability","Case Set","05115255-W-1_SI_8332","05115255-W-1_SI_8332","05115255","1739281","1329241","male","DNA","No","2","DS-CA-MDS",NA
"41","SRP063692","SRX1459837","phs000915","NCI_ProstateCancer_MetastaticCastrationResistant","NCI_ProstateCancer_MetastaticCastrationResistant","Integrative Clinical Sequencing Analysis of Metastatic Castration Resistant Prostate Cancer Reveals a High Frequency of Clinical Actionability","Case Set","05115078-W-1_SI_6372","05115078-W-1_SI_6372","05115078","1739205","1329221","male","DNA","No","2","DS-CA-MDS",NA
"42","SRP063692","SRX1459799","phs000915","NCI_ProstateCancer_MetastaticCastrationResistant","NCI_ProstateCancer_MetastaticCastrationResistant","Integrative Clinical Sequencing Analysis of Metastatic Castration Resistant Prostate Cancer Reveals a High Frequency of Clinical Actionability","Case Set","05115030-W-1_SI_5566","05115030-W-1_SI_5566","05115030","1739167","1329211","male","DNA","No","2","DS-CA-MDS",NA
"43","SRP063692","SRX1459786","phs000915","NCI_ProstateCancer_MetastaticCastrationResistant","NCI_ProstateCancer_MetastaticCastrationResistant","Integrative Clinical Sequencing Analysis of Metastatic Castration Resistant Prostate Cancer Reveals a High Frequency of Clinical Actionability","Case Set","05115027-T-A-2_SI_5094","05115027-T-A-2_SI_5094","05115027","1739154","1329208","male","RNA","Yes","2","DS-CA-MDS",NA
"44","SRP063692","SRX1459872","phs000915","NCI_ProstateCancer_MetastaticCastrationResistant","NCI_ProstateCancer_MetastaticCastrationResistant","Integrative Clinical Sequencing Analysis of Metastatic Castration Resistant Prostate Cancer Reveals a High Frequency of Clinical Actionability","Case Set","05115187-T-A-1_SI_7398","05115187-T-A-1_SI_7398","05115187","1739240","1329231","male","RNA","Yes","2","DS-CA-MDS",NA
"45","SRP063692","SRX1459801","phs000915","NCI_ProstateCancer_MetastaticCastrationResistant","NCI_ProstateCancer_MetastaticCastrationResistant","Integrative Clinical Sequencing Analysis of Metastatic Castration Resistant Prostate Cancer Reveals a High Frequency of Clinical Actionability","Case Set","05115031-T-C-1_SI_5604","05115031-T-C-1_SI_5604","05115031","1739169","1329212","male","RNA","Yes","2","DS-CA-MDS",NA
"46","SRP063692","SRX1245051","phs000915","NCI_ProstateCancer_MetastaticCastrationResistant","NCI_ProstateCancer_MetastaticCastrationResistant","Integrative Clinical Sequencing Analysis of Metastatic Castration Resistant Prostate Cancer Reveals a High Frequency of Clinical Actionability","Case Set","01115244-TA4","01115244-TA4","01115244","1739138","1329202","male","DNA; RNA","Yes","1","DS-PC-MDS","Seq_DNA_SNP_MAF_Ind"
"47","SRP063692","SRX1459906","phs000915","NCI_ProstateCancer_MetastaticCastrationResistant","NCI_ProstateCancer_MetastaticCastrationResistant","Integrative Clinical Sequencing Analysis of Metastatic Castration Resistant Prostate Cancer Reveals a High Frequency of Clinical Actionability","Case Set","05115254-T-A-1_SI_7821","05115254-T-A-1_SI_7821","05115254","1739274","1329240","male","RNA","Yes","2","DS-CA-MDS",NA
"48","SRP063692","SRX1459902","phs000915","NCI_ProstateCancer_MetastaticCastrationResistant","NCI_ProstateCancer_MetastaticCastrationResistant","Integrative Clinical Sequencing Analysis of Metastatic Castration Resistant Prostate Cancer Reveals a High Frequency of Clinical Actionability","Case Set","05115203-T-A-1_SI_7068","05115203-T-A-1_SI_7068","05115203","1739270","1329239","male","RNA","Yes","2","DS-CA-MDS",NA
"49","SRP063692","SRX1459890","phs000915","NCI_ProstateCancer_MetastaticCastrationResistant","NCI_ProstateCancer_MetastaticCastrationResistant","Integrative Clinical Sequencing Analysis of Metastatic Castration Resistant Prostate Cancer Reveals a High Frequency of Clinical Actionability","Case Set","05115196-T-A-1_SI_7269","05115196-T-A-1_SI_7269","05115196","1739258","1329235","male","DNA","Yes","2","DS-CA-MDS","Seq_DNA_SNP_MAF_Ind"
"50","SRP063692","SRX1459849","phs000915","NCI_ProstateCancer_MetastaticCastrationResistant","NCI_ProstateCancer_MetastaticCastrationResistant","Integrative Clinical Sequencing Analysis of Metastatic Castration Resistant Prostate Cancer Reveals a High Frequency of Clinical Actionability","Case Set","05115129-T-A-1_SI_6673","05115129-T-A-1_SI_6673","05115129","1739217","1329225","male","DNA","Yes","2","DS-CA-MDS","Seq_DNA_SNP_MAF_Ind"
"51","SRP063692","SRX1245008","phs000915","NCI_ProstateCancer_MetastaticCastrationResistant","NCI_ProstateCancer_MetastaticCastrationResistant","Integrative Clinical Sequencing Analysis of Metastatic Castration Resistant Prostate Cancer Reveals a High Frequency of Clinical Actionability","Case Set","01115157-TA2","01115157-TA2","01115157","1739130","1329198","male","DNA; RNA","Yes","1","DS-PC-MDS","Seq_DNA_SNP_MAF_Ind"
"52","SRP063692","SRX1459824","phs000915","NCI_ProstateCancer_MetastaticCastrationResistant","NCI_ProstateCancer_MetastaticCastrationResistant","Integrative Clinical Sequencing Analysis of Metastatic Castration Resistant Prostate Cancer Reveals a High Frequency of Clinical Actionability","Case Set","05115073-T-C-1_SI_6059","05115073-T-C-1_SI_6059","05115073","1739192","1329218","male","RNA","Yes","2","DS-CA-MDS",NA
"53","SRP063692","SRX1459962","phs000915","NCI_ProstateCancer_MetastaticCastrationResistant","NCI_ProstateCancer_MetastaticCastrationResistant","Integrative Clinical Sequencing Analysis of Metastatic Castration Resistant Prostate Cancer Reveals a High Frequency of Clinical Actionability","Case Set","06115014-W-1_SI_4554","06115014-W-1_SI_4554","06115014","1739330","1329254","male","DNA","No","2","DS-CA-MDS",NA
"54","SRP063692","SRX1459816","phs000915","NCI_ProstateCancer_MetastaticCastrationResistant","NCI_ProstateCancer_MetastaticCastrationResistant","Integrative Clinical Sequencing Analysis of Metastatic Castration Resistant Prostate Cancer Reveals a High Frequency of Clinical Actionability","Case Set","05115057-T-A-1_SI_5888","05115057-T-A-1_SI_5888","05115057","1739184","1329216","male","DNA","Yes","2","DS-CA-MDS","Seq_DNA_SNP_MAF_Ind"
"55","SRP063692","SRX1459807","phs000915","NCI_ProstateCancer_MetastaticCastrationResistant","NCI_ProstateCancer_MetastaticCastrationResistant","Integrative Clinical Sequencing Analysis of Metastatic Castration Resistant Prostate Cancer Reveals a High Frequency of Clinical Actionability","Case Set","05115032-W-1_SI_5672","05115032-W-1_SI_5672","05115032","1739175","1329213","male","DNA","No","2","DS-CA-MDS",NA
"56","SRP063692","SRX1459947","phs000915","NCI_ProstateCancer_MetastaticCastrationResistant","NCI_ProstateCancer_MetastaticCastrationResistant","Integrative Clinical Sequencing Analysis of Metastatic Castration Resistant Prostate Cancer Reveals a High Frequency of Clinical Actionability","Case Set","05115327-T-A-1_SI_8540","05115327-T-A-1_SI_8540","05115327","1739315","1329250","male","DNA","Yes","2","DS-CA-MDS","Seq_DNA_SNP_MAF_Ind"
"57","SRP063692","SRX1459921","phs000915","NCI_ProstateCancer_MetastaticCastrationResistant","NCI_ProstateCancer_MetastaticCastrationResistant","Integrative Clinical Sequencing Analysis of Metastatic Castration Resistant Prostate Cancer Reveals a High Frequency of Clinical Actionability","Case Set","05115258-W-1_SI_6144","05115258-W-1_SI_6144","05115258","1739289","1329243","male","DNA","No","2","DS-CA-MDS",NA
"58","SRP063692","SRX1459796","phs000915","NCI_ProstateCancer_MetastaticCastrationResistant","NCI_ProstateCancer_MetastaticCastrationResistant","Integrative Clinical Sequencing Analysis of Metastatic Castration Resistant Prostate Cancer Reveals a High Frequency of Clinical Actionability","Case Set","05115030-T-A-1_SI_5551","05115030-T-A-1_SI_5551","05115030","1739164","1329211","male","RNA","Yes","2","DS-CA-MDS",NA
"59","SRP063692","SRX1459945","phs000915","NCI_ProstateCancer_MetastaticCastrationResistant","NCI_ProstateCancer_MetastaticCastrationResistant","Integrative Clinical Sequencing Analysis of Metastatic Castration Resistant Prostate Cancer Reveals a High Frequency of Clinical Actionability","Case Set","05115291-W-1_SI_8423","05115291-W-1_SI_8423","05115291","1739313","1329249","male","DNA","No","2","DS-CA-MDS",NA
"60","SRP063692","SRX1459826","phs000915","NCI_ProstateCancer_MetastaticCastrationResistant","NCI_ProstateCancer_MetastaticCastrationResistant","Integrative Clinical Sequencing Analysis of Metastatic Castration Resistant Prostate Cancer Reveals a High Frequency of Clinical Actionability","Case Set","05115073-T-C-1_SI_6086","05115073-T-C-1_SI_6086","05115073","1739194","1329218","male","DNA","Yes","2","DS-CA-MDS","Seq_DNA_SNP_MAF_Ind"
"61","SRP063692","SRX1459845","phs000915","NCI_ProstateCancer_MetastaticCastrationResistant","NCI_ProstateCancer_MetastaticCastrationResistant","Integrative Clinical Sequencing Analysis of Metastatic Castration Resistant Prostate Cancer Reveals a High Frequency of Clinical Actionability","Case Set","05115128-T-A-1_SI_6851","05115128-T-A-1_SI_6851","05115128","1739213","1329224","male","RNA","Yes","2","DS-CA-MDS",NA
"62","SRP063692","SRX1459878","phs000915","NCI_ProstateCancer_MetastaticCastrationResistant","NCI_ProstateCancer_MetastaticCastrationResistant","Integrative Clinical Sequencing Analysis of Metastatic Castration Resistant Prostate Cancer Reveals a High Frequency of Clinical Actionability","Case Set","05115193-T-A-1_SI_7609","05115193-T-A-1_SI_7609","05115193","1739246","1329232","male","DNA","Yes","2","DS-CA-MDS","Seq_DNA_SNP_MAF_Ind"
"63","SRP063692","SRX1459866","phs000915","NCI_ProstateCancer_MetastaticCastrationResistant","NCI_ProstateCancer_MetastaticCastrationResistant","Integrative Clinical Sequencing Analysis of Metastatic Castration Resistant Prostate Cancer Reveals a High Frequency of Clinical Actionability","Case Set","05115160-T-A-1_SI_7225","05115160-T-A-1_SI_7225","05115160","1739234","1329229","male","DNA","Yes","2","DS-CA-MDS","Seq_DNA_SNP_MAF_Ind"
"64","SRP063692","SRX1459958","phs000915","NCI_ProstateCancer_MetastaticCastrationResistant","NCI_ProstateCancer_MetastaticCastrationResistant","Integrative Clinical Sequencing Analysis of Metastatic Castration Resistant Prostate Cancer Reveals a High Frequency of Clinical Actionability","Case Set","06115013-T-C-2_SI_4538","06115013-T-C-2_SI_4538","06115013","1739325","1329253","male","RNA","Yes","2","DS-CA-MDS",NA
"65","SRP063692","SRX1459933","phs000915","NCI_ProstateCancer_MetastaticCastrationResistant","NCI_ProstateCancer_MetastaticCastrationResistant","Integrative Clinical Sequencing Analysis of Metastatic Castration Resistant Prostate Cancer Reveals a High Frequency of Clinical Actionability","Case Set","05115261-W-1_SI_7643","05115261-W-1_SI_7643","05115261","1739301","1329246","male","DNA","No","2","DS-CA-MDS",NA
"66","SRP063692","SRX1459918","phs000915","NCI_ProstateCancer_MetastaticCastrationResistant","NCI_ProstateCancer_MetastaticCastrationResistant","Integrative Clinical Sequencing Analysis of Metastatic Castration Resistant Prostate Cancer Reveals a High Frequency of Clinical Actionability","Case Set","05115258-T-A-4_SI_6061","05115258-T-A-4_SI_6061","05115258","1739286","1329243","male","RNA","Yes","2","DS-CA-MDS",NA
"67","SRP063692","SRX1459930","phs000915","NCI_ProstateCancer_MetastaticCastrationResistant","NCI_ProstateCancer_MetastaticCastrationResistant","Integrative Clinical Sequencing Analysis of Metastatic Castration Resistant Prostate Cancer Reveals a High Frequency of Clinical Actionability","Case Set","05115261-T-A-2_SI_7590","05115261-T-A-2_SI_7590","05115261","1739298","1329246","male","RNA","Yes","2","DS-CA-MDS",NA
"68","SRP063692","SRX1244977","phs000915","NCI_ProstateCancer_MetastaticCastrationResistant","NCI_ProstateCancer_MetastaticCastrationResistant","Integrative Clinical Sequencing Analysis of Metastatic Castration Resistant Prostate Cancer Reveals a High Frequency of Clinical Actionability","Case Set","01115156-B-1","01115156-B-1","01115156","1739127","1329197","male","DNA","No","1","DS-PC-MDS",NA
"69","SRP063692","SRX1459818","phs000915","NCI_ProstateCancer_MetastaticCastrationResistant","NCI_ProstateCancer_MetastaticCastrationResistant","Integrative Clinical Sequencing Analysis of Metastatic Castration Resistant Prostate Cancer Reveals a High Frequency of Clinical Actionability","Case Set","05115057-T-A-2_SI_5900","05115057-T-A-2_SI_5900","05115057","1739186","1329216","male","RNA","Yes","2","DS-CA-MDS",NA
"70","SRP063692","SRX1459827","phs000915","NCI_ProstateCancer_MetastaticCastrationResistant","NCI_ProstateCancer_MetastaticCastrationResistant","Integrative Clinical Sequencing Analysis of Metastatic Castration Resistant Prostate Cancer Reveals a High Frequency of Clinical Actionability","Case Set","05115073-W-1_SI_6048","05115073-W-1_SI_6048","05115073","1739195","1329218","male","DNA","No","2","DS-CA-MDS",NA
"71","SRP063692","SRX1244909","phs000915","NCI_ProstateCancer_MetastaticCastrationResistant","NCI_ProstateCancer_MetastaticCastrationResistant","Integrative Clinical Sequencing Analysis of Metastatic Castration Resistant Prostate Cancer Reveals a High Frequency of Clinical Actionability","Case Set","01115183-B-1","01115183-B-1","01115183","1739133","1329200","male","DNA","No","1","DS-PC-MDS",NA
"72","SRP063692","SRX1459814","phs000915","NCI_ProstateCancer_MetastaticCastrationResistant","NCI_ProstateCancer_MetastaticCastrationResistant","Integrative Clinical Sequencing Analysis of Metastatic Castration Resistant Prostate Cancer Reveals a High Frequency of Clinical Actionability","Case Set","05115034_T-A-2_SI_5954","05115034_T-A-2_SI_5954","05115034","1739183","1329215","male","DNA","Yes","2","DS-CA-MDS","Seq_DNA_SNP_MAF_Ind"
"73","SRP063692","SRX1459771","phs000915","NCI_ProstateCancer_MetastaticCastrationResistant","NCI_ProstateCancer_MetastaticCastrationResistant","Integrative Clinical Sequencing Analysis of Metastatic Castration Resistant Prostate Cancer Reveals a High Frequency of Clinical Actionability","Case Set","05115022-T-A-1_SI_5498","05115022-T-A-1_SI_5498","05115002","1739139","1329203","male","DNA","Yes","2","DS-CA-MDS",NA
"74","SRP063692","SRX1244916","phs000915","NCI_ProstateCancer_MetastaticCastrationResistant","NCI_ProstateCancer_MetastaticCastrationResistant","Integrative Clinical Sequencing Analysis of Metastatic Castration Resistant Prostate Cancer Reveals a High Frequency of Clinical Actionability","Case Set","01115156-TA3","01115156-TA3","01115156","1739128","1329197","male","DNA; RNA","Yes","1","DS-PC-MDS","Seq_DNA_SNP_MAF_Ind"
"75","SRP063692","SRX1459942","phs000915","NCI_ProstateCancer_MetastaticCastrationResistant","NCI_ProstateCancer_MetastaticCastrationResistant","Integrative Clinical Sequencing Analysis of Metastatic Castration Resistant Prostate Cancer Reveals a High Frequency of Clinical Actionability","Case Set","05115291-T-C-1_SI_8399","05115291-T-C-1_SI_8399","05115291","1739310","1329249","male","RNA","Yes","2","DS-CA-MDS",NA
"76","SRP063692","SRX1459868","phs000915","NCI_ProstateCancer_MetastaticCastrationResistant","NCI_ProstateCancer_MetastaticCastrationResistant","Integrative Clinical Sequencing Analysis of Metastatic Castration Resistant Prostate Cancer Reveals a High Frequency of Clinical Actionability","Case Set","05115186-T-A-1_SI_6667","05115186-T-A-1_SI_6667","05115186","1739236","1329230","male","DNA","Yes","2","DS-CA-MDS","Seq_DNA_SNP_MAF_Ind"
"77","SRP063692","SRX1459952","phs000915","NCI_ProstateCancer_MetastaticCastrationResistant","NCI_ProstateCancer_MetastaticCastrationResistant","Integrative Clinical Sequencing Analysis of Metastatic Castration Resistant Prostate Cancer Reveals a High Frequency of Clinical Actionability","Case Set","05115359-T-A-1_SI_9124","05115359-T-A-1_SI_9124","05115359","1739320","1329251","male","RNA","Yes","2","DS-CA-MDS",NA
"78","SRP063692","SRX1244896","phs000915","NCI_ProstateCancer_MetastaticCastrationResistant","NCI_ProstateCancer_MetastaticCastrationResistant","Integrative Clinical Sequencing Analysis of Metastatic Castration Resistant Prostate Cancer Reveals a High Frequency of Clinical Actionability","Case Set","01115183-TA2","01115183-TA2","01115183","1739134","1329200","male","DNA; RNA","Yes","1","DS-PC-MDS","Seq_DNA_SNP_MAF_Ind"
"79","SRP063692","SRX1459886","phs000915","NCI_ProstateCancer_MetastaticCastrationResistant","NCI_ProstateCancer_MetastaticCastrationResistant","Integrative Clinical Sequencing Analysis of Metastatic Castration Resistant Prostate Cancer Reveals a High Frequency of Clinical Actionability","Case Set","05115195-T-A-1_SI_7150","05115195-T-A-1_SI_7150","05115195","1739254","1329234","male","DNA","Yes","2","DS-CA-MDS","Seq_DNA_SNP_MAF_Ind"
"80","SRP063692","SRX1459949","phs000915","NCI_ProstateCancer_MetastaticCastrationResistant","NCI_ProstateCancer_MetastaticCastrationResistant","Integrative Clinical Sequencing Analysis of Metastatic Castration Resistant Prostate Cancer Reveals a High Frequency of Clinical Actionability","Case Set","05115327-W-1_SI_8541","05115327-W-1_SI_8541","05115327","1739317","1329250","male","DNA","No","2","DS-CA-MDS",NA
"81","SRP063692","SRX1245047","phs000915","NCI_ProstateCancer_MetastaticCastrationResistant","NCI_ProstateCancer_MetastaticCastrationResistant","Integrative Clinical Sequencing Analysis of Metastatic Castration Resistant Prostate Cancer Reveals a High Frequency of Clinical Actionability","Case Set","01115202-B-1","01115202-B-1","01115202","1739135","1329201","male","DNA","No","1","DS-PC-MDS",NA
"82","SRP063692","SRX1245042","phs000915","NCI_ProstateCancer_MetastaticCastrationResistant","NCI_ProstateCancer_MetastaticCastrationResistant","Integrative Clinical Sequencing Analysis of Metastatic Castration Resistant Prostate Cancer Reveals a High Frequency of Clinical Actionability","Case Set","01115202-TA1","01115202-TA1","01115202","1739136","1329201","male","DNA; RNA","Yes","1","DS-PC-MDS","Seq_DNA_SNP_MAF_Ind"
"83","SRP063692","SRX1459790","phs000915","NCI_ProstateCancer_MetastaticCastrationResistant","NCI_ProstateCancer_MetastaticCastrationResistant","Integrative Clinical Sequencing Analysis of Metastatic Castration Resistant Prostate Cancer Reveals a High Frequency of Clinical Actionability","Case Set","05115028-T-A-1_SI_5277","05115028-T-A-1_SI_5277","05115028","1739158","1329209","male","RNA","Yes","2","DS-CA-MDS",NA
"84","SRP063692","SRX1459792","phs000915","NCI_ProstateCancer_MetastaticCastrationResistant","NCI_ProstateCancer_MetastaticCastrationResistant","Integrative Clinical Sequencing Analysis of Metastatic Castration Resistant Prostate Cancer Reveals a High Frequency of Clinical Actionability","Case Set","05115029-T-A-1_SI_5410","05115029-T-A-1_SI_5410","05115029","1739160","1329210","male","RNA","Yes","2","DS-CA-MDS",NA
"85","SRP063692","SRX1244991","phs000915","NCI_ProstateCancer_MetastaticCastrationResistant","NCI_ProstateCancer_MetastaticCastrationResistant","Integrative Clinical Sequencing Analysis of Metastatic Castration Resistant Prostate Cancer Reveals a High Frequency of Clinical Actionability","Case Set","01115154-B-1","01115154-B-1","01115154","1739125","1329196","male","DNA","No","1","DS-PC-MDS",NA
"86","SRP063692","SRX1459842","phs000915","NCI_ProstateCancer_MetastaticCastrationResistant","NCI_ProstateCancer_MetastaticCastrationResistant","Integrative Clinical Sequencing Analysis of Metastatic Castration Resistant Prostate Cancer Reveals a High Frequency of Clinical Actionability","Case Set","05115127-T-A-1_SI_6344","05115127-T-A-1_SI_6344","05115127","1739210","1329223","male","RNA","Yes","2","DS-CA-MDS",NA
"87","SRP063692","SRX1459847","phs000915","NCI_ProstateCancer_MetastaticCastrationResistant","NCI_ProstateCancer_MetastaticCastrationResistant","Integrative Clinical Sequencing Analysis of Metastatic Castration Resistant Prostate Cancer Reveals a High Frequency of Clinical Actionability","Case Set","05115128-T-A-1_SI_6875","05115128-T-A-1_SI_6875","05115128","1739215","1329224","male","DNA","Yes","2","DS-CA-MDS","Seq_DNA_SNP_MAF_Ind"
"88","SRP063692","SRX1459863","phs000915","NCI_ProstateCancer_MetastaticCastrationResistant","NCI_ProstateCancer_MetastaticCastrationResistant","Integrative Clinical Sequencing Analysis of Metastatic Castration Resistant Prostate Cancer Reveals a High Frequency of Clinical Actionability","Case Set","05115158-W-1_SI_7029","05115158-W-1_SI_7029","05115158","1739231","1329228","male","DNA","No","2","DS-CA-MDS",NA
"89","SRP063692","SRX1459821","phs000915","NCI_ProstateCancer_MetastaticCastrationResistant","NCI_ProstateCancer_MetastaticCastrationResistant","Integrative Clinical Sequencing Analysis of Metastatic Castration Resistant Prostate Cancer Reveals a High Frequency of Clinical Actionability","Case Set","05115058-T-A-1_SI_6218","05115058-T-A-1_SI_6218","05115058","1739189","1329217","male","RNA","Yes","2","DS-CA-MDS",NA
"90","SRP063692","SRX1459812","phs000915","NCI_ProstateCancer_MetastaticCastrationResistant","NCI_ProstateCancer_MetastaticCastrationResistant","Integrative Clinical Sequencing Analysis of Metastatic Castration Resistant Prostate Cancer Reveals a High Frequency of Clinical Actionability","Case Set","05115034-T-A-1_SI_5924","05115034-T-A-1_SI_5924","05115034","1739180","1329215","male","RNA","Yes","2","DS-CA-MDS",NA
"91","SRP063692","SRX1459833","phs000915","NCI_ProstateCancer_MetastaticCastrationResistant","NCI_ProstateCancer_MetastaticCastrationResistant","Integrative Clinical Sequencing Analysis of Metastatic Castration Resistant Prostate Cancer Reveals a High Frequency of Clinical Actionability","Case Set","05115076-W-1_SI_6194","05115076-W-1_SI_6194","05115076","1739201","1329220","male","DNA","No","2","DS-CA-MDS",NA
"92","SRP063692","SRX1459797","phs000915","NCI_ProstateCancer_MetastaticCastrationResistant","NCI_ProstateCancer_MetastaticCastrationResistant","Integrative Clinical Sequencing Analysis of Metastatic Castration Resistant Prostate Cancer Reveals a High Frequency of Clinical Actionability","Case Set","05115030-T-A-1_SI_5555","05115030-T-A-1_SI_5555","05115030","1739165","1329211","male","RNA","Yes","2","DS-CA-MDS",NA
"93","SRP063692","SRX1459856","phs000915","NCI_ProstateCancer_MetastaticCastrationResistant","NCI_ProstateCancer_MetastaticCastrationResistant","Integrative Clinical Sequencing Analysis of Metastatic Castration Resistant Prostate Cancer Reveals a High Frequency of Clinical Actionability","Case Set","05115130-W-1_SI_6712","05115130-W-1_SI_6712","05115130","1739224","1329226","male","DNA","No","2","DS-CA-MDS",NA
"94","SRP063692","SRX1459938","phs000915","NCI_ProstateCancer_MetastaticCastrationResistant","NCI_ProstateCancer_MetastaticCastrationResistant","Integrative Clinical Sequencing Analysis of Metastatic Castration Resistant Prostate Cancer Reveals a High Frequency of Clinical Actionability","Case Set","05115290-T-A-1_SI_8296","05115290-T-A-1_SI_8296","05115290","1739306","1329248","male","RNA","Yes","2","DS-CA-MDS",NA
"95","SRP063692","SRX1459919","phs000915","NCI_ProstateCancer_MetastaticCastrationResistant","NCI_ProstateCancer_MetastaticCastrationResistant","Integrative Clinical Sequencing Analysis of Metastatic Castration Resistant Prostate Cancer Reveals a High Frequency of Clinical Actionability","Case Set","05115258-T-A-4_SI_6074","05115258-T-A-4_SI_6074","05115258","1739287","1329243","male","RNA","Yes","2","DS-CA-MDS",NA
"96","SRP063692","SRX1459941","phs000915","NCI_ProstateCancer_MetastaticCastrationResistant","NCI_ProstateCancer_MetastaticCastrationResistant","Integrative Clinical Sequencing Analysis of Metastatic Castration Resistant Prostate Cancer Reveals a High Frequency of Clinical Actionability","Case Set","05115290-W-1_SI_8336","05115290-W-1_SI_8336","05115290","1739309","1329248","male","DNA","No","2","DS-CA-MDS",NA
"97","SRP063692","SRX1459830","phs000915","NCI_ProstateCancer_MetastaticCastrationResistant","NCI_ProstateCancer_MetastaticCastrationResistant","Integrative Clinical Sequencing Analysis of Metastatic Castration Resistant Prostate Cancer Reveals a High Frequency of Clinical Actionability","Case Set","05115075-W-1_SI_6190","05115075-W-1_SI_6190","05115075","1739198","1329219","male","DNA","No","2","DS-CA-MDS",NA
"98","SRP063692","SRX1245021","phs000915","NCI_ProstateCancer_MetastaticCastrationResistant","NCI_ProstateCancer_MetastaticCastrationResistant","Integrative Clinical Sequencing Analysis of Metastatic Castration Resistant Prostate Cancer Reveals a High Frequency of Clinical Actionability","Case Set","01115157-B-1","01115157-B-1","01115157","1739129","1329198","male","DNA","No","1","DS-PC-MDS",NA
"99","SRP063692","SRX1459900","phs000915","NCI_ProstateCancer_MetastaticCastrationResistant","NCI_ProstateCancer_MetastaticCastrationResistant","Integrative Clinical Sequencing Analysis of Metastatic Castration Resistant Prostate Cancer Reveals a High Frequency of Clinical Actionability","Case Set","05115199-T-A-1_SI_6573","05115199-T-A-1_SI_6573","05115199","1739268","1329238","male","RNA","Yes","2","DS-CA-MDS",NA
"100","SRP063692","SRX1459934","phs000915","NCI_ProstateCancer_MetastaticCastrationResistant","NCI_ProstateCancer_MetastaticCastrationResistant","Integrative Clinical Sequencing Analysis of Metastatic Castration Resistant Prostate Cancer Reveals a High Frequency of Clinical Actionability","Case Set","05115276-T-A-1_SI_8398","05115276-T-A-1_SI_8398","05115276","1739302","1329247","male","RNA","Yes","2","DS-CA-MDS",NA
"101","SRP063692","SRX1459869","phs000915","NCI_ProstateCancer_MetastaticCastrationResistant","NCI_ProstateCancer_MetastaticCastrationResistant","Integrative Clinical Sequencing Analysis of Metastatic Castration Resistant Prostate Cancer Reveals a High Frequency of Clinical Actionability","Case Set","05115186-T-A-1_SI_6698","05115186-T-A-1_SI_6698","05115186","1739237","1329230","male","RNA","Yes","2","DS-CA-MDS",NA
"102","SRP063692","SRX1459781","phs000915","NCI_ProstateCancer_MetastaticCastrationResistant","NCI_ProstateCancer_MetastaticCastrationResistant","Integrative Clinical Sequencing Analysis of Metastatic Castration Resistant Prostate Cancer Reveals a High Frequency of Clinical Actionability","Case Set","05115026-T-A-1_SI_4989","05115026-T-A-1_SI_4989","05115026","1739149","1329207","male","DNA","Yes","2","DS-CA-MDS","Seq_DNA_SNP_MAF_Ind"
"103","SRP063692","SRX1459800","phs000915","NCI_ProstateCancer_MetastaticCastrationResistant","NCI_ProstateCancer_MetastaticCastrationResistant","Integrative Clinical Sequencing Analysis of Metastatic Castration Resistant Prostate Cancer Reveals a High Frequency of Clinical Actionability","Case Set","05115031-T-C-1_SI_5594","05115031-T-C-1_SI_5594","05115031","1739168","1329212","male","RNA","Yes","2","DS-CA-MDS",NA
"104","SRP063692","SRX1459959","phs000915","NCI_ProstateCancer_MetastaticCastrationResistant","NCI_ProstateCancer_MetastaticCastrationResistant","Integrative Clinical Sequencing Analysis of Metastatic Castration Resistant Prostate Cancer Reveals a High Frequency of Clinical Actionability","Case Set","06115013-T-C-3_SI_4553","06115013-T-C-3_SI_4553","06115013","1739326","1329253","male","DNA","Yes","2","DS-CA-MDS","Seq_DNA_SNP_MAF_Ind"
"105","SRP063692","SRX1459779","phs000915","NCI_ProstateCancer_MetastaticCastrationResistant","NCI_ProstateCancer_MetastaticCastrationResistant","Integrative Clinical Sequencing Analysis of Metastatic Castration Resistant Prostate Cancer Reveals a High Frequency of Clinical Actionability","Case Set","05115024-W-1_SI_4741","05115024-W-1_SI_4741","05115024","1739147","1329206","male","DNA","No","2","DS-CA-MDS",NA
"106","SRP063692","SRX1459911","phs000915","NCI_ProstateCancer_MetastaticCastrationResistant","NCI_ProstateCancer_MetastaticCastrationResistant","Integrative Clinical Sequencing Analysis of Metastatic Castration Resistant Prostate Cancer Reveals a High Frequency of Clinical Actionability","Case Set","05115255-T-A-2_SI_8318","05115255-T-A-2_SI_8318","05115255","1739279","1329241","male","RNA","Yes","2","DS-CA-MDS",NA
"107","SRP063692","SRX1459892","phs000915","NCI_ProstateCancer_MetastaticCastrationResistant","NCI_ProstateCancer_MetastaticCastrationResistant","Integrative Clinical Sequencing Analysis of Metastatic Castration Resistant Prostate Cancer Reveals a High Frequency of Clinical Actionability","Case Set","05115197-T-A-1_SI_7237","05115197-T-A-1_SI_7237","05115197","1739260","1329236","male","RNA","Yes","2","DS-CA-MDS",NA
"108","SRP063692","SRX1459854","phs000915","NCI_ProstateCancer_MetastaticCastrationResistant","NCI_ProstateCancer_MetastaticCastrationResistant","Integrative Clinical Sequencing Analysis of Metastatic Castration Resistant Prostate Cancer Reveals a High Frequency of Clinical Actionability","Case Set","05115130-T-A-1_SI_6706","05115130-T-A-1_SI_6706","05115130","1739222","1329226","male","RNA","Yes","2","DS-CA-MDS",NA
"109","SRP063692","SRX1459803","phs000915","NCI_ProstateCancer_MetastaticCastrationResistant","NCI_ProstateCancer_MetastaticCastrationResistant","Integrative Clinical Sequencing Analysis of Metastatic Castration Resistant Prostate Cancer Reveals a High Frequency of Clinical Actionability","Case Set","05115031-W-1_SI_5625","05115031-W-1_SI_5625","05115031","1739171","1329212","male","DNA","No","2","DS-CA-MDS",NA
"110","SRP063692","SRX1459914","phs000915","NCI_ProstateCancer_MetastaticCastrationResistant","NCI_ProstateCancer_MetastaticCastrationResistant","Integrative Clinical Sequencing Analysis of Metastatic Castration Resistant Prostate Cancer Reveals a High Frequency of Clinical Actionability","Case Set","05115256-T-C-2_SI_7956","05115256-T-C-2_SI_7956","05115256","1739282","1329242","male","RNA","Yes","2","DS-CA-MDS",NA
"111","SRP063692","SRX1459896","phs000915","NCI_ProstateCancer_MetastaticCastrationResistant","NCI_ProstateCancer_MetastaticCastrationResistant","Integrative Clinical Sequencing Analysis of Metastatic Castration Resistant Prostate Cancer Reveals a High Frequency of Clinical Actionability","Case Set","05115198-T-A-1_SI_7405","05115198-T-A-1_SI_7405","05115198","1739264","1329237","male","RNA","Yes","2","DS-CA-MDS",NA
"112","SRP063692","SRX1459946","phs000915","NCI_ProstateCancer_MetastaticCastrationResistant","NCI_ProstateCancer_MetastaticCastrationResistant","Integrative Clinical Sequencing Analysis of Metastatic Castration Resistant Prostate Cancer Reveals a High Frequency of Clinical Actionability","Case Set","05115327-T-A-1_SI_8527","05115327-T-A-1_SI_8527","05115327","1739314","1329250","male","RNA","Yes","2","DS-CA-MDS",NA
"113","SRP063692","SRX1459960","phs000915","NCI_ProstateCancer_MetastaticCastrationResistant","NCI_ProstateCancer_MetastaticCastrationResistant","Integrative Clinical Sequencing Analysis of Metastatic Castration Resistant Prostate Cancer Reveals a High Frequency of Clinical Actionability","Case Set","06115014-T-C-1_SI_4539","06115014-T-C-1_SI_4539","06115014","1739328","1329254","male","RNA","Yes","2","DS-CA-MDS",NA
"114","SRP063692","SRX1459861","phs000915","NCI_ProstateCancer_MetastaticCastrationResistant","NCI_ProstateCancer_MetastaticCastrationResistant","Integrative Clinical Sequencing Analysis of Metastatic Castration Resistant Prostate Cancer Reveals a High Frequency of Clinical Actionability","Case Set","05115158-T-B-1_SI_7018","05115158-T-B-1_SI_7018","05115158","1739229","1329228","male","RNA","Yes","2","DS-CA-MDS",NA
"115","SRP063692","SRX1459887","phs000915","NCI_ProstateCancer_MetastaticCastrationResistant","NCI_ProstateCancer_MetastaticCastrationResistant","Integrative Clinical Sequencing Analysis of Metastatic Castration Resistant Prostate Cancer Reveals a High Frequency of Clinical Actionability","Case Set","05115195-W-1_SI_7151","05115195-W-1_SI_7151","05115195","1739255","1329234","male","DNA","No","2","DS-CA-MDS",NA
"116","SRP063692","SRX1459811","phs000915","NCI_ProstateCancer_MetastaticCastrationResistant","NCI_ProstateCancer_MetastaticCastrationResistant","Integrative Clinical Sequencing Analysis of Metastatic Castration Resistant Prostate Cancer Reveals a High Frequency of Clinical Actionability","Case Set","05115033-W-1_SI_5680","05115033-W-1_SI_5680","05115033","1739179","1329214","male","DNA","No","2","DS-CA-MDS",NA
"117","SRP063692","SRX1459876","phs000915","NCI_ProstateCancer_MetastaticCastrationResistant","NCI_ProstateCancer_MetastaticCastrationResistant","Integrative Clinical Sequencing Analysis of Metastatic Castration Resistant Prostate Cancer Reveals a High Frequency of Clinical Actionability","Case Set","05115193-T-A-1_SI_7585","05115193-T-A-1_SI_7585","05115193","1739244","1329232","male","RNA","Yes","2","DS-CA-MDS",NA
"118","SRP063692","SRX1459855","phs000915","NCI_ProstateCancer_MetastaticCastrationResistant","NCI_ProstateCancer_MetastaticCastrationResistant","Integrative Clinical Sequencing Analysis of Metastatic Castration Resistant Prostate Cancer Reveals a High Frequency of Clinical Actionability","Case Set","05115130-T-A-1_SI_6711","05115130-T-A-1_SI_6711","05115130","1739223","1329226","male","DNA","Yes","2","DS-CA-MDS","Seq_DNA_SNP_MAF_Ind"
"119","SRP063692","SRX1244888","phs000915","NCI_ProstateCancer_MetastaticCastrationResistant","NCI_ProstateCancer_MetastaticCastrationResistant","Integrative Clinical Sequencing Analysis of Metastatic Castration Resistant Prostate Cancer Reveals a High Frequency of Clinical Actionability","Case Set","01115161-B-1","01115161-B-1","01115161","1739131","1329199","male","DNA","No","1","DS-PC-MDS",NA
"120","SRP063692","SRX1459819","phs000915","NCI_ProstateCancer_MetastaticCastrationResistant","NCI_ProstateCancer_MetastaticCastrationResistant","Integrative Clinical Sequencing Analysis of Metastatic Castration Resistant Prostate Cancer Reveals a High Frequency of Clinical Actionability","Case Set","05115057-W-1_SI_5889","05115057-W-1_SI_5889","05115057","1739187","1329216","male","DNA","No","2","DS-CA-MDS",NA
"121","SRP063692","SRX1459875","phs000915","NCI_ProstateCancer_MetastaticCastrationResistant","NCI_ProstateCancer_MetastaticCastrationResistant","Integrative Clinical Sequencing Analysis of Metastatic Castration Resistant Prostate Cancer Reveals a High Frequency of Clinical Actionability","Case Set","05115187-W-1_SI_7417","05115187-W-1_SI_7417","05115187","1739243","1329231","male","DNA","No","2","DS-CA-MDS",NA
"122","SRP063692","SRX1459822","phs000915","NCI_ProstateCancer_MetastaticCastrationResistant","NCI_ProstateCancer_MetastaticCastrationResistant","Integrative Clinical Sequencing Analysis of Metastatic Castration Resistant Prostate Cancer Reveals a High Frequency of Clinical Actionability","Case Set","05115058-T-A-1_SI_6271","05115058-T-A-1_SI_6271","05115058","1739190","1329217","male","RNA","Yes","2","DS-CA-MDS",NA
"123","SRP063692","SRX1459953","phs000915","NCI_ProstateCancer_MetastaticCastrationResistant","NCI_ProstateCancer_MetastaticCastrationResistant","Integrative Clinical Sequencing Analysis of Metastatic Castration Resistant Prostate Cancer Reveals a High Frequency of Clinical Actionability","Case Set","05115359-W-1_SI_9103","05115359-W-1_SI_9103","05115359","1739321","1329251","male","DNA","No","2","DS-CA-MDS",NA
"124","SRP063692","SRX1459829","phs000915","NCI_ProstateCancer_MetastaticCastrationResistant","NCI_ProstateCancer_MetastaticCastrationResistant","Integrative Clinical Sequencing Analysis of Metastatic Castration Resistant Prostate Cancer Reveals a High Frequency of Clinical Actionability","Case Set","05115075-T-A-1_SI_6209","05115075-T-A-1_SI_6209","05115075","1739197","1329219","male","RNA","Yes","2","DS-CA-MDS",NA
"125","SRP063692","SRX1459831","phs000915","NCI_ProstateCancer_MetastaticCastrationResistant","NCI_ProstateCancer_MetastaticCastrationResistant","Integrative Clinical Sequencing Analysis of Metastatic Castration Resistant Prostate Cancer Reveals a High Frequency of Clinical Actionability","Case Set","05115076-T-C-2_SI_6193","05115076-T-C-2_SI_6193","05115076","1739199","1329220","male","DNA","Yes","2","DS-CA-MDS","Seq_DNA_SNP_MAF_Ind"
"126","SRP063692","SRX1459785","phs000915","NCI_ProstateCancer_MetastaticCastrationResistant","NCI_ProstateCancer_MetastaticCastrationResistant","Integrative Clinical Sequencing Analysis of Metastatic Castration Resistant Prostate Cancer Reveals a High Frequency of Clinical Actionability","Case Set","05115027-T-A-2_SI_5092","05115027-T-A-2_SI_5092","05115027","1739153","1329208","male","RNA","Yes","2","DS-CA-MDS",NA
"127","SRP063692","SRX1459777","phs000915","NCI_ProstateCancer_MetastaticCastrationResistant","NCI_ProstateCancer_MetastaticCastrationResistant","Integrative Clinical Sequencing Analysis of Metastatic Castration Resistant Prostate Cancer Reveals a High Frequency of Clinical Actionability","Case Set","05115024-T-A-1_SI_4737","05115024-T-A-1_SI_4737","05115024","1739145","1329206","male","RNA","Yes","2","DS-CA-MDS",NA
"128","SRP063692","SRX1459904","phs000915","NCI_ProstateCancer_MetastaticCastrationResistant","NCI_ProstateCancer_MetastaticCastrationResistant","Integrative Clinical Sequencing Analysis of Metastatic Castration Resistant Prostate Cancer Reveals a High Frequency of Clinical Actionability","Case Set","05115203-T-A-1_SI_7079","05115203-T-A-1_SI_7079","05115203","1739272","1329239","male","DNA","Yes","2","DS-CA-MDS","Seq_DNA_SNP_MAF_Ind"
"129","SRP063692","SRX1459804","phs000915","NCI_ProstateCancer_MetastaticCastrationResistant","NCI_ProstateCancer_MetastaticCastrationResistant","Integrative Clinical Sequencing Analysis of Metastatic Castration Resistant Prostate Cancer Reveals a High Frequency of Clinical Actionability","Case Set","05115032-T-A-1_SI_5671","05115032-T-A-1_SI_5671","05115032","1739172","1329213","male","DNA","Yes","2","DS-CA-MDS","Seq_DNA_SNP_MAF_Ind"
"130","SRP063692","SRX1459776","phs000915","NCI_ProstateCancer_MetastaticCastrationResistant","NCI_ProstateCancer_MetastaticCastrationResistant","Integrative Clinical Sequencing Analysis of Metastatic Castration Resistant Prostate Cancer Reveals a High Frequency of Clinical Actionability","Case Set","05115023-W-1_SI_4602","05115023-W-1_SI_4602","05115023","1739144","1329205","male","DNA","No","2","DS-CA-MDS",NA
"131","SRP063692","SRX1459823","phs000915","NCI_ProstateCancer_MetastaticCastrationResistant","NCI_ProstateCancer_MetastaticCastrationResistant","Integrative Clinical Sequencing Analysis of Metastatic Castration Resistant Prostate Cancer Reveals a High Frequency of Clinical Actionability","Case Set","05115058-W-1_SI_6174","05115058-W-1_SI_6174","05115058","1739191","1329217","male","DNA","No","2","DS-CA-MDS",NA
"132","SRP063692","SRX1459794","phs000915","NCI_ProstateCancer_MetastaticCastrationResistant","NCI_ProstateCancer_MetastaticCastrationResistant","Integrative Clinical Sequencing Analysis of Metastatic Castration Resistant Prostate Cancer Reveals a High Frequency of Clinical Actionability","Case Set","05115029-T-A-1_SI_5440","05115029-T-A-1_SI_5440","05115029","1739162","1329210","male","DNA","Yes","2","DS-CA-MDS","Seq_DNA_SNP_MAF_Ind"
"133","SRP063692","SRX1459889","phs000915","NCI_ProstateCancer_MetastaticCastrationResistant","NCI_ProstateCancer_MetastaticCastrationResistant","Integrative Clinical Sequencing Analysis of Metastatic Castration Resistant Prostate Cancer Reveals a High Frequency of Clinical Actionability","Case Set","05115196-T-A-1_SI_7263","05115196-T-A-1_SI_7263","05115196","1739257","1329235","male","RNA","Yes","2","DS-CA-MDS",NA
"134","SRP063692","SRX1459853","phs000915","NCI_ProstateCancer_MetastaticCastrationResistant","NCI_ProstateCancer_MetastaticCastrationResistant","Integrative Clinical Sequencing Analysis of Metastatic Castration Resistant Prostate Cancer Reveals a High Frequency of Clinical Actionability","Case Set","05115130-T-A-1_SI_6695","05115130-T-A-1_SI_6695","05115130","1739221","1329226","male","RNA","Yes","2","DS-CA-MDS",NA
"135","SRP063692","SRX1459848","phs000915","NCI_ProstateCancer_MetastaticCastrationResistant","NCI_ProstateCancer_MetastaticCastrationResistant","Integrative Clinical Sequencing Analysis of Metastatic Castration Resistant Prostate Cancer Reveals a High Frequency of Clinical Actionability","Case Set","05115128-W-1_SI_6876","05115128-W-1_SI_6876","05115128","1739216","1329224","male","DNA","No","2","DS-CA-MDS",NA
"136","SRP063692","SRX1459774","phs000915","NCI_ProstateCancer_MetastaticCastrationResistant","NCI_ProstateCancer_MetastaticCastrationResistant","Integrative Clinical Sequencing Analysis of Metastatic Castration Resistant Prostate Cancer Reveals a High Frequency of Clinical Actionability","Case Set","05115023-T-A-1_SI_4603","05115023-T-A-1_SI_4603","05115023","1739142","1329205","male","DNA","Yes","2","DS-CA-MDS","Seq_DNA_SNP_MAF_Ind"
"137","SRP063692","SRX1459874","phs000915","NCI_ProstateCancer_MetastaticCastrationResistant","NCI_ProstateCancer_MetastaticCastrationResistant","Integrative Clinical Sequencing Analysis of Metastatic Castration Resistant Prostate Cancer Reveals a High Frequency of Clinical Actionability","Case Set","05115187-T-A-1_SI_7416","05115187-T-A-1_SI_7416","05115187","1739242","1329231","male","DNA","Yes","2","DS-CA-MDS","Seq_DNA_SNP_MAF_Ind"
"138","SRP063692","SRX1459808","phs000915","NCI_ProstateCancer_MetastaticCastrationResistant","NCI_ProstateCancer_MetastaticCastrationResistant","Integrative Clinical Sequencing Analysis of Metastatic Castration Resistant Prostate Cancer Reveals a High Frequency of Clinical Actionability","Case Set","05115033-T-A-1_SI_5668","05115033-T-A-1_SI_5668","05115033","1739176","1329214","male","RNA","Yes","2","DS-CA-MDS",NA
"139","SRP063692","SRX1459841","phs000915","NCI_ProstateCancer_MetastaticCastrationResistant","NCI_ProstateCancer_MetastaticCastrationResistant","Integrative Clinical Sequencing Analysis of Metastatic Castration Resistant Prostate Cancer Reveals a High Frequency of Clinical Actionability","Case Set","05115127-T-A-1_SI_6321","05115127-T-A-1_SI_6321","05115127","1739209","1329223","male","RNA","Yes","2","DS-CA-MDS",NA
"140","SRP063692","SRX1459840","phs000915","NCI_ProstateCancer_MetastaticCastrationResistant","NCI_ProstateCancer_MetastaticCastrationResistant","Integrative Clinical Sequencing Analysis of Metastatic Castration Resistant Prostate Cancer Reveals a High Frequency of Clinical Actionability","Case Set","05115098-W-1_SI_5674","05115098-W-1_SI_5674","05115098","1739208","1329222","male","DNA","No","2","DS-CA-MDS",NA
"141","SRP063692","SRX1459798","phs000915","NCI_ProstateCancer_MetastaticCastrationResistant","NCI_ProstateCancer_MetastaticCastrationResistant","Integrative Clinical Sequencing Analysis of Metastatic Castration Resistant Prostate Cancer Reveals a High Frequency of Clinical Actionability","Case Set","05115030-T-A-1_SI_5565","05115030-T-A-1_SI_5565","05115030","1739166","1329211","male","DNA","Yes","2","DS-CA-MDS","Seq_DNA_SNP_MAF_Ind"
"142","SRP063692","SRX1459954","phs000915","NCI_ProstateCancer_MetastaticCastrationResistant","NCI_ProstateCancer_MetastaticCastrationResistant","Integrative Clinical Sequencing Analysis of Metastatic Castration Resistant Prostate Cancer Reveals a High Frequency of Clinical Actionability","Case Set","06115012-T-B-4_SI_4439","06115012-T-B-4_SI_4439","06115012","1739322","1329252","male","DNA","Yes","2","DS-CA-MDS","Seq_DNA_SNP_MAF_Ind"
"143","SRP063692","SRX1459832","phs000915","NCI_ProstateCancer_MetastaticCastrationResistant","NCI_ProstateCancer_MetastaticCastrationResistant","Integrative Clinical Sequencing Analysis of Metastatic Castration Resistant Prostate Cancer Reveals a High Frequency of Clinical Actionability","Case Set","05115076-T-C-2_SI_6223","05115076-T-C-2_SI_6223","05115076","1739200","1329220","male","RNA","Yes","2","DS-CA-MDS",NA
"144","SRP063692","SRX1459839","phs000915","NCI_ProstateCancer_MetastaticCastrationResistant","NCI_ProstateCancer_MetastaticCastrationResistant","Integrative Clinical Sequencing Analysis of Metastatic Castration Resistant Prostate Cancer Reveals a High Frequency of Clinical Actionability","Case Set","05115098-T-A-1_SI_5685","05115098-T-A-1_SI_5685","05115098","1739207","1329222","male","RNA","Yes","2","DS-CA-MDS",NA
"145","SRP063692","SRX1459820","phs000915","NCI_ProstateCancer_MetastaticCastrationResistant","NCI_ProstateCancer_MetastaticCastrationResistant","Integrative Clinical Sequencing Analysis of Metastatic Castration Resistant Prostate Cancer Reveals a High Frequency of Clinical Actionability","Case Set","05115058-T-A-1_SI_6173","05115058-T-A-1_SI_6173","05115058","1739188","1329217","male","DNA","Yes","2","DS-CA-MDS","Seq_DNA_SNP_MAF_Ind"
"146","SRP063692","SRX1459905","phs000915","NCI_ProstateCancer_MetastaticCastrationResistant","NCI_ProstateCancer_MetastaticCastrationResistant","Integrative Clinical Sequencing Analysis of Metastatic Castration Resistant Prostate Cancer Reveals a High Frequency of Clinical Actionability","Case Set","05115203-W-1_SI_7080","05115203-W-1_SI_7080","05115203","1739273","1329239","male","DNA","No","2","DS-CA-MDS",NA
"147","SRP063692","SRX1245025","phs000915","NCI_ProstateCancer_MetastaticCastrationResistant","NCI_ProstateCancer_MetastaticCastrationResistant","Integrative Clinical Sequencing Analysis of Metastatic Castration Resistant Prostate Cancer Reveals a High Frequency of Clinical Actionability","Case Set","01115154-TA3","01115154-TA3","01115154","1739126","1329196","male","DNA; RNA","Yes","1","DS-PC-MDS","Seq_DNA_SNP_MAF_Ind"
"148","SRP063692","SRX1459910","phs000915","NCI_ProstateCancer_MetastaticCastrationResistant","NCI_ProstateCancer_MetastaticCastrationResistant","Integrative Clinical Sequencing Analysis of Metastatic Castration Resistant Prostate Cancer Reveals a High Frequency of Clinical Actionability","Case Set","05115255-T-A-2_SI_8294","05115255-T-A-2_SI_8294","05115255","1739278","1329241","male","RNA","Yes","2","DS-CA-MDS",NA
"149","SRP063692","SRX1459870","phs000915","NCI_ProstateCancer_MetastaticCastrationResistant","NCI_ProstateCancer_MetastaticCastrationResistant","Integrative Clinical Sequencing Analysis of Metastatic Castration Resistant Prostate Cancer Reveals a High Frequency of Clinical Actionability","Case Set","05115186-T-A-2_SI_6848","05115186-T-A-2_SI_6848","05115186","1739238","1329230","male","RNA","Yes","2","DS-CA-MDS",NA
"150","SRP063692","SRX1459793","phs000915","NCI_ProstateCancer_MetastaticCastrationResistant","NCI_ProstateCancer_MetastaticCastrationResistant","Integrative Clinical Sequencing Analysis of Metastatic Castration Resistant Prostate Cancer Reveals a High Frequency of Clinical Actionability","Case Set","05115029-T-A-1_SI_5433","05115029-T-A-1_SI_5433","05115029","1739161","1329210","male","RNA","Yes","2","DS-CA-MDS",NA
"151","SRP063692","SRX1459862","phs000915","NCI_ProstateCancer_MetastaticCastrationResistant","NCI_ProstateCancer_MetastaticCastrationResistant","Integrative Clinical Sequencing Analysis of Metastatic Castration Resistant Prostate Cancer Reveals a High Frequency of Clinical Actionability","Case Set","05115158-T-B-1_SI_7028","05115158-T-B-1_SI_7028","05115158","1739230","1329228","male","DNA","Yes","2","DS-CA-MDS","Seq_DNA_SNP_MAF_Ind"
"152","SRP063692","SRX1244963","phs000915","NCI_ProstateCancer_MetastaticCastrationResistant","NCI_ProstateCancer_MetastaticCastrationResistant","Integrative Clinical Sequencing Analysis of Metastatic Castration Resistant Prostate Cancer Reveals a High Frequency of Clinical Actionability","Case Set","01115153-TA2","01115153-TA2","01115153","1739124","1329195","male","DNA; RNA","Yes","1","DS-PC-MDS","Seq_DNA_SNP_MAF_Ind"
"153","SRP063692","SRX1459846","phs000915","NCI_ProstateCancer_MetastaticCastrationResistant","NCI_ProstateCancer_MetastaticCastrationResistant","Integrative Clinical Sequencing Analysis of Metastatic Castration Resistant Prostate Cancer Reveals a High Frequency of Clinical Actionability","Case Set","05115128-T-A-1_SI_6860","05115128-T-A-1_SI_6860","05115128","1739214","1329224","male","RNA","Yes","2","DS-CA-MDS",NA
"154","SRP063692","SRX1459926","phs000915","NCI_ProstateCancer_MetastaticCastrationResistant","NCI_ProstateCancer_MetastaticCastrationResistant","Integrative Clinical Sequencing Analysis of Metastatic Castration Resistant Prostate Cancer Reveals a High Frequency of Clinical Actionability","Case Set","05115260-T-A-1_SI_8246","05115260-T-A-1_SI_8246","05115260","1739294","1329245","male","RNA","Yes","2","DS-CA-MDS",NA
"155","SRP063692","SRX1459789","phs000915","NCI_ProstateCancer_MetastaticCastrationResistant","NCI_ProstateCancer_MetastaticCastrationResistant","Integrative Clinical Sequencing Analysis of Metastatic Castration Resistant Prostate Cancer Reveals a High Frequency of Clinical Actionability","Case Set","05115028-T-A-1_SI_5263","05115028-T-A-1_SI_5263","05115028","1739157","1329209","male","DNA","Yes","2","DS-CA-MDS","Seq_DNA_SNP_MAF_Ind"
"156","SRP063692","SRX1459893","phs000915","NCI_ProstateCancer_MetastaticCastrationResistant","NCI_ProstateCancer_MetastaticCastrationResistant","Integrative Clinical Sequencing Analysis of Metastatic Castration Resistant Prostate Cancer Reveals a High Frequency of Clinical Actionability","Case Set","05115197-T-A-1_SI_7267","05115197-T-A-1_SI_7267","05115197","1739261","1329236","male","RNA","Yes","2","DS-CA-MDS",NA
"157","SRP063692","SRX1459838","phs000915","NCI_ProstateCancer_MetastaticCastrationResistant","NCI_ProstateCancer_MetastaticCastrationResistant","Integrative Clinical Sequencing Analysis of Metastatic Castration Resistant Prostate Cancer Reveals a High Frequency of Clinical Actionability","Case Set","05115098-T-A-1_SI_5673","05115098-T-A-1_SI_5673","05115098","1739206","1329222","male","DNA","Yes","2","DS-CA-MDS","Seq_DNA_SNP_MAF_Ind"
"158","SRP063692","SRX1459928","phs000915","NCI_ProstateCancer_MetastaticCastrationResistant","NCI_ProstateCancer_MetastaticCastrationResistant","Integrative Clinical Sequencing Analysis of Metastatic Castration Resistant Prostate Cancer Reveals a High Frequency of Clinical Actionability","Case Set","05115260-T-A-1_SI_8270","05115260-T-A-1_SI_8270","05115260","1739296","1329245","male","DNA","Yes","2","DS-CA-MDS","Seq_DNA_SNP_MAF_Ind"
"159","SRP063692","SRX1459879","phs000915","NCI_ProstateCancer_MetastaticCastrationResistant","NCI_ProstateCancer_MetastaticCastrationResistant","Integrative Clinical Sequencing Analysis of Metastatic Castration Resistant Prostate Cancer Reveals a High Frequency of Clinical Actionability","Case Set","05115193-W-1_SI_7610","05115193-W-1_SI_7610","05115193","1739247","1329232","male","DNA","No","2","DS-CA-MDS",NA
"160","SRP063692","SRX1459955","phs000915","NCI_ProstateCancer_MetastaticCastrationResistant","NCI_ProstateCancer_MetastaticCastrationResistant","Integrative Clinical Sequencing Analysis of Metastatic Castration Resistant Prostate Cancer Reveals a High Frequency of Clinical Actionability","Case Set","06115012-T-C-5_SI_4882","06115012-T-C-5_SI_4882","06115012","1739323","1329252","male","RNA","Yes","2","DS-CA-MDS",NA
"161","SRP063692","SRX1244921","phs000915","NCI_ProstateCancer_MetastaticCastrationResistant","NCI_ProstateCancer_MetastaticCastrationResistant","Integrative Clinical Sequencing Analysis of Metastatic Castration Resistant Prostate Cancer Reveals a High Frequency of Clinical Actionability","Case Set","01115161-TA1","01115161-TA1","01115161","1739132","1329199","male","DNA; RNA","Yes","1","DS-PC-MDS","Seq_DNA_SNP_MAF_Ind"
"162","SRP063692","SRX1459773","phs000915","NCI_ProstateCancer_MetastaticCastrationResistant","NCI_ProstateCancer_MetastaticCastrationResistant","Integrative Clinical Sequencing Analysis of Metastatic Castration Resistant Prostate Cancer Reveals a High Frequency of Clinical Actionability","Case Set","05115022-W-1_SI_5499","05115022-W-1_SI_5499","05115022","1739141","1329204","male","DNA","No","2","DS-CA-MDS",NA
"163","SRP063692","SRX1459903","phs000915","NCI_ProstateCancer_MetastaticCastrationResistant","NCI_ProstateCancer_MetastaticCastrationResistant","Integrative Clinical Sequencing Analysis of Metastatic Castration Resistant Prostate Cancer Reveals a High Frequency of Clinical Actionability","Case Set","05115203-T-A-1_SI_7073","05115203-T-A-1_SI_7073","05115203","1739271","1329239","male","RNA","Yes","2","DS-CA-MDS",NA
"164","SRP063692","SRX1459782","phs000915","NCI_ProstateCancer_MetastaticCastrationResistant","NCI_ProstateCancer_MetastaticCastrationResistant","Integrative Clinical Sequencing Analysis of Metastatic Castration Resistant Prostate Cancer Reveals a High Frequency of Clinical Actionability","Case Set","05115026-T-A-2_SI_4971","05115026-T-A-2_SI_4971","05115026","1739150","1329207","male","RNA","Yes","2","DS-CA-MDS",NA
"165","SRP063692","SRX1459895","phs000915","NCI_ProstateCancer_MetastaticCastrationResistant","NCI_ProstateCancer_MetastaticCastrationResistant","Integrative Clinical Sequencing Analysis of Metastatic Castration Resistant Prostate Cancer Reveals a High Frequency of Clinical Actionability","Case Set","05115197-W-1_SI_7278","05115197-W-1_SI_7278","05115197","1739263","1329236","male","DNA","No","2","DS-CA-MDS",NA
"166","SRP063692","SRX1459939","phs000915","NCI_ProstateCancer_MetastaticCastrationResistant","NCI_ProstateCancer_MetastaticCastrationResistant","Integrative Clinical Sequencing Analysis of Metastatic Castration Resistant Prostate Cancer Reveals a High Frequency of Clinical Actionability","Case Set","05115290-T-A-1_SI_8320","05115290-T-A-1_SI_8320","05115290","1739307","1329248","male","RNA","Yes","2","DS-CA-MDS",NA
"167","SRP063692","SRX1459908","phs000915","NCI_ProstateCancer_MetastaticCastrationResistant","NCI_ProstateCancer_MetastaticCastrationResistant","Integrative Clinical Sequencing Analysis of Metastatic Castration Resistant Prostate Cancer Reveals a High Frequency of Clinical Actionability","Case Set","05115254-T-A-1_SI_7848","05115254-T-A-1_SI_7848","05115254","1739276","1329240","male","RNA","Yes","2","DS-CA-MDS",NA
"168","SRP063692","SRX1459850","phs000915","NCI_ProstateCancer_MetastaticCastrationResistant","NCI_ProstateCancer_MetastaticCastrationResistant","Integrative Clinical Sequencing Analysis of Metastatic Castration Resistant Prostate Cancer Reveals a High Frequency of Clinical Actionability","Case Set","05115129-T-A-1_SI_6690","05115129-T-A-1_SI_6690","05115129","1739218","1329225","male","RNA","Yes","2","DS-CA-MDS",NA
"169","SRP063692","SRX1459871","phs000915","NCI_ProstateCancer_MetastaticCastrationResistant","NCI_ProstateCancer_MetastaticCastrationResistant","Integrative Clinical Sequencing Analysis of Metastatic Castration Resistant Prostate Cancer Reveals a High Frequency of Clinical Actionability","Case Set","05115186-W-1_SI_6668","05115186-W-1_SI_6668","05115186","1739239","1329230","male","DNA","No","2","DS-CA-MDS",NA
"170","SRP063692","SRX1459881","phs000915","NCI_ProstateCancer_MetastaticCastrationResistant","NCI_ProstateCancer_MetastaticCastrationResistant","Integrative Clinical Sequencing Analysis of Metastatic Castration Resistant Prostate Cancer Reveals a High Frequency of Clinical Actionability","Case Set","05115194-T-A-1_SI_7075","05115194-T-A-1_SI_7075","05115194","1739249","1329233","male","RNA","Yes","2","DS-CA-MDS",NA
"171","SRP063692","SRX1459873","phs000915","NCI_ProstateCancer_MetastaticCastrationResistant","NCI_ProstateCancer_MetastaticCastrationResistant","Integrative Clinical Sequencing Analysis of Metastatic Castration Resistant Prostate Cancer Reveals a High Frequency of Clinical Actionability","Case Set","05115187-T-A-1_SI_7404","05115187-T-A-1_SI_7404","05115187","1739241","1329231","male","RNA","Yes","2","DS-CA-MDS",NA
"172","SRP063692","SRX1244936","phs000915","NCI_ProstateCancer_MetastaticCastrationResistant","NCI_ProstateCancer_MetastaticCastrationResistant","Integrative Clinical Sequencing Analysis of Metastatic Castration Resistant Prostate Cancer Reveals a High Frequency of Clinical Actionability","Case Set","01115153-B-1","01115153-B-1","01115153","1739123","1329195","male","DNA","No","1","DS-PC-MDS",NA
"173","SRP063692","SRX1459950","phs000915","NCI_ProstateCancer_MetastaticCastrationResistant","NCI_ProstateCancer_MetastaticCastrationResistant","Integrative Clinical Sequencing Analysis of Metastatic Castration Resistant Prostate Cancer Reveals a High Frequency of Clinical Actionability","Case Set","05115359-T-A-1_SI_9074","05115359-T-A-1_SI_9074","05115359","1739318","1329251","male","RNA","Yes","2","DS-CA-MDS",NA
"174","SRP063692","SRX1459923","phs000915","NCI_ProstateCancer_MetastaticCastrationResistant","NCI_ProstateCancer_MetastaticCastrationResistant","Integrative Clinical Sequencing Analysis of Metastatic Castration Resistant Prostate Cancer Reveals a High Frequency of Clinical Actionability","Case Set","05115259-T-C-2_SI_6554","05115259-T-C-2_SI_6554","05115259","1739291","1329244","male","RNA","Yes","2","DS-CA-MDS",NA
"175","SRP063692","SRX1459877","phs000915","NCI_ProstateCancer_MetastaticCastrationResistant","NCI_ProstateCancer_MetastaticCastrationResistant","Integrative Clinical Sequencing Analysis of Metastatic Castration Resistant Prostate Cancer Reveals a High Frequency of Clinical Actionability","Case Set","05115193-T-A-1_SI_7596","05115193-T-A-1_SI_7596","05115193","1739245","1329232","male","RNA","Yes","2","DS-CA-MDS",NA
"176","SRP063692","SRX1459924","phs000915","NCI_ProstateCancer_MetastaticCastrationResistant","NCI_ProstateCancer_MetastaticCastrationResistant","Integrative Clinical Sequencing Analysis of Metastatic Castration Resistant Prostate Cancer Reveals a High Frequency of Clinical Actionability","Case Set","05115259-T-C-2_SI_6566","05115259-T-C-2_SI_6566","05115259","1739292","1329244","male","RNA","Yes","2","DS-CA-MDS",NA
"177","SRP063692","SRX1459883","phs000915","NCI_ProstateCancer_MetastaticCastrationResistant","NCI_ProstateCancer_MetastaticCastrationResistant","Integrative Clinical Sequencing Analysis of Metastatic Castration Resistant Prostate Cancer Reveals a High Frequency of Clinical Actionability","Case Set","05115194-W-1_SI_7084","05115194-W-1_SI_7084","05115194","1739251","1329233","male","DNA","No","2","DS-CA-MDS",NA
"178","SRP063692","SRX1245038","phs000915","NCI_ProstateCancer_MetastaticCastrationResistant","NCI_ProstateCancer_MetastaticCastrationResistant","Integrative Clinical Sequencing Analysis of Metastatic Castration Resistant Prostate Cancer Reveals a High Frequency of Clinical Actionability","Case Set","01115244-B-1","01115244-B-1","01115244","1739137","1329202","male","DNA","No","1","DS-PC-MDS",NA
"179","SRP063692","SRX1459865","phs000915","NCI_ProstateCancer_MetastaticCastrationResistant","NCI_ProstateCancer_MetastaticCastrationResistant","Integrative Clinical Sequencing Analysis of Metastatic Castration Resistant Prostate Cancer Reveals a High Frequency of Clinical Actionability","Case Set","05115160-T-A-1_SI_7212","05115160-T-A-1_SI_7212","05115160","1739233","1329229","male","RNA","Yes","2","DS-CA-MDS",NA
"180","SRP063692","SRX1459805","phs000915","NCI_ProstateCancer_MetastaticCastrationResistant","NCI_ProstateCancer_MetastaticCastrationResistant","Integrative Clinical Sequencing Analysis of Metastatic Castration Resistant Prostate Cancer Reveals a High Frequency of Clinical Actionability","Case Set","05115032-T-A-2_SI_5665","05115032-T-A-2_SI_5665","05115032","1739173","1329213","male","RNA","Yes","2","DS-CA-MDS",NA
"181","SRP063692","SRX1459937","phs000915","NCI_ProstateCancer_MetastaticCastrationResistant","NCI_ProstateCancer_MetastaticCastrationResistant","Integrative Clinical Sequencing Analysis of Metastatic Castration Resistant Prostate Cancer Reveals a High Frequency of Clinical Actionability","Case Set","05115276-W-1_SI_8421","05115276-W-1_SI_8421","05115276","1739305","1329247","male","DNA","No","2","DS-CA-MDS",NA
"182","SRP063692","SRX1459932","phs000915","NCI_ProstateCancer_MetastaticCastrationResistant","NCI_ProstateCancer_MetastaticCastrationResistant","Integrative Clinical Sequencing Analysis of Metastatic Castration Resistant Prostate Cancer Reveals a High Frequency of Clinical Actionability","Case Set","05115261-T-A-2_SI_7642","05115261-T-A-2_SI_7642","05115261","1739300","1329246","male","DNA","Yes","2","DS-CA-MDS","Seq_DNA_SNP_MAF_Ind"
"183","SRP063692","SRX1459783","phs000915","NCI_ProstateCancer_MetastaticCastrationResistant","NCI_ProstateCancer_MetastaticCastrationResistant","Integrative Clinical Sequencing Analysis of Metastatic Castration Resistant Prostate Cancer Reveals a High Frequency of Clinical Actionability","Case Set","05115026-W-1_SI_4988","05115026-W-1_SI_4988","05115026","1739151","1329207","male","DNA","No","2","DS-CA-MDS",NA
"184","SRP063692","SRX1459898","phs000915","NCI_ProstateCancer_MetastaticCastrationResistant","NCI_ProstateCancer_MetastaticCastrationResistant","Integrative Clinical Sequencing Analysis of Metastatic Castration Resistant Prostate Cancer Reveals a High Frequency of Clinical Actionability","Case Set","05115198-W-1_SI_7419","05115198-W-1_SI_7419","05115198","1739266","1329237","male","DNA","No","2","DS-CA-MDS",NA
"185","SRP063692","SRX1244918","phs000915","NCI_ProstateCancer_MetastaticCastrationResistant","NCI_ProstateCancer_MetastaticCastrationResistant","Integrative Clinical Sequencing Analysis of Metastatic Castration Resistant Prostate Cancer Reveals a High Frequency of Clinical Actionability","Case Set","01115154-TA3","01115154-TA3","01115154","1739126","1329196","male","DNA; RNA","Yes","1","DS-PC-MDS","Seq_DNA_SNP_MAF_Ind"
"186","SRP063692","SRX1459940","phs000915","NCI_ProstateCancer_MetastaticCastrationResistant","NCI_ProstateCancer_MetastaticCastrationResistant","Integrative Clinical Sequencing Analysis of Metastatic Castration Resistant Prostate Cancer Reveals a High Frequency of Clinical Actionability","Case Set","05115290-T-A-1_SI_8335","05115290-T-A-1_SI_8335","05115290","1739308","1329248","male","DNA","Yes","2","DS-CA-MDS","Seq_DNA_SNP_MAF_Ind"
"187","SRP063692","SRX1459951","phs000915","NCI_ProstateCancer_MetastaticCastrationResistant","NCI_ProstateCancer_MetastaticCastrationResistant","Integrative Clinical Sequencing Analysis of Metastatic Castration Resistant Prostate Cancer Reveals a High Frequency of Clinical Actionability","Case Set","05115359-T-A-1_SI_9102","05115359-T-A-1_SI_9102","05115359","1739319","1329251","male","DNA","Yes","2","DS-CA-MDS","Seq_DNA_SNP_MAF_Ind"
"188","SRP063692","SRX1459884","phs000915","NCI_ProstateCancer_MetastaticCastrationResistant","NCI_ProstateCancer_MetastaticCastrationResistant","Integrative Clinical Sequencing Analysis of Metastatic Castration Resistant Prostate Cancer Reveals a High Frequency of Clinical Actionability","Case Set","05115195-T-A-1_SI_7118","05115195-T-A-1_SI_7118","05115195","1739252","1329234","male","RNA","Yes","2","DS-CA-MDS",NA
"189","SRP063692","SRX1459810","phs000915","NCI_ProstateCancer_MetastaticCastrationResistant","NCI_ProstateCancer_MetastaticCastrationResistant","Integrative Clinical Sequencing Analysis of Metastatic Castration Resistant Prostate Cancer Reveals a High Frequency of Clinical Actionability","Case Set","05115033-T-A-2_SI_5679","05115033-T-A-2_SI_5679","05115033","1739178","1329214","male","DNA","Yes","2","DS-CA-MDS","Seq_DNA_SNP_MAF_Ind"
"190","SRP063692","SRX1459915","phs000915","NCI_ProstateCancer_MetastaticCastrationResistant","NCI_ProstateCancer_MetastaticCastrationResistant","Integrative Clinical Sequencing Analysis of Metastatic Castration Resistant Prostate Cancer Reveals a High Frequency of Clinical Actionability","Case Set","05115256-T-C-2_SI_7976","05115256-T-C-2_SI_7976","05115256","1739283","1329242","male","DNA","Yes","2","DS-CA-MDS","Seq_DNA_SNP_MAF_Ind"
"191","SRP063692","SRX1459929","phs000915","NCI_ProstateCancer_MetastaticCastrationResistant","NCI_ProstateCancer_MetastaticCastrationResistant","Integrative Clinical Sequencing Analysis of Metastatic Castration Resistant Prostate Cancer Reveals a High Frequency of Clinical Actionability","Case Set","05115260-W-1_SI_8271","05115260-W-1_SI_8271","05115260","1739297","1329245","male","DNA","No","2","DS-CA-MDS",NA
"192","SRP063692","SRX1459943","phs000915","NCI_ProstateCancer_MetastaticCastrationResistant","NCI_ProstateCancer_MetastaticCastrationResistant","Integrative Clinical Sequencing Analysis of Metastatic Castration Resistant Prostate Cancer Reveals a High Frequency of Clinical Actionability","Case Set","05115291-T-C-1_SI_8408","05115291-T-C-1_SI_8408","05115291","1739311","1329249","male","RNA","Yes","2","DS-CA-MDS",NA
"193","SRP063692","SRX1459935","phs000915","NCI_ProstateCancer_MetastaticCastrationResistant","NCI_ProstateCancer_MetastaticCastrationResistant","Integrative Clinical Sequencing Analysis of Metastatic Castration Resistant Prostate Cancer Reveals a High Frequency of Clinical Actionability","Case Set","05115276-T-A-1_SI_8407","05115276-T-A-1_SI_8407","05115276","1739303","1329247","male","RNA","Yes","2","DS-CA-MDS",NA
"194","SRP063692","SRX1459843","phs000915","NCI_ProstateCancer_MetastaticCastrationResistant","NCI_ProstateCancer_MetastaticCastrationResistant","Integrative Clinical Sequencing Analysis of Metastatic Castration Resistant Prostate Cancer Reveals a High Frequency of Clinical Actionability","Case Set","05115127-T-A-1_SI_6443","05115127-T-A-1_SI_6443","05115127","1739211","1329223","male","DNA","Yes","2","DS-CA-MDS","Seq_DNA_SNP_MAF_Ind"
"195","SRP063692","SRX1459815","phs000915","NCI_ProstateCancer_MetastaticCastrationResistant","NCI_ProstateCancer_MetastaticCastrationResistant","Integrative Clinical Sequencing Analysis of Metastatic Castration Resistant Prostate Cancer Reveals a High Frequency of Clinical Actionability","Case Set","05115034-W-1_SI_5955","05115034-W-1_SI_5955","05115034","1739182","1329215","male","DNA","No","2","DS-CA-MDS",NA
"196","SRP063692","SRX1459844","phs000915","NCI_ProstateCancer_MetastaticCastrationResistant","NCI_ProstateCancer_MetastaticCastrationResistant","Integrative Clinical Sequencing Analysis of Metastatic Castration Resistant Prostate Cancer Reveals a High Frequency of Clinical Actionability","Case Set","05115127-W-1_SI_5993","05115127-W-1_SI_5993","05115127","1739212","1329223","male","DNA","No","2","DS-CA-MDS",NA
"197","SRP063692","SRX1459772","phs000915","NCI_ProstateCancer_MetastaticCastrationResistant","NCI_ProstateCancer_MetastaticCastrationResistant","Integrative Clinical Sequencing Analysis of Metastatic Castration Resistant Prostate Cancer Reveals a High Frequency of Clinical Actionability","Case Set","05115022-T-A-1_SI_5500","05115022-T-A-1_SI_5500","05115002","1739140","1329203","male","RNA","Yes","2","DS-CA-MDS",NA
"198","SRP063692","SRX1459917","phs000915","NCI_ProstateCancer_MetastaticCastrationResistant","NCI_ProstateCancer_MetastaticCastrationResistant","Integrative Clinical Sequencing Analysis of Metastatic Castration Resistant Prostate Cancer Reveals a High Frequency of Clinical Actionability","Case Set","05115256-W-1_SI_7977","05115256-W-1_SI_7977","05115256","1739285","1329242","male","DNA","No","2","DS-CA-MDS",NA
"199","SRP063692","SRX1459780","phs000915","NCI_ProstateCancer_MetastaticCastrationResistant","NCI_ProstateCancer_MetastaticCastrationResistant","Integrative Clinical Sequencing Analysis of Metastatic Castration Resistant Prostate Cancer Reveals a High Frequency of Clinical Actionability","Case Set","05115026-T-A-1_SI_4966","05115026-T-A-1_SI_4966","05115026","1739148","1329207","male","RNA","Yes","2","DS-CA-MDS",NA
"200","SRP063692","SRX1459806","phs000915","NCI_ProstateCancer_MetastaticCastrationResistant","NCI_ProstateCancer_MetastaticCastrationResistant","Integrative Clinical Sequencing Analysis of Metastatic Castration Resistant Prostate Cancer Reveals a High Frequency of Clinical Actionability","Case Set","05115032-T-A-2_SI_5684","05115032-T-A-2_SI_5684","05115032","1739174","1329213","male","RNA","Yes","2","DS-CA-MDS",NA
"201","SRP063692","SRX1459791","phs000915","NCI_ProstateCancer_MetastaticCastrationResistant","NCI_ProstateCancer_MetastaticCastrationResistant","Integrative Clinical Sequencing Analysis of Metastatic Castration Resistant Prostate Cancer Reveals a High Frequency of Clinical Actionability","Case Set","05115028-W-1_SI_5264","05115028-W-1_SI_5264","05115028","1739159","1329209","male","DNA","No","2","DS-CA-MDS",NA
"202","SRP063692","SRX1459916","phs000915","NCI_ProstateCancer_MetastaticCastrationResistant","NCI_ProstateCancer_MetastaticCastrationResistant","Integrative Clinical Sequencing Analysis of Metastatic Castration Resistant Prostate Cancer Reveals a High Frequency of Clinical Actionability","Case Set","05115256-T-C-2_SI_7993","05115256-T-C-2_SI_7993","05115256","1739284","1329242","male","RNA","Yes","2","DS-CA-MDS",NA
"203","SRP063692","SRX1459787","phs000915","NCI_ProstateCancer_MetastaticCastrationResistant","NCI_ProstateCancer_MetastaticCastrationResistant","Integrative Clinical Sequencing Analysis of Metastatic Castration Resistant Prostate Cancer Reveals a High Frequency of Clinical Actionability","Case Set","05115027-W-1_SI_5123","05115027-W-1_SI_5123","05115027","1739155","1329208","male","DNA","No","2","DS-CA-MDS",NA
"204","SRP063692","SRX1459948","phs000915","NCI_ProstateCancer_MetastaticCastrationResistant","NCI_ProstateCancer_MetastaticCastrationResistant","Integrative Clinical Sequencing Analysis of Metastatic Castration Resistant Prostate Cancer Reveals a High Frequency of Clinical Actionability","Case Set","05115327-T-A-1_SI_8556","05115327-T-A-1_SI_8556","05115327","1739316","1329250","male","RNA","Yes","2","DS-CA-MDS",NA
"205","SRP063692","SRX1459957","phs000915","NCI_ProstateCancer_MetastaticCastrationResistant","NCI_ProstateCancer_MetastaticCastrationResistant","Integrative Clinical Sequencing Analysis of Metastatic Castration Resistant Prostate Cancer Reveals a High Frequency of Clinical Actionability","Case Set","06115013_SI_4552","06115013_SI_4552","06115013","1739327","1329253","male","DNA","No","2","DS-CA-MDS",NA
"206","SRP063692","SRX1459936","phs000915","NCI_ProstateCancer_MetastaticCastrationResistant","NCI_ProstateCancer_MetastaticCastrationResistant","Integrative Clinical Sequencing Analysis of Metastatic Castration Resistant Prostate Cancer Reveals a High Frequency of Clinical Actionability","Case Set","05115276-T-A-1_SI_8420","05115276-T-A-1_SI_8420","05115276","1739304","1329247","male","DNA","Yes","2","DS-CA-MDS","Seq_DNA_SNP_MAF_Ind"
"207","SRP063692","SRX1459857","phs000915","NCI_ProstateCancer_MetastaticCastrationResistant","NCI_ProstateCancer_MetastaticCastrationResistant","Integrative Clinical Sequencing Analysis of Metastatic Castration Resistant Prostate Cancer Reveals a High Frequency of Clinical Actionability","Case Set","05115152-T-A-1_SI_6522","05115152-T-A-1_SI_6522","05115152","1739225","1329227","male","DNA","Yes","2","DS-CA-MDS","Seq_DNA_SNP_MAF_Ind"
"208","SRP063692","SRX1244974","phs000915","NCI_ProstateCancer_MetastaticCastrationResistant","NCI_ProstateCancer_MetastaticCastrationResistant","Integrative Clinical Sequencing Analysis of Metastatic Castration Resistant Prostate Cancer Reveals a High Frequency of Clinical Actionability","Case Set","01115183-TA2","01115183-TA2","01115183","1739134","1329200","male","DNA; RNA","Yes","1","DS-PC-MDS","Seq_DNA_SNP_MAF_Ind"
"209","SRP063692","SRX1459813","phs000915","NCI_ProstateCancer_MetastaticCastrationResistant","NCI_ProstateCancer_MetastaticCastrationResistant","Integrative Clinical Sequencing Analysis of Metastatic Castration Resistant Prostate Cancer Reveals a High Frequency of Clinical Actionability","Case Set","05115034-T-A-1_SI_5939","05115034-T-A-1_SI_5939","05115034","1739181","1329215","male","RNA","Yes","2","DS-CA-MDS",NA
"210","SRP063692","SRX1459920","phs000915","NCI_ProstateCancer_MetastaticCastrationResistant","NCI_ProstateCancer_MetastaticCastrationResistant","Integrative Clinical Sequencing Analysis of Metastatic Castration Resistant Prostate Cancer Reveals a High Frequency of Clinical Actionability","Case Set","05115258-T-A-4_SI_6088","05115258-T-A-4_SI_6088","05115258","1739288","1329243","male","DNA","Yes","2","DS-CA-MDS","Seq_DNA_SNP_MAF_Ind"
"211","SRP063692","SRX1459909","phs000915","NCI_ProstateCancer_MetastaticCastrationResistant","NCI_ProstateCancer_MetastaticCastrationResistant","Integrative Clinical Sequencing Analysis of Metastatic Castration Resistant Prostate Cancer Reveals a High Frequency of Clinical Actionability","Case Set","05115254-W-1_SI_7829","05115254-W-1_SI_7829","05115254","1739277","1329240","male","DNA","No","2","DS-CA-MDS",NA
"212","SRP063692","SRX1459912","phs000915","NCI_ProstateCancer_MetastaticCastrationResistant","NCI_ProstateCancer_MetastaticCastrationResistant","Integrative Clinical Sequencing Analysis of Metastatic Castration Resistant Prostate Cancer Reveals a High Frequency of Clinical Actionability","Case Set","05115255-T-A-2_SI_8331","05115255-T-A-2_SI_8331","05115255","1739280","1329241","male","DNA","Yes","2","DS-CA-MDS","Seq_DNA_SNP_MAF_Ind"
"213","SRP063692","SRX1459867","phs000915","NCI_ProstateCancer_MetastaticCastrationResistant","NCI_ProstateCancer_MetastaticCastrationResistant","Integrative Clinical Sequencing Analysis of Metastatic Castration Resistant Prostate Cancer Reveals a High Frequency of Clinical Actionability","Case Set","05115160-W-1_SI_7226","05115160-W-1_SI_7226","05115160","1739235","1329229","male","DNA","No","2","DS-CA-MDS",NA
"214","SRP063692","SRX1459825","phs000915","NCI_ProstateCancer_MetastaticCastrationResistant","NCI_ProstateCancer_MetastaticCastrationResistant","Integrative Clinical Sequencing Analysis of Metastatic Castration Resistant Prostate Cancer Reveals a High Frequency of Clinical Actionability","Case Set","05115073-T-C-1_SI_6072","05115073-T-C-1_SI_6072","05115073","1739193","1329218","male","RNA","Yes","2","DS-CA-MDS",NA
"215","SRP063692","SRX1244942","phs000915","NCI_ProstateCancer_MetastaticCastrationResistant","NCI_ProstateCancer_MetastaticCastrationResistant","Integrative Clinical Sequencing Analysis of Metastatic Castration Resistant Prostate Cancer Reveals a High Frequency of Clinical Actionability","Case Set","01115156-TA3","01115156-TA3","01115156","1739128","1329197","male","DNA; RNA","Yes","1","DS-PC-MDS","Seq_DNA_SNP_MAF_Ind"
"216","SRP063692","SRX1459891","phs000915","NCI_ProstateCancer_MetastaticCastrationResistant","NCI_ProstateCancer_MetastaticCastrationResistant","Integrative Clinical Sequencing Analysis of Metastatic Castration Resistant Prostate Cancer Reveals a High Frequency of Clinical Actionability","Case Set","05115196-W-1_SI_7270","05115196-W-1_SI_7270","05115196","1739259","1329235","male","DNA","No","2","DS-CA-MDS",NA
