"","study.accession","experiment.accession","source_name","tissue"
"1","SRP062144","SRX1136361","bone marrow","bone marrow"
"2","SRP062144","SRX1136357","bone marrow","bone marrow"
"3","SRP062144","SRX1136361","bone marrow","bone marrow"
"4","SRP062144","SRX1136356","bone marrow","bone marrow"
"5","SRP062144","SRX1136362","bone marrow","bone marrow"
"6","SRP062144","SRX1136355","cord blood cells","cord blood cells"
"7","SRP062144","SRX1136359","bone marrow","bone marrow"
"8","SRP062144","SRX1136360","bone marrow","bone marrow"
"9","SRP062144","SRX1136361","bone marrow","bone marrow"
"10","SRP062144","SRX1136360","bone marrow","bone marrow"
"11","SRP062144","SRX1136363","bone marrow","bone marrow"
"12","SRP062144","SRX1136366","bone marrow","bone marrow"
"13","SRP062144","SRX1136352","cord blood cells","cord blood cells"
"14","SRP062144","SRX1136359","bone marrow","bone marrow"
"15","SRP062144","SRX1136358","bone marrow","bone marrow"
"16","SRP062144","SRX1136366","bone marrow","bone marrow"
"17","SRP062144","SRX1136364","cord blood cells","cord blood cells"
"18","SRP062144","SRX1136367","bone marrow","bone marrow"
"19","SRP062144","SRX1136353","cord blood cells","cord blood cells"
"20","SRP062144","SRX1136359","bone marrow","bone marrow"
"21","SRP062144","SRX1136356","bone marrow","bone marrow"
"22","SRP062144","SRX1136359","bone marrow","bone marrow"
"23","SRP062144","SRX1136358","bone marrow","bone marrow"
"24","SRP062144","SRX1136357","bone marrow","bone marrow"
"25","SRP062144","SRX1136356","bone marrow","bone marrow"
"26","SRP062144","SRX1136363","bone marrow","bone marrow"
"27","SRP062144","SRX1136358","bone marrow","bone marrow"
"28","SRP062144","SRX1136358","bone marrow","bone marrow"
"29","SRP062144","SRX1136363","bone marrow","bone marrow"
"30","SRP062144","SRX1136364","cord blood cells","cord blood cells"
"31","SRP062144","SRX1136357","bone marrow","bone marrow"
"32","SRP062144","SRX1136357","bone marrow","bone marrow"
"33","SRP062144","SRX1136362","bone marrow","bone marrow"
"34","SRP062144","SRX1136355","cord blood cells","cord blood cells"
"35","SRP062144","SRX1136356","bone marrow","bone marrow"
"36","SRP062144","SRX1136357","bone marrow","bone marrow"
"37","SRP062144","SRX1136356","bone marrow","bone marrow"
"38","SRP062144","SRX1136358","bone marrow","bone marrow"
"39","SRP062144","SRX1136363","bone marrow","bone marrow"
"40","SRP062144","SRX1136368","bone marrow","bone marrow"
"41","SRP062144","SRX1136356","bone marrow","bone marrow"
"42","SRP062144","SRX1136355","cord blood cells","cord blood cells"
"43","SRP062144","SRX1136365","cord blood cells","cord blood cells"
"44","SRP062144","SRX1136363","bone marrow","bone marrow"
"45","SRP062144","SRX1136359","bone marrow","bone marrow"
"46","SRP062144","SRX1136355","cord blood cells","cord blood cells"
"47","SRP062144","SRX1136351","cord blood cells","cord blood cells"
"48","SRP062144","SRX1136367","bone marrow","bone marrow"
"49","SRP062144","SRX1136356","bone marrow","bone marrow"
"50","SRP062144","SRX1136357","bone marrow","bone marrow"
"51","SRP062144","SRX1136365","cord blood cells","cord blood cells"
"52","SRP062144","SRX1136363","bone marrow","bone marrow"
"53","SRP062144","SRX1136368","bone marrow","bone marrow"
"54","SRP062144","SRX1136368","bone marrow","bone marrow"
"55","SRP062144","SRX1136361","bone marrow","bone marrow"
"56","SRP062144","SRX1136360","bone marrow","bone marrow"
"57","SRP062144","SRX1136360","bone marrow","bone marrow"
"58","SRP062144","SRX1136358","bone marrow","bone marrow"
"59","SRP062144","SRX1136361","bone marrow","bone marrow"
"60","SRP062144","SRX1136362","bone marrow","bone marrow"
"61","SRP062144","SRX1136359","bone marrow","bone marrow"
"62","SRP062144","SRX1136354","cord blood cells","cord blood cells"
"63","SRP062144","SRX1136364","cord blood cells","cord blood cells"
"64","SRP062144","SRX1136362","bone marrow","bone marrow"
"65","SRP062144","SRX1136360","bone marrow","bone marrow"
"66","SRP062144","SRX1136362","bone marrow","bone marrow"
"67","SRP062144","SRX1136358","bone marrow","bone marrow"
"68","SRP062144","SRX1136359","bone marrow","bone marrow"
"69","SRP062144","SRX1136361","bone marrow","bone marrow"
"70","SRP062144","SRX1136362","bone marrow","bone marrow"
"71","SRP062144","SRX1136355","cord blood cells","cord blood cells"
"72","SRP062144","SRX1136355","cord blood cells","cord blood cells"
"73","SRP062144","SRX1136367","bone marrow","bone marrow"
"74","SRP062144","SRX1136357","bone marrow","bone marrow"
"75","SRP062144","SRX1136360","bone marrow","bone marrow"
"76","SRP062144","SRX1136359","bone marrow","bone marrow"
"77","SRP062144","SRX1136360","bone marrow","bone marrow"
"78","SRP062144","SRX1136356","bone marrow","bone marrow"
"79","SRP062144","SRX1136365","cord blood cells","cord blood cells"
"80","SRP062144","SRX1136360","bone marrow","bone marrow"
"81","SRP062144","SRX1136357","bone marrow","bone marrow"
"82","SRP062144","SRX1136358","bone marrow","bone marrow"
"83","SRP062144","SRX1136366","bone marrow","bone marrow"
