"","study.accession","experiment.accession","gap_accession","submitter.handle","biospecimen.repository","study.name","study.design","biospecimen.repository.sample.id","submitted.sample.id","submitted.subject.id","gap_sample_id","gap_subject_id","sex","study.disease","body.site","histological.type","analyte.type","is.tumor","subject.is.affected","gap_consent_code","gap_consent_short_name"
"1","SRP008292","SRX098815","phs000409","WGS_Medulloblastoma","WGS_Medulloblastoma","Sequencing of Medulloblastoma","Tumor vs. Matched-Normal","SJMB024_G_WGS","SJMB024_G_WGS","SJMB024","632112","501810","male","Medulloblastoma","Peripheral Blood","Peripheral Blood","DNA","No","Yes","1","GRU"
"2","SRP008292","SRX098848","phs000409","WGS_Medulloblastoma","WGS_Medulloblastoma","Sequencing of Medulloblastoma","Tumor vs. Matched-Normal","SJMB039_G_WGS","SJMB039_G_WGS","SJMB039","632142","501825","male","Medulloblastoma","Peripheral Blood","Peripheral Blood","DNA","No","Yes","1","GRU"
"3","SRP008292","SRX098852","phs000409","WGS_Medulloblastoma","WGS_Medulloblastoma","Sequencing of Medulloblastoma","Tumor vs. Matched-Normal","SJMB041_G_WGS","SJMB041_G_WGS","SJMB041","632146","501827","female","Medulloblastoma","Peripheral Blood","Peripheral Blood","DNA","No","Yes","1","GRU"
"4","SRP008292","SRX098838","phs000409","WGS_Medulloblastoma","WGS_Medulloblastoma","Sequencing of Medulloblastoma","Tumor vs. Matched-Normal","SJMB034_G_WGS","SJMB034_G_WGS","SJMB034","632132","501820","male","Medulloblastoma","Peripheral Blood","Peripheral Blood","DNA","No","Yes","1","GRU"
"5","SRP008292","SRX098834","phs000409","WGS_Medulloblastoma","WGS_Medulloblastoma","Sequencing of Medulloblastoma","Tumor vs. Matched-Normal","SJMB032_G_WGS","SJMB032_G_WGS","SJMB032","632128","501818","female","Medulloblastoma","Peripheral Blood","Peripheral Blood","DNA","No","Yes","1","GRU"
"6","SRP008292","SRX098797","phs000409","WGS_Medulloblastoma","WGS_Medulloblastoma","Sequencing of Medulloblastoma","Tumor vs. Matched-Normal","SJMB014_G_WGS","SJMB014_G_WGS","SJMB014","632094","501801","male","Medulloblastoma","Peripheral Blood","Peripheral Blood","DNA","No","Yes","1","GRU"
"7","SRP008292","SRX098786","phs000409","WGS_Medulloblastoma","WGS_Medulloblastoma","Sequencing of Medulloblastoma","Tumor vs. Matched-Normal","SJMB009_D_WGS","SJMB009_D_WGS","SJMB009","632083","501796","male","Medulloblastoma","Posterior Fossa Tumor Tissue","Medulloblastoma","DNA","Yes","Yes","1","GRU"
"8","SRP008292","SRX098850","phs000409","WGS_Medulloblastoma","WGS_Medulloblastoma","Sequencing of Medulloblastoma","Tumor vs. Matched-Normal","SJMB040_G_WGS","SJMB040_G_WGS","SJMB040","632144","501826","female","Medulloblastoma","Peripheral Blood","Peripheral Blood","DNA","No","Yes","1","GRU"
"9","SRP008292","SRX098800","phs000409","WGS_Medulloblastoma","WGS_Medulloblastoma","Sequencing of Medulloblastoma","Tumor vs. Matched-Normal","SJMB016_D_WGS","SJMB016_D_WGS","SJMB016","632097","501803","female","Medulloblastoma","Posterior Fossa Tumor Tissue","Medulloblastoma","DNA","Yes","Yes","1","GRU"
"10","SRP008292","SRX098839","phs000409","WGS_Medulloblastoma","WGS_Medulloblastoma","Sequencing of Medulloblastoma","Tumor vs. Matched-Normal","SJMB035_D_WGS","SJMB035_D_WGS","SJMB035","632133","501821","male","Medulloblastoma","Posterior Fossa Tumor Tissue","Medulloblastoma","DNA","Yes","Yes","1","GRU"
"11","SRP008292","SRX098803","phs000409","WGS_Medulloblastoma","WGS_Medulloblastoma","Sequencing of Medulloblastoma","Tumor vs. Matched-Normal","SJMB017_G_WGS","SJMB017_G_WGS","SJMB017","632100","501804","male","Medulloblastoma","Peripheral Blood","Peripheral Blood","DNA","No","Yes","1","GRU"
"12","SRP008292","SRX098819","phs000409","WGS_Medulloblastoma","WGS_Medulloblastoma","Sequencing of Medulloblastoma","Tumor vs. Matched-Normal","SJMB026_D_WGS","SJMB026_D_WGS","SJMB026","632115","501812","female","Medulloblastoma","Posterior Fossa Tumor Tissue","Medulloblastoma","DNA","Yes","Yes","1","GRU"
"13","SRP008292","SRX098807","phs000409","WGS_Medulloblastoma","WGS_Medulloblastoma","Sequencing of Medulloblastoma","Tumor vs. Matched-Normal","SJMB019_G_WGS","SJMB019_G_WGS","SJMB019","632104","501806","male","Medulloblastoma","Peripheral Blood","Peripheral Blood","DNA","No","Yes","1","GRU"
"14","SRP008292","SRX098774","phs000409","WGS_Medulloblastoma","WGS_Medulloblastoma","Sequencing of Medulloblastoma","Tumor vs. Matched-Normal","SJMB001_G_WGS","SJMB001_G_WGS","SJMB001","632072","501790","female","Medulloblastoma","Peripheral Blood","Peripheral Blood","DNA","No","Yes","1","GRU"
"15","SRP008292","SRX098818","phs000409","WGS_Medulloblastoma","WGS_Medulloblastoma","Sequencing of Medulloblastoma","Tumor vs. Matched-Normal","SJMB025_G_WGS","SJMB025_G_WGS","SJMB025","632114","501811","male","Medulloblastoma","Peripheral Blood","Peripheral Blood","DNA","No","Yes","1","GRU"
"16","SRP008292","SRX098798","phs000409","WGS_Medulloblastoma","WGS_Medulloblastoma","Sequencing of Medulloblastoma","Tumor vs. Matched-Normal","SJMB015_D_WGS","SJMB015_D_WGS","SJMB015","632095","501802","female","Medulloblastoma","Posterior Fossa Tumor Tissue","Medulloblastoma","DNA","Yes","Yes","1","GRU"
"17","SRP008292","SRX098851","phs000409","WGS_Medulloblastoma","WGS_Medulloblastoma","Sequencing of Medulloblastoma","Tumor vs. Matched-Normal","SJMB041_D_WGS","SJMB041_D_WGS","SJMB041","632145","501827","female","Medulloblastoma","Posterior Fossa Tumor Tissue","Medulloblastoma","DNA","Yes","Yes","1","GRU"
"18","SRP008292","SRX098840","phs000409","WGS_Medulloblastoma","WGS_Medulloblastoma","Sequencing of Medulloblastoma","Tumor vs. Matched-Normal","SJMB035_G_WGS","SJMB035_G_WGS","SJMB035","632134","501821","male","Medulloblastoma","Peripheral Blood","Peripheral Blood","DNA","No","Yes","1","GRU"
"19","SRP008292","SRX098828","phs000409","WGS_Medulloblastoma","WGS_Medulloblastoma","Sequencing of Medulloblastoma","Tumor vs. Matched-Normal","SJMB030_D_WGS","SJMB030_D_WGS","SJMB030","632123","501816","male","Medulloblastoma","Posterior Fossa Tumor Tissue","Medulloblastoma","DNA","Yes","Yes","1","GRU"
"20","SRP008292","SRX098842","phs000409","WGS_Medulloblastoma","WGS_Medulloblastoma","Sequencing of Medulloblastoma","Tumor vs. Matched-Normal","SJMB036_G_WGS","SJMB036_G_WGS","SJMB036","632136","501822","female","Medulloblastoma","Peripheral Blood","Peripheral Blood","DNA","No","Yes","1","GRU"
"21","SRP008292","SRX098789","phs000409","WGS_Medulloblastoma","WGS_Medulloblastoma","Sequencing of Medulloblastoma","Tumor vs. Matched-Normal","SJMB010_G_WGS","SJMB010_G_WGS","SJMB010","632086","501797","female","Medulloblastoma","Peripheral Blood","Peripheral Blood","DNA","No","Yes","1","GRU"
"22","SRP008292","SRX098814","phs000409","WGS_Medulloblastoma","WGS_Medulloblastoma","Sequencing of Medulloblastoma","Tumor vs. Matched-Normal","SJMB024_D_WGS","SJMB024_D_WGS","SJMB024","632111","501810","male","Medulloblastoma","Posterior Fossa Tumor Tissue","Medulloblastoma","DNA","Yes","Yes","1","GRU"
"23","SRP008292","SRX098822","phs000409","WGS_Medulloblastoma","WGS_Medulloblastoma","Sequencing of Medulloblastoma","Tumor vs. Matched-Normal","SJMB027_G_WGS","SJMB027_G_WGS","SJMB027","632118","501813","male","Medulloblastoma","Peripheral Blood","Peripheral Blood","DNA","No","Yes","1","GRU"
"24","SRP008292","SRX098785","phs000409","WGS_Medulloblastoma","WGS_Medulloblastoma","Sequencing of Medulloblastoma","Tumor vs. Matched-Normal","SJMB008_G_WGS","SJMB008_G_WGS","SJMB008","632082","501795","male","Medulloblastoma","Peripheral Blood","Peripheral Blood","DNA","No","Yes","1","GRU"
"25","SRP008292","SRX098783","phs000409","WGS_Medulloblastoma","WGS_Medulloblastoma","Sequencing of Medulloblastoma","Tumor vs. Matched-Normal","SJMB008_D_RNASEQ","SJMB008_D_RNASEQ","SJMB008","638590","501795","male","Medulloblastoma","Posterior Fossa Tumor Tissue","Medulloblastoma","RNA","Yes","Yes","1","GRU"
"26","SRP008292","SRX098780","phs000409","WGS_Medulloblastoma","WGS_Medulloblastoma","Sequencing of Medulloblastoma","Tumor vs. Matched-Normal","SJMB004_G_WGS","SJMB004_G_WGS","SJMB004","632078","501793","male","Medulloblastoma","Peripheral Blood","Peripheral Blood","DNA","No","Yes","1","GRU"
"27","SRP008292","SRX098844","phs000409","WGS_Medulloblastoma","WGS_Medulloblastoma","Sequencing of Medulloblastoma","Tumor vs. Matched-Normal","SJMB037_G_WGS","SJMB037_G_WGS","SJMB037","632138","501823","female","Medulloblastoma","Peripheral Blood","Peripheral Blood","DNA","No","Yes","1","GRU"
"28","SRP008292","SRX098826","phs000409","WGS_Medulloblastoma","WGS_Medulloblastoma","Sequencing of Medulloblastoma","Tumor vs. Matched-Normal","SJMB029_G_WGS","SJMB029_G_WGS","SJMB029","632122","501815","male","Medulloblastoma","Peripheral Blood","Peripheral Blood","DNA","No","Yes","1","GRU"
"29","SRP008292","SRX098830","phs000409","WGS_Medulloblastoma","WGS_Medulloblastoma","Sequencing of Medulloblastoma","Tumor vs. Matched-Normal","SJMB031_D_RNASEQ","SJMB031_D_RNASEQ","SJMB031","638593","501817","male","Medulloblastoma","Posterior Fossa Tumor Tissue","Medulloblastoma","RNA","Yes","Yes","1","GRU"
"30","SRP008292","SRX098776","phs000409","WGS_Medulloblastoma","WGS_Medulloblastoma","Sequencing of Medulloblastoma","Tumor vs. Matched-Normal","SJMB002_G_WGS","SJMB002_G_WGS","SJMB002","632074","501791","male","Medulloblastoma","Peripheral Blood","Peripheral Blood","DNA","No","Yes","1","GRU"
"31","SRP008292","SRX098781","phs000409","WGS_Medulloblastoma","WGS_Medulloblastoma","Sequencing of Medulloblastoma","Tumor vs. Matched-Normal","SJMB006_D_WGS","SJMB006_D_WGS","SJMB006","632079","501794","male","Medulloblastoma","Posterior Fossa Tumor Tissue","Medulloblastoma","DNA","Yes","Yes","1","GRU"
"32","SRP008292","SRX098823","phs000409","WGS_Medulloblastoma","WGS_Medulloblastoma","Sequencing of Medulloblastoma","Tumor vs. Matched-Normal","SJMB028_D_WGS","SJMB028_D_WGS","SJMB028","632119","501814","male","Medulloblastoma","Posterior Fossa Tumor Tissue","Medulloblastoma","DNA","Yes","Yes","1","GRU"
"33","SRP008292","SRX098841","phs000409","WGS_Medulloblastoma","WGS_Medulloblastoma","Sequencing of Medulloblastoma","Tumor vs. Matched-Normal","SJMB036_D_WGS","SJMB036_D_WGS","SJMB036","632135","501822","female","Medulloblastoma","Posterior Fossa Tumor Tissue","Medulloblastoma","DNA","Yes","Yes","1","GRU"
"34","SRP008292","SRX098837","phs000409","WGS_Medulloblastoma","WGS_Medulloblastoma","Sequencing of Medulloblastoma","Tumor vs. Matched-Normal","SJMB034_D_WGS","SJMB034_D_WGS","SJMB034","632131","501820","male","Medulloblastoma","Posterior Fossa Tumor Tissue","Medulloblastoma","DNA","Yes","Yes","1","GRU"
"35","SRP008292","SRX098824","phs000409","WGS_Medulloblastoma","WGS_Medulloblastoma","Sequencing of Medulloblastoma","Tumor vs. Matched-Normal","SJMB028_G_WGS","SJMB028_G_WGS","SJMB028","632120","501814","male","Medulloblastoma","Peripheral Blood","Peripheral Blood","DNA","No","Yes","1","GRU"
"36","SRP008292","SRX098778","phs000409","WGS_Medulloblastoma","WGS_Medulloblastoma","Sequencing of Medulloblastoma","Tumor vs. Matched-Normal","SJMB003_G_WGS","SJMB003_G_WGS","SJMB003","632076","501792","female","Medulloblastoma","Peripheral Blood","Peripheral Blood","DNA","No","Yes","1","GRU"
"37","SRP008292","SRX098801","phs000409","WGS_Medulloblastoma","WGS_Medulloblastoma","Sequencing of Medulloblastoma","Tumor vs. Matched-Normal","SJMB016_G_WGS","SJMB016_G_WGS","SJMB016","632098","501803","female","Medulloblastoma","Peripheral Blood","Peripheral Blood","DNA","No","Yes","1","GRU"
"38","SRP008292","SRX098831","phs000409","WGS_Medulloblastoma","WGS_Medulloblastoma","Sequencing of Medulloblastoma","Tumor vs. Matched-Normal","SJMB031_D_WGS","SJMB031_D_WGS","SJMB031","632125","501817","male","Medulloblastoma","Posterior Fossa Tumor Tissue","Medulloblastoma","DNA","Yes","Yes","1","GRU"
"39","SRP008292","SRX098790","phs000409","WGS_Medulloblastoma","WGS_Medulloblastoma","Sequencing of Medulloblastoma","Tumor vs. Matched-Normal","SJMB011_D_WGS","SJMB011_D_WGS","SJMB011","632087","501798","male","Medulloblastoma","Posterior Fossa Tumor Tissue","Medulloblastoma","DNA","Yes","Yes","1","GRU"
"40","SRP008292","SRX098846","phs000409","WGS_Medulloblastoma","WGS_Medulloblastoma","Sequencing of Medulloblastoma","Tumor vs. Matched-Normal","SJMB038_G_WGS","SJMB038_G_WGS","SJMB038","632140","501824","male","Medulloblastoma","Peripheral Blood","Peripheral Blood","DNA","No","Yes","1","GRU"
"41","SRP008292","SRX098802","phs000409","WGS_Medulloblastoma","WGS_Medulloblastoma","Sequencing of Medulloblastoma","Tumor vs. Matched-Normal","SJMB017_D_WGS","SJMB017_D_WGS","SJMB017","632099","501804","male","Medulloblastoma","Posterior Fossa Tumor Tissue","Medulloblastoma","DNA","Yes","Yes","1","GRU"
"42","SRP008292","SRX098792","phs000409","WGS_Medulloblastoma","WGS_Medulloblastoma","Sequencing of Medulloblastoma","Tumor vs. Matched-Normal","SJMB012_D_WGS","SJMB012_D_WGS","SJMB012","632089","501799","male","Medulloblastoma","Posterior Fossa Tumor Tissue","Medulloblastoma","DNA","Yes","Yes","1","GRU"
"43","SRP008292","SRX098804","phs000409","WGS_Medulloblastoma","WGS_Medulloblastoma","Sequencing of Medulloblastoma","Tumor vs. Matched-Normal","SJMB018_D_WGS","SJMB018_D_WGS","SJMB018","632101","501805","male","Medulloblastoma","Posterior Fossa Tumor Tissue","Medulloblastoma","DNA","Yes","Yes","1","GRU"
"44","SRP008292","SRX098793","phs000409","WGS_Medulloblastoma","WGS_Medulloblastoma","Sequencing of Medulloblastoma","Tumor vs. Matched-Normal","SJMB012_G_WGS","SJMB012_G_WGS","SJMB012","632090","501799","male","Medulloblastoma","Peripheral Blood","Peripheral Blood","DNA","No","Yes","1","GRU"
"45","SRP008292","SRX098833","phs000409","WGS_Medulloblastoma","WGS_Medulloblastoma","Sequencing of Medulloblastoma","Tumor vs. Matched-Normal","SJMB032_D_WGS","SJMB032_D_WGS","SJMB032","632127","501818","female","Medulloblastoma","Posterior Fossa Tumor Tissue","Medulloblastoma","DNA","Yes","Yes","1","GRU"
"46","SRP008292","SRX098805","phs000409","WGS_Medulloblastoma","WGS_Medulloblastoma","Sequencing of Medulloblastoma","Tumor vs. Matched-Normal","SJMB018_G_WGS","SJMB018_G_WGS","SJMB018","632102","501805","male","Medulloblastoma","Peripheral Blood","Peripheral Blood","DNA","No","Yes","1","GRU"
"47","SRP008292","SRX098843","phs000409","WGS_Medulloblastoma","WGS_Medulloblastoma","Sequencing of Medulloblastoma","Tumor vs. Matched-Normal","SJMB037_D_WGS","SJMB037_D_WGS","SJMB037","632137","501823","female","Medulloblastoma","Posterior Fossa Tumor Tissue","Medulloblastoma","DNA","Yes","Yes","1","GRU"
"48","SRP008292","SRX098820","phs000409","WGS_Medulloblastoma","WGS_Medulloblastoma","Sequencing of Medulloblastoma","Tumor vs. Matched-Normal","SJMB026_G_WGS","SJMB026_G_WGS","SJMB026","632116","501812","female","Medulloblastoma","Peripheral Blood","Peripheral Blood","DNA","No","Yes","1","GRU"
"49","SRP008292","SRX098835","phs000409","WGS_Medulloblastoma","WGS_Medulloblastoma","Sequencing of Medulloblastoma","Tumor vs. Matched-Normal","SJMB033_D_WGS","SJMB033_D_WGS","SJMB033","632129","501819","male","Medulloblastoma","Posterior Fossa Tumor Tissue","Medulloblastoma","DNA","Yes","Yes","1","GRU"
"50","SRP008292","SRX098773","phs000409","WGS_Medulloblastoma","WGS_Medulloblastoma","Sequencing of Medulloblastoma","Tumor vs. Matched-Normal","SJMB001_D_WGS","SJMB001_D_WGS","SJMB001","632071","501790","female","Medulloblastoma","Posterior Fossa Tumor Tissue","Medulloblastoma","DNA","Yes","Yes","1","GRU"
"51","SRP008292","SRX098787","phs000409","WGS_Medulloblastoma","WGS_Medulloblastoma","Sequencing of Medulloblastoma","Tumor vs. Matched-Normal","SJMB009_G_WGS","SJMB009_G_WGS","SJMB009","632084","501796","male","Medulloblastoma","Peripheral Blood","Peripheral Blood","DNA","No","Yes","1","GRU"
"52","SRP008292","SRX098829","phs000409","WGS_Medulloblastoma","WGS_Medulloblastoma","Sequencing of Medulloblastoma","Tumor vs. Matched-Normal","SJMB030_G_WGS","SJMB030_G_WGS","SJMB030","632124","501816","male","Medulloblastoma","Peripheral Blood","Peripheral Blood","DNA","No","Yes","1","GRU"
"53","SRP008292","SRX098812","phs000409","WGS_Medulloblastoma","WGS_Medulloblastoma","Sequencing of Medulloblastoma","Tumor vs. Matched-Normal","SJMB023_D_WGS","SJMB023_D_WGS","SJMB023","632109","501809","male","Medulloblastoma","Posterior Fossa Tumor Tissue","Medulloblastoma","DNA","Yes","Yes","1","GRU"
"54","SRP008292","SRX098832","phs000409","WGS_Medulloblastoma","WGS_Medulloblastoma","Sequencing of Medulloblastoma","Tumor vs. Matched-Normal","SJMB031_G_WGS","SJMB031_G_WGS","SJMB031","632126","501817","male","Medulloblastoma","Peripheral Blood","Peripheral Blood","DNA","No","Yes","1","GRU"
"55","SRP008292","SRX098799","phs000409","WGS_Medulloblastoma","WGS_Medulloblastoma","Sequencing of Medulloblastoma","Tumor vs. Matched-Normal","SJMB015_G_WGS","SJMB015_G_WGS","SJMB015","632096","501802","female","Medulloblastoma","Peripheral Blood","Peripheral Blood","DNA","No","Yes","1","GRU"
"56","SRP008292","SRX098796","phs000409","WGS_Medulloblastoma","WGS_Medulloblastoma","Sequencing of Medulloblastoma","Tumor vs. Matched-Normal","SJMB014_D_WGS","SJMB014_D_WGS","SJMB014","632093","501801","male","Medulloblastoma","Posterior Fossa Tumor Tissue","Medulloblastoma","DNA","Yes","Yes","1","GRU"
"57","SRP008292","SRX098809","phs000409","WGS_Medulloblastoma","WGS_Medulloblastoma","Sequencing of Medulloblastoma","Tumor vs. Matched-Normal","SJMB020_G_WGS","SJMB020_G_WGS","SJMB020","632106","501807","male","Medulloblastoma","Peripheral Blood","Peripheral Blood","DNA","No","Yes","1","GRU"
"58","SRP008292","SRX098816","phs000409","WGS_Medulloblastoma","WGS_Medulloblastoma","Sequencing of Medulloblastoma","Tumor vs. Matched-Normal","SJMB025_D_RNASEQ","SJMB025_D_RNASEQ","SJMB025","638591","501811","male","Medulloblastoma","Posterior Fossa Tumor Tissue","Medulloblastoma","RNA","Yes","Yes","1","GRU"
"59","SRP008292","SRX098813","phs000409","WGS_Medulloblastoma","WGS_Medulloblastoma","Sequencing of Medulloblastoma","Tumor vs. Matched-Normal","SJMB023_G_WGS","SJMB023_G_WGS","SJMB023","632110","501809","male","Medulloblastoma","Peripheral Blood","Peripheral Blood","DNA","No","Yes","1","GRU"
"60","SRP008292","SRX098808","phs000409","WGS_Medulloblastoma","WGS_Medulloblastoma","Sequencing of Medulloblastoma","Tumor vs. Matched-Normal","SJMB020_D_WGS","SJMB020_D_WGS","SJMB020","632105","501807","male","Medulloblastoma","Posterior Fossa Tumor Tissue","Medulloblastoma","DNA","Yes","Yes","1","GRU"
"61","SRP008292","SRX098817","phs000409","WGS_Medulloblastoma","WGS_Medulloblastoma","Sequencing of Medulloblastoma","Tumor vs. Matched-Normal","SJMB025_D_WGS","SJMB025_D_WGS","SJMB025","632113","501811","male","Medulloblastoma","Posterior Fossa Tumor Tissue","Medulloblastoma","DNA","Yes","Yes","1","GRU"
"62","SRP008292","SRX098827","phs000409","WGS_Medulloblastoma","WGS_Medulloblastoma","Sequencing of Medulloblastoma","Tumor vs. Matched-Normal","SJMB030_D_RNASEQ","SJMB030_D_RNASEQ","SJMB030","638592","501816","male","Medulloblastoma","Posterior Fossa Tumor Tissue","Medulloblastoma","RNA","Yes","Yes","1","GRU"
"63","SRP008292","SRX098806","phs000409","WGS_Medulloblastoma","WGS_Medulloblastoma","Sequencing of Medulloblastoma","Tumor vs. Matched-Normal","SJMB019_D_WGS","SJMB019_D_WGS","SJMB019","632103","501806","male","Medulloblastoma","Posterior Fossa Tumor Tissue","Medulloblastoma","DNA","Yes","Yes","1","GRU"
"64","SRP008292","SRX098821","phs000409","WGS_Medulloblastoma","WGS_Medulloblastoma","Sequencing of Medulloblastoma","Tumor vs. Matched-Normal","SJMB027_D_WGS","SJMB027_D_WGS","SJMB027","632117","501813","male","Medulloblastoma","Posterior Fossa Tumor Tissue","Medulloblastoma","DNA","Yes","Yes","1","GRU"
"65","SRP008292","SRX098849","phs000409","WGS_Medulloblastoma","WGS_Medulloblastoma","Sequencing of Medulloblastoma","Tumor vs. Matched-Normal","SJMB040_D_WGS","SJMB040_D_WGS","SJMB040","632143","501826","female","Medulloblastoma","Posterior Fossa Tumor Tissue","Medulloblastoma","DNA","Yes","Yes","1","GRU"
"66","SRP008292","SRX098836","phs000409","WGS_Medulloblastoma","WGS_Medulloblastoma","Sequencing of Medulloblastoma","Tumor vs. Matched-Normal","SJMB033_G_WGS","SJMB033_G_WGS","SJMB033","632130","501819","male","Medulloblastoma","Peripheral Blood","Peripheral Blood","DNA","No","Yes","1","GRU"
"67","SRP008292","SRX098782","phs000409","WGS_Medulloblastoma","WGS_Medulloblastoma","Sequencing of Medulloblastoma","Tumor vs. Matched-Normal","SJMB006_G_WGS","SJMB006_G_WGS","SJMB006","632080","501794","male","Medulloblastoma","Peripheral Blood","Peripheral Blood","DNA","No","Yes","1","GRU"
"68","SRP008292","SRX098779","phs000409","WGS_Medulloblastoma","WGS_Medulloblastoma","Sequencing of Medulloblastoma","Tumor vs. Matched-Normal","SJMB004_D_WGS","SJMB004_D_WGS","SJMB004","632077","501793","male","Medulloblastoma","Posterior Fossa Tumor Tissue","Medulloblastoma","DNA","Yes","Yes","1","GRU"
"69","SRP008292","SRX098825","phs000409","WGS_Medulloblastoma","WGS_Medulloblastoma","Sequencing of Medulloblastoma","Tumor vs. Matched-Normal","SJMB029_D_WGS","SJMB029_D_WGS","SJMB029","632121","501815","male","Medulloblastoma","Posterior Fossa Tumor Tissue","Medulloblastoma","DNA","Yes","Yes","1","GRU"
"70","SRP008292","SRX098784","phs000409","WGS_Medulloblastoma","WGS_Medulloblastoma","Sequencing of Medulloblastoma","Tumor vs. Matched-Normal","SJMB008_D_WGS","SJMB008_D_WGS","SJMB008","632081","501795","male","Medulloblastoma","Posterior Fossa Tumor Tissue","Medulloblastoma","DNA","Yes","Yes","1","GRU"
"71","SRP008292","SRX098777","phs000409","WGS_Medulloblastoma","WGS_Medulloblastoma","Sequencing of Medulloblastoma","Tumor vs. Matched-Normal","SJMB003_D_WGS","SJMB003_D_WGS","SJMB003","632075","501792","female","Medulloblastoma","Posterior Fossa Tumor Tissue","Medulloblastoma","DNA","Yes","Yes","1","GRU"
"72","SRP008292","SRX098795","phs000409","WGS_Medulloblastoma","WGS_Medulloblastoma","Sequencing of Medulloblastoma","Tumor vs. Matched-Normal","SJMB013_G_WGS","SJMB013_G_WGS","SJMB013","632092","501800","male","Medulloblastoma","Peripheral Blood","Peripheral Blood","DNA","No","Yes","1","GRU"
"73","SRP008292","SRX098847","phs000409","WGS_Medulloblastoma","WGS_Medulloblastoma","Sequencing of Medulloblastoma","Tumor vs. Matched-Normal","SJMB039_D_WGS","SJMB039_D_WGS","SJMB039","632141","501825","male","Medulloblastoma","Posterior Fossa Tumor Tissue","Medulloblastoma","DNA","Yes","Yes","1","GRU"
"74","SRP008292","SRX098794","phs000409","WGS_Medulloblastoma","WGS_Medulloblastoma","Sequencing of Medulloblastoma","Tumor vs. Matched-Normal","SJMB013_D_WGS","SJMB013_D_WGS","SJMB013","632091","501800","male","Medulloblastoma","Posterior Fossa Tumor Tissue","Medulloblastoma","DNA","Yes","Yes","1","GRU"
"75","SRP008292","SRX098775","phs000409","WGS_Medulloblastoma","WGS_Medulloblastoma","Sequencing of Medulloblastoma","Tumor vs. Matched-Normal","SJMB002_D_WGS","SJMB002_D_WGS","SJMB002","632073","501791","male","Medulloblastoma","Posterior Fossa Tumor Tissue","Medulloblastoma","DNA","Yes","Yes","1","GRU"
"76","SRP008292","SRX098791","phs000409","WGS_Medulloblastoma","WGS_Medulloblastoma","Sequencing of Medulloblastoma","Tumor vs. Matched-Normal","SJMB011_G_WGS","SJMB011_G_WGS","SJMB011","632088","501798","male","Medulloblastoma","Peripheral Blood","Peripheral Blood","DNA","No","Yes","1","GRU"
"77","SRP008292","SRX098845","phs000409","WGS_Medulloblastoma","WGS_Medulloblastoma","Sequencing of Medulloblastoma","Tumor vs. Matched-Normal","SJMB038_D_WGS","SJMB038_D_WGS","SJMB038","632139","501824","male","Medulloblastoma","Posterior Fossa Tumor Tissue","Medulloblastoma","DNA","Yes","Yes","1","GRU"
"78","SRP008292","SRX098788","phs000409","WGS_Medulloblastoma","WGS_Medulloblastoma","Sequencing of Medulloblastoma","Tumor vs. Matched-Normal","SJMB010_D_WGS","SJMB010_D_WGS","SJMB010","632085","501797","female","Medulloblastoma","Posterior Fossa Tumor Tissue","Medulloblastoma","DNA","Yes","Yes","1","GRU"
