"","study.accession","experiment.accession","source_name","tissues","cell.type","tissue"
"1","SRP055390","SRX885274","CLL primary B-cells","Blood","CD19+ B-cells","Tumor"
"2","SRP055390","SRX885252","CLL primary B-cells","Blood","CD19+ B-cells","Tumor"
"3","SRP055390","SRX885251","CLL primary B-cells","Blood","CD19+ B-cells","Tumor"
"4","SRP055390","SRX885289","Normal CD19+ B-cells","Blood","CD19+ B-cells","normal"
"5","SRP055390","SRX885268","CLL primary B-cells","Blood","CD19+ B-cells","Tumor"
"6","SRP055390","SRX885288","Normal CD19+ B-cells","Blood","CD19+ B-cells","normal"
"7","SRP055390","SRX885242","CLL primary B-cells","Blood","CD19+ B-cells","Tumor"
"8","SRP055390","SRX885247","CLL primary B-cells","Blood","CD19+ B-cells","Tumor"
"9","SRP055390","SRX885244","CLL primary B-cells","Blood","CD19+ B-cells","Tumor"
"10","SRP055390","SRX885250","CLL primary B-cells","Blood","CD19+ B-cells","Tumor"
"11","SRP055390","SRX885248","CLL primary B-cells","Blood","CD19+ B-cells","Tumor"
"12","SRP055390","SRX885275","CLL primary B-cells","Blood","CD19+ B-cells","Tumor"
"13","SRP055390","SRX885259","CLL primary B-cells","Blood","CD19+ B-cells","Tumor"
"14","SRP055390","SRX885279","CLL primary B-cells","Blood","CD19+ B-cells","Tumor"
"15","SRP055390","SRX885245","CLL primary B-cells","Blood","CD19+ B-cells","Tumor"
"16","SRP055390","SRX885267","CLL primary B-cells","Blood","CD19+ B-cells","Tumor"
"17","SRP055390","SRX885270","CLL primary B-cells","Blood","CD19+ B-cells","Tumor"
"18","SRP055390","SRX885239","CLL primary B-cells","Blood","CD19+ B-cells","Tumor"
"19","SRP055390","SRX885260","CLL primary B-cells","Blood","CD19+ B-cells","Tumor"
"20","SRP055390","SRX885255","CLL primary B-cells","Blood","CD19+ B-cells","Tumor"
"21","SRP055390","SRX885243","CLL primary B-cells","Blood","CD19+ B-cells","Tumor"
"22","SRP055390","SRX885264","CLL primary B-cells","Blood","CD19+ B-cells","Tumor"
"23","SRP055390","SRX885281","CLL primary B-cells","Blood","CD19+ B-cells","Tumor"
"24","SRP055390","SRX885265","CLL primary B-cells","Blood","CD19+ B-cells","Tumor"
"25","SRP055390","SRX885271","CLL primary B-cells","Blood","CD19+ B-cells","Tumor"
"26","SRP055390","SRX885280","CLL primary B-cells","Blood","CD19+ B-cells","Tumor"
"27","SRP055390","SRX885283","CLL primary B-cells","Blood","CD19+ B-cells","Tumor"
"28","SRP055390","SRX885272","CLL primary B-cells","Blood","CD19+ B-cells","Tumor"
"29","SRP055390","SRX885262","CLL primary B-cells","Blood","CD19+ B-cells","Tumor"
"30","SRP055390","SRX885263","CLL primary B-cells","Blood","CD19+ B-cells","Tumor"
"31","SRP055390","SRX885290","Normal CD19+ B-cells","Blood","CD19+ B-cells","normal"
"32","SRP055390","SRX885277","CLL primary B-cells","Blood","CD19+ B-cells","Tumor"
"33","SRP055390","SRX885273","CLL primary B-cells","Blood","CD19+ B-cells","Tumor"
"34","SRP055390","SRX885266","CLL primary B-cells","Blood","CD19+ B-cells","Tumor"
"35","SRP055390","SRX885276","CLL primary B-cells","Blood","CD19+ B-cells","Tumor"
"36","SRP055390","SRX885249","CLL primary B-cells","Blood","CD19+ B-cells","Tumor"
"37","SRP055390","SRX885258","CLL primary B-cells","Blood","CD19+ B-cells","Tumor"
"38","SRP055390","SRX885256","CLL primary B-cells","Blood","CD19+ B-cells","Tumor"
"39","SRP055390","SRX885282","CLL primary B-cells","Blood","CD19+ B-cells","Tumor"
"40","SRP055390","SRX885254","CLL primary B-cells","Blood","CD19+ B-cells","Tumor"
"41","SRP055390","SRX885240","CLL primary B-cells","Blood","CD19+ B-cells","Tumor"
"42","SRP055390","SRX885284","CLL primary B-cells","Blood","CD19+ B-cells","Tumor"
"43","SRP055390","SRX885285","CLL primary B-cells","Blood","CD19+ B-cells","Tumor"
"44","SRP055390","SRX885261","CLL primary B-cells","Blood","CD19+ B-cells","Tumor"
"45","SRP055390","SRX885253","CLL primary B-cells","Blood","CD19+ B-cells","Tumor"
"46","SRP055390","SRX885257","CLL primary B-cells","Blood","CD19+ B-cells","Tumor"
"47","SRP055390","SRX885287","Normal Naive B-cells","Blood","CD19+/ IgD+ na<U+00EF>ve B-cells","normal"
"48","SRP055390","SRX885269","CLL primary B-cells","Blood","CD19+ B-cells","Tumor"
"49","SRP055390","SRX885241","CLL primary B-cells","Blood","CD19+ B-cells","Tumor"
"50","SRP055390","SRX885246","CLL primary B-cells","Blood","CD19+ B-cells","Tumor"
"51","SRP055390","SRX885278","CLL primary B-cells","Blood","CD19+ B-cells","Tumor"
"52","SRP055390","SRX885286","Normal Memory B-cells","Blood","CD19+/CD27+ memory B-cells","normal"
