"","study.accession","experiment.accession","source_name","gender","cell.line","cancer.type","Sex","transduction"
"1","SRP043961","SRX643098","colon","male","HCT116",NA,NA,NA
"2","SRP043961","SRX1158933","Patient-derived colon cancer cell line",NA,"V852","Colorectal cancer","male","DACOR1 Lentivirus"
"3","SRP043961","SRX643097","colon","male","HCT116",NA,NA,NA
"4","SRP043961","SRX1158930","Patient-derived colon cancer cell line",NA,"V852","Colorectal cancer","male","Control Lentivirus"
"5","SRP043961","SRX1158932","Patient-derived colon cancer cell line",NA,"V852","Colorectal cancer","male","DACOR1 Lentivirus"
"6","SRP043961","SRX1150170","patient-derived colon cancer cell line induced with DACOR1",NA,NA,"colorectal cancer","male",NA
"7","SRP043961","SRX1158929","Patient-derived colon cancer cell line",NA,"V852","Colorectal cancer","male","Control Lentivirus"
"8","SRP043961","SRX1150169","patient-derived colon cancer cell line",NA,NA,"colorectal cancer","male",NA
"9","SRP043961","SRX1158931","Patient-derived colon cancer cell line",NA,"V852","Colorectal cancer","male","DACOR1 Lentivirus"
"10","SRP043961","SRX643096","colon","male","HCT116",NA,NA,NA
"11","SRP043961","SRX643099","colon","male","HCT116",NA,NA,NA
"12","SRP043961","SRX1158928","Patient-derived colon cancer cell line",NA,"V852","Colorectal cancer","male","Control Lentivirus"
