"","study.accession","experiment.accession","source_name","cell.line","time","construct","replicate"
"1","SRP056802","SRX976781","Nalm6 pre-B-ALL cell line with inducible TEL-AML1-mut (dna-binding deficient) construct","Nalm6","24 h","TEL-AML1mut","2"
"2","SRP056802","SRX976779","Nalm6 pre-B-ALL cell line with inducible TEL-AML1 construct","Nalm6","24 h","TEL-AML1","2"
"3","SRP056802","SRX976775","Nalm6 pre-B-ALL cell line with inducible TEL-AML1 construct","Nalm6","4 h","TEL-AML1","2"
"4","SRP056802","SRX976777","Nalm6 pre-B-ALL cell line with inducible TEL-AML1 construct","Nalm6","12 h","TEL-AML1","2"
"5","SRP056802","SRX976780","Nalm6 pre-B-ALL cell line with inducible TEL-AML1-mut (dna-binding deficient) construct","Nalm6","24 h","TEL-AML1mut","1"
"6","SRP056802","SRX976771","Nalm6 pre-B-ALL cell line with inducible LUC construct","Nalm6","24 h","LUC ctrl","2"
"7","SRP056802","SRX976777","Nalm6 pre-B-ALL cell line with inducible TEL-AML1 construct","Nalm6","12 h","TEL-AML1","2"
"8","SRP056802","SRX976778","Nalm6 pre-B-ALL cell line with inducible TEL-AML1 construct","Nalm6","24 h","TEL-AML1","1"
"9","SRP056802","SRX976779","Nalm6 pre-B-ALL cell line with inducible TEL-AML1 construct","Nalm6","24 h","TEL-AML1","2"
"10","SRP056802","SRX976781","Nalm6 pre-B-ALL cell line with inducible TEL-AML1-mut (dna-binding deficient) construct","Nalm6","24 h","TEL-AML1mut","2"
"11","SRP056802","SRX976771","Nalm6 pre-B-ALL cell line with inducible LUC construct","Nalm6","24 h","LUC ctrl","2"
"12","SRP056802","SRX976776","Nalm6 pre-B-ALL cell line with inducible TEL-AML1 construct","Nalm6","12 h","TEL-AML1","1"
"13","SRP056802","SRX976774","Nalm6 pre-B-ALL cell line with inducible TEL-AML1 construct","Nalm6","4 h","TEL-AML1","1"
"14","SRP056802","SRX976770","Nalm6 pre-B-ALL cell line with inducible LUC construct","Nalm6","24 h","LUC ctrl","1"
"15","SRP056802","SRX976773","Nalm6 pre-B-ALL cell line with inducible TEL-AML1 construct","Nalm6","0 h","TEL-AML1","2"
"16","SRP056802","SRX976780","Nalm6 pre-B-ALL cell line with inducible TEL-AML1-mut (dna-binding deficient) construct","Nalm6","24 h","TEL-AML1mut","1"
"17","SRP056802","SRX976776","Nalm6 pre-B-ALL cell line with inducible TEL-AML1 construct","Nalm6","12 h","TEL-AML1","1"
"18","SRP056802","SRX976775","Nalm6 pre-B-ALL cell line with inducible TEL-AML1 construct","Nalm6","4 h","TEL-AML1","2"
"19","SRP056802","SRX976773","Nalm6 pre-B-ALL cell line with inducible TEL-AML1 construct","Nalm6","0 h","TEL-AML1","2"
"20","SRP056802","SRX976772","Nalm6 pre-B-ALL cell line with inducible TEL-AML1 construct","Nalm6","0 h","TEL-AML1","1"
"21","SRP056802","SRX976774","Nalm6 pre-B-ALL cell line with inducible TEL-AML1 construct","Nalm6","4 h","TEL-AML1","1"
"22","SRP056802","SRX976770","Nalm6 pre-B-ALL cell line with inducible LUC construct","Nalm6","24 h","LUC ctrl","1"
"23","SRP056802","SRX976778","Nalm6 pre-B-ALL cell line with inducible TEL-AML1 construct","Nalm6","24 h","TEL-AML1","1"
"24","SRP056802","SRX976772","Nalm6 pre-B-ALL cell line with inducible TEL-AML1 construct","Nalm6","0 h","TEL-AML1","1"
