"","study.accession","experiment.accession","source_name","cell.line","subtype","metastasis","knockdown"
"1","SRP058587","SRX1036355","breast cancer cells","1833","Triple negative","Bone metastasis","Both Abl and Arg"
"2","SRP058587","SRX1036354","breast cancer cells","1833","Triple negative","Bone metastasis","Arg"
"3","SRP058587","SRX1036355","breast cancer cells","1833","Triple negative","Bone metastasis","Both Abl and Arg"
"4","SRP058587","SRX1036353","breast cancer cells","1833","Triple negative","Bone metastasis","Abl"
"5","SRP058587","SRX1036355","breast cancer cells","1833","Triple negative","Bone metastasis","Both Abl and Arg"
"6","SRP058587","SRX1036353","breast cancer cells","1833","Triple negative","Bone metastasis","Abl"
"7","SRP058587","SRX1036352","breast cancer cells","1833","Triple negative","Bone metastasis","Scramble"
"8","SRP058587","SRX1036354","breast cancer cells","1833","Triple negative","Bone metastasis","Arg"
"9","SRP058587","SRX1036352","breast cancer cells","1833","Triple negative","Bone metastasis","Scramble"
"10","SRP058587","SRX1036352","breast cancer cells","1833","Triple negative","Bone metastasis","Scramble"
"11","SRP058587","SRX1036355","breast cancer cells","1833","Triple negative","Bone metastasis","Both Abl and Arg"
"12","SRP058587","SRX1036352","breast cancer cells","1833","Triple negative","Bone metastasis","Scramble"
"13","SRP058587","SRX1036353","breast cancer cells","1833","Triple negative","Bone metastasis","Abl"
"14","SRP058587","SRX1036354","breast cancer cells","1833","Triple negative","Bone metastasis","Arg"
"15","SRP058587","SRX1036353","breast cancer cells","1833","Triple negative","Bone metastasis","Abl"
"16","SRP058587","SRX1036354","breast cancer cells","1833","Triple negative","Bone metastasis","Arg"
