"","study.accession","experiment.accession","source_name","disease","patient","tissue","Stage","sex","age","smoker"
"1","SRP012656","SRX145883","Non-smoker female, NSCLC","Adenocarcinoma, NSCLC","5","tumor","IIA","female","44 years","non-smoker"
"2","SRP012656","SRX145879","Non-smoker female, NSCLC","Adenocarcinoma, NSCLC","3","tumor","IIB","female","53 years","non-smoker"
"3","SRP012656","SRX145886","Non-smoker female, NSCLC","Adenocarcinoma, NSCLC","8","normal","IB","female","62 years","non-smoker"
"4","SRP012656","SRX145887","Non-smoker female, NSCLC","Adenocarcinoma, NSCLC","8","tumor","IA","female","62 years","non-smoker"
"5","SRP012656","SRX145893","Non-smoker female, NSCLC","Adenocarcinoma, NSCLC","4","tumor","IA","female","60 years","non-smoker"
"6","SRP012656","SRX145886","Non-smoker female, NSCLC","Adenocarcinoma, NSCLC","8","normal","IB","female","62 years","non-smoker"
"7","SRP012656","SRX145900","Non-smoker female, NSCLC","Adenocarcinoma, NSCLC","1","normal","IB","female","44 years","non-smoker"
"8","SRP012656","SRX145889","Non-smoker female, NSCLC","Adenocarcinoma, NSCLC","1","tumor","IIA","female","44 years","non-smoker"
"9","SRP012656","SRX145906","Non-smoker female, NSCLC","Adenocarcinoma, NSCLC","5","normal","IB","female","44 years","non-smoker"
"10","SRP012656","SRX145882","Non-smoker female, NSCLC","Adenocarcinoma, NSCLC","5","normal","IB","female","44 years","non-smoker"
"11","SRP012656","SRX145911","Non-smoker female, NSCLC","Adenocarcinoma, NSCLC","8","tumor","IA","female","62 years","non-smoker"
"12","SRP012656","SRX145878","Non-smoker female, NSCLC","Adenocarcinoma, NSCLC","3","normal","IB","female","53 years","non-smoker"
"13","SRP012656","SRX145882","Non-smoker female, NSCLC","Adenocarcinoma, NSCLC","5","normal","IB","female","44 years","non-smoker"
"14","SRP012656","SRX145908","Non-smoker female, NSCLC","Adenocarcinoma, NSCLC","6","normal","IB","female","70 years","non-smoker"
"15","SRP012656","SRX145887","Non-smoker female, NSCLC","Adenocarcinoma, NSCLC","8","tumor","IA","female","62 years","non-smoker"
"16","SRP012656","SRX145877","Non-smoker female, NSCLC","Adenocarcinoma, NSCLC","1","tumor","IIA","female","44 years","non-smoker"
"17","SRP012656","SRX145888","Non-smoker female, NSCLC","Adenocarcinoma, NSCLC","1","normal","IB","female","44 years","non-smoker"
"18","SRP012656","SRX145880","Non-smoker female, NSCLC","Adenocarcinoma, NSCLC","4","normal","IB","female","60 years","non-smoker"
"19","SRP012656","SRX145897","Non-smoker female, NSCLC","Adenocarcinoma, NSCLC","6","tumor","IIB","female","70 years","non-smoker"
"20","SRP012656","SRX145885","Non-smoker female, NSCLC","Adenocarcinoma, NSCLC","6","tumor","IIB","female","70 years","non-smoker"
"21","SRP012656","SRX145895","Non-smoker female, NSCLC","Adenocarcinoma, NSCLC","5","tumor","IIA","female","44 years","non-smoker"
"22","SRP012656","SRX145878","Non-smoker female, NSCLC","Adenocarcinoma, NSCLC","3","normal","IB","female","53 years","non-smoker"
"23","SRP012656","SRX145881","Non-smoker female, NSCLC","Adenocarcinoma, NSCLC","4","tumor","IA","female","60 years","non-smoker"
"24","SRP012656","SRX145876","Non-smoker female, NSCLC","Adenocarcinoma, NSCLC","1","normal","IB","female","44 years","non-smoker"
"25","SRP012656","SRX145910","Non-smoker female, NSCLC","Adenocarcinoma, NSCLC","8","normal","IB","female","62 years","non-smoker"
"26","SRP012656","SRX145896","Non-smoker female, NSCLC","Adenocarcinoma, NSCLC","6","normal","IB","female","70 years","non-smoker"
"27","SRP012656","SRX145905","Non-smoker female, NSCLC","Adenocarcinoma, NSCLC","4","tumor","IA","female","60 years","non-smoker"
"28","SRP012656","SRX145898","Non-smoker female, NSCLC","Adenocarcinoma, NSCLC","8","normal","IB","female","62 years","non-smoker"
"29","SRP012656","SRX145899","Non-smoker female, NSCLC","Adenocarcinoma, NSCLC","8","tumor","IA","female","62 years","non-smoker"
"30","SRP012656","SRX145892","Non-smoker female, NSCLC","Adenocarcinoma, NSCLC","4","normal","IB","female","60 years","non-smoker"
"31","SRP012656","SRX145907","Non-smoker female, NSCLC","Adenocarcinoma, NSCLC","5","tumor","IIA","female","44 years","non-smoker"
"32","SRP012656","SRX145894","Non-smoker female, NSCLC","Adenocarcinoma, NSCLC","5","normal","IB","female","44 years","non-smoker"
"33","SRP012656","SRX145902","Non-smoker female, NSCLC","Adenocarcinoma, NSCLC","3","normal","IB","female","53 years","non-smoker"
"34","SRP012656","SRX145890","Non-smoker female, NSCLC","Adenocarcinoma, NSCLC","3","normal","IB","female","53 years","non-smoker"
"35","SRP012656","SRX145909","Non-smoker female, NSCLC","Adenocarcinoma, NSCLC","6","tumor","IIB","female","70 years","non-smoker"
"36","SRP012656","SRX145876","Non-smoker female, NSCLC","Adenocarcinoma, NSCLC","1","normal","IB","female","44 years","non-smoker"
"37","SRP012656","SRX145884","Non-smoker female, NSCLC","Adenocarcinoma, NSCLC","6","normal","IB","female","70 years","non-smoker"
"38","SRP012656","SRX145904","Non-smoker female, NSCLC","Adenocarcinoma, NSCLC","4","normal","IB","female","60 years","non-smoker"
"39","SRP012656","SRX145877","Non-smoker female, NSCLC","Adenocarcinoma, NSCLC","1","tumor","IIA","female","44 years","non-smoker"
"40","SRP012656","SRX145883","Non-smoker female, NSCLC","Adenocarcinoma, NSCLC","5","tumor","IIA","female","44 years","non-smoker"
"41","SRP012656","SRX145901","Non-smoker female, NSCLC","Adenocarcinoma, NSCLC","1","tumor","IIA","female","44 years","non-smoker"
"42","SRP012656","SRX145885","Non-smoker female, NSCLC","Adenocarcinoma, NSCLC","6","tumor","IIB","female","70 years","non-smoker"
"43","SRP012656","SRX145880","Non-smoker female, NSCLC","Adenocarcinoma, NSCLC","4","normal","IB","female","60 years","non-smoker"
"44","SRP012656","SRX145884","Non-smoker female, NSCLC","Adenocarcinoma, NSCLC","6","normal","IB","female","70 years","non-smoker"
"45","SRP012656","SRX145891","Non-smoker female, NSCLC","Adenocarcinoma, NSCLC","3","tumor","IIB","female","53 years","non-smoker"
"46","SRP012656","SRX145881","Non-smoker female, NSCLC","Adenocarcinoma, NSCLC","4","tumor","IA","female","60 years","non-smoker"
"47","SRP012656","SRX145879","Non-smoker female, NSCLC","Adenocarcinoma, NSCLC","3","tumor","IIB","female","53 years","non-smoker"
"48","SRP012656","SRX145903","Non-smoker female, NSCLC","Adenocarcinoma, NSCLC","3","tumor","IIB","female","53 years","non-smoker"
