"","study.accession","experiment.accession","source_name","cell.line","cell.type","treated.with","molecule.subtype"
"1","SRP044608","SRX656243","GRO-seq_E2+TNF<U+03B1>_40m","MCF-7","ER Positive Breast Cancer Cells","100 nM 17<U+03B2>-estradiol + 25 ng/mL TNF<U+03B1> for 40min","nascent RNA"
"2","SRP044608","SRX656244","GRO-seq_E2+TNF<U+03B1>_40m","MCF-7","ER Positive Breast Cancer Cells","100 nM 17<U+03B2>-estradiol + 25 ng/mL TNF<U+03B1> for 40min","nascent RNA"
"3","SRP044608","SRX656245","GRO-seq_E2+TNF<U+03B1>_40m","MCF-7","ER Positive Breast Cancer Cells","100 nM 17<U+03B2>-estradiol + 25 ng/mL TNF<U+03B1> for 40min","nascent RNA"
"4","SRP044608","SRX656238","GRO-seq_E2_40m","MCF-7","ER Positive Breast Cancer Cells","100 nM 17<U+03B2>-estradiol (E2) for 40min","nascent RNA"
"5","SRP044608","SRX656242","GRO-seq_TNF<U+03B1>_40m","MCF-7","ER Positive Breast Cancer Cells","25 ng/mL TNF<U+03B1> for 40min","nascent RNA"
"6","SRP044608","SRX656234","GRO-seq_Veh_40m","MCF-7","ER Positive Breast Cancer Cells","Vehicle for 40min","nascent RNA"
"7","SRP044608","SRX656236","GRO-seq_Veh_40m","MCF-7","ER Positive Breast Cancer Cells","Vehicle for 40min","nascent RNA"
"8","SRP044608","SRX656241","GRO-seq_TNF<U+03B1>_40m","MCF-7","ER Positive Breast Cancer Cells","25 ng/mL TNF<U+03B1> for 40min","nascent RNA"
"9","SRP044608","SRX656237","GRO-seq_E2_40m","MCF-7","ER Positive Breast Cancer Cells","100 nM 17<U+03B2>-estradiol (E2) for 40min","nascent RNA"
"10","SRP044608","SRX656235","GRO-seq_Veh_40m","MCF-7","ER Positive Breast Cancer Cells","Vehicle for 40min","nascent RNA"
"11","SRP044608","SRX656239","GRO-seq_E2_40m","MCF-7","ER Positive Breast Cancer Cells","100 nM 17<U+03B2>-estradiol (E2) for 40min","nascent RNA"
"12","SRP044608","SRX656240","GRO-seq_TNF<U+03B1>_40m","MCF-7","ER Positive Breast Cancer Cells","25 ng/mL TNF<U+03B1> for 40min","nascent RNA"
