"","study.accession","experiment.accession","source_name","cell.type","cell.line","knockdown"
"1","SRP011278","SRX126489","HMECC-ATM Deficent;log growing, 72 hours post plating","isogenic hTERT-immortalized normal human mammary epithelial cell lines with lentiviral construct expressing an ATM shRNA","HME-CC","ATM"
"2","SRP011278","SRX126486","HMECC-Wild Type;log growing, 72 hours post plating","isogenic hTERT-immortalized normal human mammary epithelial cell lines with lentiviral vector transducing the LacZ gene","HME-CC","control"
"3","SRP011278","SRX126485","HMECC-Wild Type;log growing, 72 hours post plating","isogenic hTERT-immortalized normal human mammary epithelial cell lines with lentiviral vector transducing the LacZ gene","HME-CC","control"
"4","SRP011278","SRX126490","HMECC-ATM Deficent;log growing, 72 hours post plating","isogenic hTERT-immortalized normal human mammary epithelial cell lines with lentiviral construct expressing an ATM shRNA","HME-CC","ATM"
"5","SRP011278","SRX126487","HMECC-Wild Type;log growing, 72 hours post plating","isogenic hTERT-immortalized normal human mammary epithelial cell lines with lentiviral vector transducing the LacZ gene","HME-CC","control"
"6","SRP011278","SRX126488","HMECC-ATM Deficent;log growing, 72 hours post plating","isogenic hTERT-immortalized normal human mammary epithelial cell lines with lentiviral construct expressing an ATM shRNA","HME-CC","ATM"
