"","study.accession","experiment.accession","isolate","age","biomaterial_provider","sex","tissue","BioSampleModel"
"1","SRP048630","SRX727233","Ptx","50","Keith Chan","male","bladder cancer","Human"
"2","SRP048630","SRX726149","Ptx","50","Keith Chan","male","bladder cancer","Human"
"3","SRP048630","SRX726153","Ptx","50","Keith Chan","male","bladder cancer","Human"
"4","SRP048630","SRX726152","Ptx","50","Keith Chan","male","bladder cancer","Human"
"5","SRP048630","SRX726151","Ptx","50","Keith Chan","male","bladder cancer","Human"
"6","SRP048630","SRX726150","Ptx","50","Keith Chan","male","bladder cancer","Human"
