"","study.accession","experiment.accession","source_name","cell.line","infected.with.sgrna"
"1","SRP061310","SRX1100584","Human ovarian cancer cell line","OVCAR8-ADR-Cas9","KDM4C"
"2","SRP061310","SRX1100583","Human ovarian cancer cell line","OVCAR8-ADR-Cas9","KDM6B"
"3","SRP061310","SRX1100581","Human ovarian cancer cell line","OVCAR8-ADR-Cas9","BRD4"
"4","SRP061310","SRX1100586","Human ovarian cancer cell line","OVCAR8-ADR-Cas9","BRD4-KDM6B"
"5","SRP061310","SRX1100579","Human ovarian cancer cell line","OVCAR8-ADR-Cas9","Awp12"
"6","SRP061310","SRX1100585","Human ovarian cancer cell line","OVCAR8-ADR-Cas9","KDM4C"
"7","SRP061310","SRX1100588","Human ovarian cancer cell line","OVCAR8-ADR-Cas9","BRD4-KDM4C"
"8","SRP061310","SRX1100582","Human ovarian cancer cell line","OVCAR8-ADR-Cas9","KDM6B"
"9","SRP061310","SRX1100587","Human ovarian cancer cell line","OVCAR8-ADR-Cas9","BRD4-KDM6B"
"10","SRP061310","SRX1100580","Human ovarian cancer cell line","OVCAR8-ADR-Cas9","BRD4"
"11","SRP061310","SRX1100589","Human ovarian cancer cell line","OVCAR8-ADR-Cas9","BRD4-KDM4C"
"12","SRP061310","SRX1100578","Human ovarian cancer cell line","OVCAR8-ADR-Cas9","Awp12"
