"","study.accession","experiment.accession","source_name","tissue","treatment"
"1","SRP061571","SRX1117866","OMENTAL TISSUE","omental","POST-NACT"
"2","SRP061571","SRX1117868","OMENTAL TISSUE","omental","POST-NACT"
"3","SRP061571","SRX1117849","OMENTAL TISSUE","omental","PRE-NACT"
"4","SRP061571","SRX1117851","OMENTAL TISSUE","omental","PRE-NACT"
"5","SRP061571","SRX1531895","OMENTAL TISSUE","omental","PRE-NACT"
"6","SRP061571","SRX1531900","OMENTAL TISSUE","omental","PRE-NACT"
"7","SRP061571","SRX1531898","OMENTAL TISSUE","omental","PRE-NACT"
"8","SRP061571","SRX1117863","OMENTAL TISSUE","omental","POST-NACT"
"9","SRP061571","SRX1117865","OMENTAL TISSUE","omental","POST-NACT"
"10","SRP061571","SRX1117861","OMENTAL TISSUE","omental","POST-NACT"
"11","SRP061571","SRX1117867","OMENTAL TISSUE","omental","POST-NACT"
"12","SRP061571","SRX1705083","OMENTAL TISSUE","omental","PRE-NACT"
"13","SRP061571","SRX1531897","OMENTAL TISSUE","omental","PRE-NACT"
"14","SRP061571","SRX1117859","OMENTAL TISSUE","omental","POST-NACT"
"15","SRP061571","SRX1705086","OMENTAL TISSUE","omental","PRE-NACT"
"16","SRP061571","SRX1705085","OMENTAL TISSUE","omental","POST-NACT"
"17","SRP061571","SRX1117857","OMENTAL TISSUE","omental","POST-NACT"
"18","SRP061571","SRX1117854","OMENTAL TISSUE","omental","POST-NACT"
"19","SRP061571","SRX1117860","OMENTAL TISSUE","omental","POST-NACT"
"20","SRP061571","SRX1705084","OMENTAL TISSUE","omental","PRE-NACT"
"21","SRP061571","SRX1117864","OMENTAL TISSUE","omental","POST-NACT"
"22","SRP061571","SRX1705089","OMENTAL TISSUE","omental","PRE-NACT"
"23","SRP061571","SRX1117862","OMENTAL TISSUE","omental","POST-NACT"
"24","SRP061571","SRX1531899","OMENTAL TISSUE","omental","PRE-NACT"
"25","SRP061571","SRX1705088","OMENTAL TISSUE","omental","PRE-NACT"
"26","SRP061571","SRX1705082","OMENTAL TISSUE","omental","PRE-NACT"
"27","SRP061571","SRX1117855","OMENTAL TISSUE","omental","POST-NACT"
"28","SRP061571","SRX1117853","OMENTAL TISSUE","omental","POST-NACT"
"29","SRP061571","SRX1531896","OMENTAL TISSUE","omental","PRE-NACT"
"30","SRP061571","SRX1117856","OMENTAL TISSUE","omental","POST-NACT"
"31","SRP061571","SRX1117858","OMENTAL TISSUE","omental","POST-NACT"
"32","SRP061571","SRX1705087","OMENTAL TISSUE","omental","POST-NACT"
"33","SRP061571","SRX1705090","OMENTAL TISSUE","omental","PRE-NACT"
"34","SRP061571","SRX1117850","OMENTAL TISSUE","omental","PRE-NACT"
"35","SRP061571","SRX1117852","OMENTAL TISSUE","omental","PRE-NACT"
