"","study.accession","experiment.accession","source_name","cell.line","cell.type","passages","condition"
"1","SRP055411","SRX885684","MYC-ER HMECs with dox-inducible shBUD31","MYC-ER HMECs with dox-inducible shBUD31 (pINDUCER-shBUD31-3'UTR)","Immortalized mammary epithelial cell","10","Depleted BUD31"
"2","SRP055411","SRX885677","MYC-ER HMECs with dox-inducible shBUD31","MYC-ER HMECs with dox-inducible shBUD31 (pINDUCER-shBUD31-3'UTR)","Immortalized mammary epithelial cell","10","Control"
"3","SRP055411","SRX885679","MYC-ER HMECs with dox-inducible shBUD31","MYC-ER HMECs with dox-inducible shBUD31 (pINDUCER-shBUD31-3'UTR)","Immortalized mammary epithelial cell","10","Hyperactivated MYC"
"4","SRP055411","SRX885680","MYC-ER HMECs with dox-inducible shBUD31","MYC-ER HMECs with dox-inducible shBUD31 (pINDUCER-shBUD31-3'UTR)","Immortalized mammary epithelial cell","10","Hyperactivated MYC"
"5","SRP055411","SRX885687","MYC-ER HMECs with dox-inducible shBUD31","MYC-ER HMECs with dox-inducible shBUD31 (pINDUCER-shBUD31-3'UTR)","Immortalized mammary epithelial cell","10","Hyperactivated MYC and depleted BUD31"
"6","SRP055411","SRX885682","MYC-ER HMECs with dox-inducible shBUD31","MYC-ER HMECs with dox-inducible shBUD31 (pINDUCER-shBUD31-3'UTR)","Immortalized mammary epithelial cell","10","Depleted BUD31"
"7","SRP055411","SRX885685","MYC-ER HMECs with dox-inducible shBUD31","MYC-ER HMECs with dox-inducible shBUD31 (pINDUCER-shBUD31-3'UTR)","Immortalized mammary epithelial cell","10","Hyperactivated MYC and depleted BUD31"
"8","SRP055411","SRX885678","MYC-ER HMECs with dox-inducible shBUD31","MYC-ER HMECs with dox-inducible shBUD31 (pINDUCER-shBUD31-3'UTR)","Immortalized mammary epithelial cell","10","Control"
"9","SRP055411","SRX885681","MYC-ER HMECs with dox-inducible shBUD31","MYC-ER HMECs with dox-inducible shBUD31 (pINDUCER-shBUD31-3'UTR)","Immortalized mammary epithelial cell","10","Hyperactivated MYC"
"10","SRP055411","SRX885683","MYC-ER HMECs with dox-inducible shBUD31","MYC-ER HMECs with dox-inducible shBUD31 (pINDUCER-shBUD31-3'UTR)","Immortalized mammary epithelial cell","10","Depleted BUD31"
"11","SRP055411","SRX885686","MYC-ER HMECs with dox-inducible shBUD31","MYC-ER HMECs with dox-inducible shBUD31 (pINDUCER-shBUD31-3'UTR)","Immortalized mammary epithelial cell","10","Hyperactivated MYC and depleted BUD31"
