"","study.accession","experiment.accession","source_name","cell.line","treatment","genotype"
"1","SRP032754","SRX373882","MCL cell line","JEKO-1","control","parental"
"2","SRP032754","SRX373881","MCL cell line","Z138","SOX11 siRNA","SOX11 depletion"
"3","SRP032754","SRX373883","MCL cell line","JEKO-1","SOX11 siRNA","SOX11 depletion"
"4","SRP032754","SRX373880","MCL cell line","Z138","control","parental"
"5","SRP032754","SRX373879","MCL cell line","Granta-519","SOX11 siRNA","SOX11 depletion"
"6","SRP032754","SRX373878","MCL cell line","Granta-519","control","parental"
