"","study.accession","experiment.accession","source_name","patient","single.cells.or.cluster","also.known.as"
"1","SRP032343","SRX369412","CTCs","Patient#3","SC","Brx12_SC_012913"
"2","SRP032343","SRX369423","CTCs","Patient#9","SC","Brx11_SC_020413"
"3","SRP032343","SRX369409","CTCs","Patient#1","CL","Brx53_CL2_010313"
"4","SRP032343","SRX369429","CTCs","Patient#4","CL","Brx52_CL2_020413"
"5","SRP032343","SRX369411","CTCs","Patient#2","SC","BrTr08_1_SC1_012913"
"6","SRP032343","SRX369431","CTCs","Patient#10","SC","BrTr11_SC1_022513"
"7","SRP032343","SRX369414","CTCs","Patient#5","SC","Brx17_SC1_020713"
"8","SRP032343","SRX369427","CTCs","Patient#4","CL","Brx52_CL5_020413"
"9","SRP032343","SRX369411","CTCs","Patient#2","SC","BrTr08_1_SC1_012913"
"10","SRP032343","SRX369432","CTCs","Patient#10","CL","BrTr11_CL1_022513"
"11","SRP032343","SRX369421","CTCs","Patient#8","SC","Brx61_1_SC1_032012"
"12","SRP032343","SRX369435","CTCs","Patient#8","CL","Brx61_1_CL5_032012"
"13","SRP032343","SRX369435","CTCs","Patient#8","CL","Brx61_1_CL5_032012"
"14","SRP032343","SRX369415","CTCs","Patient#2","CL","BrTr08_1_CL2_012913"
"15","SRP032343","SRX369433","CTCs","Patient#10","CL","BrTr11_CL2_022513"
"16","SRP032343","SRX369434","CTCs","Patient#8","CL","Brx61_1_CL4_032012"
"17","SRP032343","SRX369409","CTCs","Patient#1","CL","Brx53_CL2_010313"
"18","SRP032343","SRX369415","CTCs","Patient#2","CL","BrTr08_1_CL2_012913"
"19","SRP032343","SRX369428","CTCs","Patient#4","CL","Brx52_CL1_020413"
"20","SRP032343","SRX369434","CTCs","Patient#8","CL","Brx61_1_CL4_032012"
"21","SRP032343","SRX369417","CTCs","Patient#6","CL","Brx39_CL_011513"
"22","SRP032343","SRX369412","CTCs","Patient#3","SC","Brx12_SC_012913"
"23","SRP032343","SRX369411","CTCs","Patient#2","SC","BrTr08_1_SC1_012913"
"24","SRP032343","SRX369417","CTCs","Patient#6","CL","Brx39_CL_011513"
"25","SRP032343","SRX369432","CTCs","Patient#10","CL","BrTr11_CL1_022513"
"26","SRP032343","SRX369433","CTCs","Patient#10","CL","BrTr11_CL2_022513"
"27","SRP032343","SRX369427","CTCs","Patient#4","CL","Brx52_CL5_020413"
"28","SRP032343","SRX369412","CTCs","Patient#3","SC","Brx12_SC_012913"
"29","SRP032343","SRX369437","CTCs","Patient#8","SC","Brx61_1_SC4_032012"
"30","SRP032343","SRX369418","CTCs","Patient#6","SC","Brx39_SC_011513"
"31","SRP032343","SRX369434","CTCs","Patient#8","CL","Brx61_1_CL4_032012"
"32","SRP032343","SRX369411","CTCs","Patient#2","SC","BrTr08_1_SC1_012913"
"33","SRP032343","SRX369422","CTCs","Patient#9","CL","Brx11_CL_020413"
"34","SRP032343","SRX369416","CTCs","Patient#5","SC","Brx17_SC2_020713"
"35","SRP032343","SRX369431","CTCs","Patient#10","SC","BrTr11_SC1_022513"
"36","SRP032343","SRX369409","CTCs","Patient#1","CL","Brx53_CL2_010313"
"37","SRP032343","SRX369423","CTCs","Patient#9","SC","Brx11_SC_020413"
"38","SRP032343","SRX369418","CTCs","Patient#6","SC","Brx39_SC_011513"
"39","SRP032343","SRX369418","CTCs","Patient#6","SC","Brx39_SC_011513"
"40","SRP032343","SRX369431","CTCs","Patient#10","SC","BrTr11_SC1_022513"
"41","SRP032343","SRX369413","CTCs","Patient#4","SC","Brx52_SC2_020413"
"42","SRP032343","SRX369417","CTCs","Patient#6","CL","Brx39_CL_011513"
"43","SRP032343","SRX369432","CTCs","Patient#10","CL","BrTr11_CL1_022513"
"44","SRP032343","SRX369413","CTCs","Patient#4","SC","Brx52_SC2_020413"
"45","SRP032343","SRX369433","CTCs","Patient#10","CL","BrTr11_CL2_022513"
"46","SRP032343","SRX369428","CTCs","Patient#4","CL","Brx52_CL1_020413"
"47","SRP032343","SRX369423","CTCs","Patient#9","SC","Brx11_SC_020413"
"48","SRP032343","SRX369434","CTCs","Patient#8","CL","Brx61_1_CL4_032012"
"49","SRP032343","SRX369437","CTCs","Patient#8","SC","Brx61_1_SC4_032012"
"50","SRP032343","SRX369428","CTCs","Patient#4","CL","Brx52_CL1_020413"
"51","SRP032343","SRX369410","CTCs","Patient#1","SC","Brx53_SC2_010313"
"52","SRP032343","SRX369420","CTCs","Patient#7","SC","Brx66_2_SC2_012913"
"53","SRP032343","SRX369427","CTCs","Patient#4","CL","Brx52_CL5_020413"
"54","SRP032343","SRX369420","CTCs","Patient#7","SC","Brx66_2_SC2_012913"
"55","SRP032343","SRX369430","CTCs","Patient#3","CL","Brx12_CL_012913"
"56","SRP032343","SRX369419","CTCs","Patient#7","CL","Brx66_2_CL2_012913"
"57","SRP032343","SRX369413","CTCs","Patient#4","SC","Brx52_SC2_020413"
"58","SRP032343","SRX369426","CTCs","Patient#4","SC","Brx52_SC1_020413"
"59","SRP032343","SRX369427","CTCs","Patient#4","CL","Brx52_CL5_020413"
"60","SRP032343","SRX369437","CTCs","Patient#8","SC","Brx61_1_SC4_032012"
"61","SRP032343","SRX369428","CTCs","Patient#4","CL","Brx52_CL1_020413"
"62","SRP032343","SRX369432","CTCs","Patient#10","CL","BrTr11_CL1_022513"
"63","SRP032343","SRX369409","CTCs","Patient#1","CL","Brx53_CL2_010313"
"64","SRP032343","SRX369411","CTCs","Patient#2","SC","BrTr08_1_SC1_012913"
"65","SRP032343","SRX369437","CTCs","Patient#8","SC","Brx61_1_SC4_032012"
"66","SRP032343","SRX369434","CTCs","Patient#8","CL","Brx61_1_CL4_032012"
"67","SRP032343","SRX369424","CTCs","Patient#7","SC","Brx66_2_SC1_012913"
"68","SRP032343","SRX369435","CTCs","Patient#8","CL","Brx61_1_CL5_032012"
"69","SRP032343","SRX369424","CTCs","Patient#7","SC","Brx66_2_SC1_012913"
"70","SRP032343","SRX369424","CTCs","Patient#7","SC","Brx66_2_SC1_012913"
"71","SRP032343","SRX369419","CTCs","Patient#7","CL","Brx66_2_CL2_012913"
"72","SRP032343","SRX369414","CTCs","Patient#5","SC","Brx17_SC1_020713"
"73","SRP032343","SRX369422","CTCs","Patient#9","CL","Brx11_CL_020413"
"74","SRP032343","SRX369415","CTCs","Patient#2","CL","BrTr08_1_CL2_012913"
"75","SRP032343","SRX369419","CTCs","Patient#7","CL","Brx66_2_CL2_012913"
"76","SRP032343","SRX369429","CTCs","Patient#4","CL","Brx52_CL2_020413"
"77","SRP032343","SRX369419","CTCs","Patient#7","CL","Brx66_2_CL2_012913"
"78","SRP032343","SRX369433","CTCs","Patient#10","CL","BrTr11_CL2_022513"
"79","SRP032343","SRX369436","CTCs","Patient#8","SC","Brx61_1_SC2_032012"
"80","SRP032343","SRX369414","CTCs","Patient#5","SC","Brx17_SC1_020713"
"81","SRP032343","SRX369422","CTCs","Patient#9","CL","Brx11_CL_020413"
"82","SRP032343","SRX369417","CTCs","Patient#6","CL","Brx39_CL_011513"
"83","SRP032343","SRX369414","CTCs","Patient#5","SC","Brx17_SC1_020713"
"84","SRP032343","SRX369424","CTCs","Patient#7","SC","Brx66_2_SC1_012913"
"85","SRP032343","SRX369420","CTCs","Patient#7","SC","Brx66_2_SC2_012913"
"86","SRP032343","SRX369414","CTCs","Patient#5","SC","Brx17_SC1_020713"
"87","SRP032343","SRX369410","CTCs","Patient#1","SC","Brx53_SC2_010313"
"88","SRP032343","SRX369426","CTCs","Patient#4","SC","Brx52_SC1_020413"
"89","SRP032343","SRX369410","CTCs","Patient#1","SC","Brx53_SC2_010313"
"90","SRP032343","SRX369433","CTCs","Patient#10","CL","BrTr11_CL2_022513"
"91","SRP032343","SRX369413","CTCs","Patient#4","SC","Brx52_SC2_020413"
"92","SRP032343","SRX369426","CTCs","Patient#4","SC","Brx52_SC1_020413"
"93","SRP032343","SRX369417","CTCs","Patient#6","CL","Brx39_CL_011513"
"94","SRP032343","SRX369436","CTCs","Patient#8","SC","Brx61_1_SC2_032012"
"95","SRP032343","SRX369418","CTCs","Patient#6","SC","Brx39_SC_011513"
"96","SRP032343","SRX369431","CTCs","Patient#10","SC","BrTr11_SC1_022513"
"97","SRP032343","SRX369424","CTCs","Patient#7","SC","Brx66_2_SC1_012913"
"98","SRP032343","SRX369426","CTCs","Patient#4","SC","Brx52_SC1_020413"
"99","SRP032343","SRX369422","CTCs","Patient#9","CL","Brx11_CL_020413"
"100","SRP032343","SRX369425","CTCs","Patient#5","CL","Brx17_CL1_020713"
"101","SRP032343","SRX369428","CTCs","Patient#4","CL","Brx52_CL1_020413"
"102","SRP032343","SRX369418","CTCs","Patient#6","SC","Brx39_SC_011513"
"103","SRP032343","SRX369436","CTCs","Patient#8","SC","Brx61_1_SC2_032012"
"104","SRP032343","SRX369426","CTCs","Patient#4","SC","Brx52_SC1_020413"
"105","SRP032343","SRX369415","CTCs","Patient#2","CL","BrTr08_1_CL2_012913"
"106","SRP032343","SRX369425","CTCs","Patient#5","CL","Brx17_CL1_020713"
"107","SRP032343","SRX369421","CTCs","Patient#8","SC","Brx61_1_SC1_032012"
"108","SRP032343","SRX369409","CTCs","Patient#1","CL","Brx53_CL2_010313"
"109","SRP032343","SRX369429","CTCs","Patient#4","CL","Brx52_CL2_020413"
"110","SRP032343","SRX369429","CTCs","Patient#4","CL","Brx52_CL2_020413"
"111","SRP032343","SRX369420","CTCs","Patient#7","SC","Brx66_2_SC2_012913"
"112","SRP032343","SRX369427","CTCs","Patient#4","CL","Brx52_CL5_020413"
"113","SRP032343","SRX369426","CTCs","Patient#4","SC","Brx52_SC1_020413"
"114","SRP032343","SRX369423","CTCs","Patient#9","SC","Brx11_SC_020413"
"115","SRP032343","SRX369413","CTCs","Patient#4","SC","Brx52_SC2_020413"
"116","SRP032343","SRX369437","CTCs","Patient#8","SC","Brx61_1_SC4_032012"
"117","SRP032343","SRX369410","CTCs","Patient#1","SC","Brx53_SC2_010313"
"118","SRP032343","SRX369412","CTCs","Patient#3","SC","Brx12_SC_012913"
"119","SRP032343","SRX369436","CTCs","Patient#8","SC","Brx61_1_SC2_032012"
"120","SRP032343","SRX369429","CTCs","Patient#4","CL","Brx52_CL2_020413"
"121","SRP032343","SRX369416","CTCs","Patient#5","SC","Brx17_SC2_020713"
"122","SRP032343","SRX369421","CTCs","Patient#8","SC","Brx61_1_SC1_032012"
"123","SRP032343","SRX369430","CTCs","Patient#3","CL","Brx12_CL_012913"
"124","SRP032343","SRX369419","CTCs","Patient#7","CL","Brx66_2_CL2_012913"
"125","SRP032343","SRX369422","CTCs","Patient#9","CL","Brx11_CL_020413"
"126","SRP032343","SRX369425","CTCs","Patient#5","CL","Brx17_CL1_020713"
"127","SRP032343","SRX369430","CTCs","Patient#3","CL","Brx12_CL_012913"
"128","SRP032343","SRX369436","CTCs","Patient#8","SC","Brx61_1_SC2_032012"
"129","SRP032343","SRX369423","CTCs","Patient#9","SC","Brx11_SC_020413"
"130","SRP032343","SRX369432","CTCs","Patient#10","CL","BrTr11_CL1_022513"
"131","SRP032343","SRX369420","CTCs","Patient#7","SC","Brx66_2_SC2_012913"
"132","SRP032343","SRX369418","CTCs","Patient#6","SC","Brx39_SC_011513"
"133","SRP032343","SRX369423","CTCs","Patient#9","SC","Brx11_SC_020413"
"134","SRP032343","SRX369419","CTCs","Patient#7","CL","Brx66_2_CL2_012913"
"135","SRP032343","SRX369425","CTCs","Patient#5","CL","Brx17_CL1_020713"
"136","SRP032343","SRX369416","CTCs","Patient#5","SC","Brx17_SC2_020713"
"137","SRP032343","SRX369421","CTCs","Patient#8","SC","Brx61_1_SC1_032012"
"138","SRP032343","SRX369425","CTCs","Patient#5","CL","Brx17_CL1_020713"
"139","SRP032343","SRX369435","CTCs","Patient#8","CL","Brx61_1_CL5_032012"
"140","SRP032343","SRX369436","CTCs","Patient#8","SC","Brx61_1_SC2_032012"
"141","SRP032343","SRX369413","CTCs","Patient#4","SC","Brx52_SC2_020413"
"142","SRP032343","SRX369420","CTCs","Patient#7","SC","Brx66_2_SC2_012913"
"143","SRP032343","SRX369427","CTCs","Patient#4","CL","Brx52_CL5_020413"
"144","SRP032343","SRX369422","CTCs","Patient#9","CL","Brx11_CL_020413"
"145","SRP032343","SRX369416","CTCs","Patient#5","SC","Brx17_SC2_020713"
"146","SRP032343","SRX369414","CTCs","Patient#5","SC","Brx17_SC1_020713"
"147","SRP032343","SRX369416","CTCs","Patient#5","SC","Brx17_SC2_020713"
"148","SRP032343","SRX369432","CTCs","Patient#10","CL","BrTr11_CL1_022513"
"149","SRP032343","SRX369424","CTCs","Patient#7","SC","Brx66_2_SC1_012913"
"150","SRP032343","SRX369415","CTCs","Patient#2","CL","BrTr08_1_CL2_012913"
"151","SRP032343","SRX369410","CTCs","Patient#1","SC","Brx53_SC2_010313"
"152","SRP032343","SRX369428","CTCs","Patient#4","CL","Brx52_CL1_020413"
"153","SRP032343","SRX369410","CTCs","Patient#1","SC","Brx53_SC2_010313"
"154","SRP032343","SRX369437","CTCs","Patient#8","SC","Brx61_1_SC4_032012"
"155","SRP032343","SRX369421","CTCs","Patient#8","SC","Brx61_1_SC1_032012"
"156","SRP032343","SRX369415","CTCs","Patient#2","CL","BrTr08_1_CL2_012913"
"157","SRP032343","SRX369435","CTCs","Patient#8","CL","Brx61_1_CL5_032012"
"158","SRP032343","SRX369429","CTCs","Patient#4","CL","Brx52_CL2_020413"
"159","SRP032343","SRX369434","CTCs","Patient#8","CL","Brx61_1_CL4_032012"
"160","SRP032343","SRX369430","CTCs","Patient#3","CL","Brx12_CL_012913"
"161","SRP032343","SRX369411","CTCs","Patient#2","SC","BrTr08_1_SC1_012913"
"162","SRP032343","SRX369409","CTCs","Patient#1","CL","Brx53_CL2_010313"
"163","SRP032343","SRX369417","CTCs","Patient#6","CL","Brx39_CL_011513"
"164","SRP032343","SRX369416","CTCs","Patient#5","SC","Brx17_SC2_020713"
"165","SRP032343","SRX369430","CTCs","Patient#3","CL","Brx12_CL_012913"
"166","SRP032343","SRX369435","CTCs","Patient#8","CL","Brx61_1_CL5_032012"
"167","SRP032343","SRX369421","CTCs","Patient#8","SC","Brx61_1_SC1_032012"
"168","SRP032343","SRX369433","CTCs","Patient#10","CL","BrTr11_CL2_022513"
"169","SRP032343","SRX369430","CTCs","Patient#3","CL","Brx12_CL_012913"
"170","SRP032343","SRX369431","CTCs","Patient#10","SC","BrTr11_SC1_022513"
"171","SRP032343","SRX369412","CTCs","Patient#3","SC","Brx12_SC_012913"
"172","SRP032343","SRX369412","CTCs","Patient#3","SC","Brx12_SC_012913"
