"","study.accession","experiment.accession","source_name","cell.line","passages","dna.damage"
"1","SRP043273","SRX603375","HCT116 colon cancer cell lines","HCT116","8-10passeges","5-fluorouracil for 4h"
"2","SRP043273","SRX603374","HCT116 colon cancer cell lines","HCT116","8-10passeges","5-fluorouracil for 0h"
"3","SRP043273","SRX603377","HCT116 colon cancer cell lines","HCT116","8-10passeges","5-fluorouracil for 12h"
"4","SRP043273","SRX603376","HCT116 colon cancer cell lines","HCT116","8-10passeges","5-fluorouracil for 12h"
