"","study.accession","experiment.accession","source_name","cell.line","treatment"
"1","SRP032510","SRX372837","Breast cancer cells","MCF-7","Short interfering RNA against the AHR"
"2","SRP032510","SRX372839","Breast cancer cells","MCF-7","Non-specific control RNA"
"3","SRP032510","SRX372834","Breast cancer cells","MCF-7","Short interfering RNA against the AHR"
"4","SRP032510","SRX372840","Breast cancer cells","MCF-7","Non-specific control RNA"
"5","SRP032510","SRX372836","Breast cancer cells","MCF-7","Short interfering RNA against the AHR"
"6","SRP032510","SRX372841","Breast cancer cells","MCF-7","Non-specific control RNA"
"7","SRP032510","SRX372838","Breast cancer cells","MCF-7","Short interfering RNA against the AHR"
"8","SRP032510","SRX372842","Breast cancer cells","MCF-7","Non-specific control RNA"
"9","SRP032510","SRX372835","Breast cancer cells","MCF-7","Short interfering RNA against the AHR"
"10","SRP032510","SRX372843","Breast cancer cells","MCF-7","Non-specific control RNA"
"11","SRP032510","SRX372844","Breast cancer cells","MCF-7","Non-specific control RNA"
