"","study.accession","experiment.accession","source_name","cell.line"
"1","SRP058341","SRX1027576","Human cell-line","UMSCC103"
"2","SRP058341","SRX1027573","Human cell-line","SCC15"
"3","SRP058341","SRX1027575","Human cell-line","SCC71"
"4","SRP058341","SRX1027573","Human cell-line","SCC15"
"5","SRP058341","SRX1027578","Human cell-line","SCC351"
"6","SRP058341","SRX1027578","Human cell-line","SCC351"
"7","SRP058341","SRX1027577","Human cell-line","UMSCC29"
"8","SRP058341","SRX1027574","Human cell-line","SCC4"
