"","study.accession","experiment.accession","source_name","sample.type","tissue","diagnosis"
"1","SRP052056","SRX839540","Thyroid","Tumor sample","thyroid","papillary thyroid carcinoma"
"2","SRP052056","SRX839546","Thyroid","Tumor sample","thyroid","papillary thyroid carcinoma"
"3","SRP052056","SRX839537","Thyroid","Tumor sample","thyroid","papillary thyroid carcinoma"
"4","SRP052056","SRX839535","Thyroid","Tumor sample","thyroid","papillary thyroid carcinoma"
"5","SRP052056","SRX839531","Thyroid","Tumor sample","thyroid","papillary thyroid carcinoma"
"6","SRP052056","SRX839530","Thyroid","Tumor sample","thyroid","papillary thyroid carcinoma"
"7","SRP052056","SRX839534","Thyroid","Control sample","thyroid","healthy"
"8","SRP052056","SRX839527","Thyroid","Tumor sample","thyroid","papillary thyroid carcinoma"
"9","SRP052056","SRX839539","Thyroid","Tumor sample","thyroid","papillary thyroid carcinoma"
"10","SRP052056","SRX839544","Thyroid","Control sample","thyroid","healthy"
"11","SRP052056","SRX839541","Thyroid","Tumor sample","thyroid","papillary thyroid carcinoma"
"12","SRP052056","SRX839526","Thyroid","Tumor sample","thyroid","papillary thyroid carcinoma"
"13","SRP052056","SRX839545","Thyroid","Control sample","thyroid","healthy"
"14","SRP052056","SRX839543","Thyroid","Tumor sample","thyroid","papillary thyroid carcinoma"
"15","SRP052056","SRX839538","Thyroid","Tumor sample","thyroid","papillary thyroid carcinoma"
"16","SRP052056","SRX839533","Thyroid","Control sample","thyroid","healthy"
"17","SRP052056","SRX839542","Thyroid","Tumor sample","thyroid","papillary thyroid carcinoma"
"18","SRP052056","SRX839529","Thyroid","Tumor sample","thyroid","papillary thyroid carcinoma"
"19","SRP052056","SRX839536","Thyroid","Tumor sample","thyroid","papillary thyroid carcinoma"
"20","SRP052056","SRX839532","Thyroid","Tumor sample","thyroid","papillary thyroid carcinoma"
"21","SRP052056","SRX839528","Thyroid","Tumor sample","thyroid","papillary thyroid carcinoma"
"22","SRP052056","SRX839525","Thyroid","Tumor sample","thyroid","papillary thyroid carcinoma"
