"","study.accession","experiment.accession","source_name","cell.line","derivation","genotype.variation","chip.antibody"
"1","SRP030637","SRX361676","Astrocyte cell line","Astrocyte","MSCV-expressing astrocytes were established as previously described (de La Iglesia et al 2008, Genes and Dev, 22(4):449-62.).","MSCV-expressing STAT3 knockout",NA
"2","SRP030637","SRX361668","Astrocyte cell line","Astrocyte","EGFRvIII-expressing astrocytes were established as previously described (de La Iglesia et al 2008, Genes and Dev, 22(4):449-62.).","Vector-control-EGFRvIII expressing",NA
"3","SRP030637","SRX361669","Glioblastoma","Glioblastoma","Cell line generated by culture of surgically excised tumor in defined culture media","EGFRvIII positive",NA
"4","SRP030637","SRX361677","Astrocyte cell line","Astrocyte","EGFRvIII-expressing astrocytes were established as previously described (de La Iglesia et al 2008, Genes and Dev, 22(4):449-62.).","EGFRvIII expressing","STAT3 antibody (Cell Signaling Technology, Cat# 9132)"
"5","SRP030637","SRX361675","Astrocyte cell line","Astrocyte","MSCV-expressing astrocytes were established as previously described (de La Iglesia et al 2008, Genes and Dev, 22(4):449-62.).","MSCV-expressing STAT3 floxed",NA
"6","SRP030637","SRX361665","Astrocyte cell line","Astrocyte","EGFRvIII-expressing astrocytes were established as previously described (de La Iglesia et al 2008, Genes and Dev, 22(4):449-62.).","OSMR-KD1_EGFRvIII expressing",NA
"7","SRP030637","SRX361673","Astrocyte cell line","Astrocyte","EGFRvIII-expressing astrocytes were established as previously described (de La Iglesia et al 2008, Genes and Dev, 22(4):449-62.).","EGFRvIII-expressing STAT3 floxed",NA
"8","SRP030637","SRX361666","Astrocyte cell line","Astrocyte","EGFRvIII-expressing astrocytes were established as previously described (de La Iglesia et al 2008, Genes and Dev, 22(4):449-62.).","OSMR-KD2 EGFRvIII expressing",NA
"9","SRP030637","SRX361670","Glioblastoma","Glioblastoma","Cell line generated by culture of surgically excised tumor in defined culture media","EGFRvIII positive",NA
"10","SRP030637","SRX361678","Astrocyte cell line","Astrocyte","EGFRvIII-expressing astrocytes were established as previously described (de La Iglesia et al 2008, Genes and Dev, 22(4):449-62.).","EGFRvIII expressing","IgG (Millipore, Cat # 12-370)"
"11","SRP030637","SRX361674","Astrocyte cell line","Astrocyte","EGFRvIII-expressing astrocytes were established as previously described (de La Iglesia et al 2008, Genes and Dev, 22(4):449-62.).","EGFRvIII-expressing STAT3 knockout",NA
"12","SRP030637","SRX361672","Glioblastoma","Glioblastoma","Cell line generated by culture of surgically excised tumor in defined culture media","EGFRvIII negative",NA
"13","SRP030637","SRX361671","Glioblastoma","Glioblastoma","Cell line generated by culture of surgically excised tumor in defined culture media","EGFRvIII positive",NA
"14","SRP030637","SRX361667","Astrocyte cell line","Astrocyte","EGFRvIII-expressing astrocytes were established as previously described (de La Iglesia et al 2008, Genes and Dev, 22(4):449-62.).","Scramble control-EGFRvIII expressing",NA
