"","study.accession","experiment.accession","source_name","cell.type","sirna.knockdown","cell.line","time"
"1","SRP045048","SRX664965","Intrahepatic cholangiocarcinoma","Intrahepatic cholangiocarcinoma","Control siRNA","SSP25","48h"
"2","SRP045048","SRX664967","Intrahepatic cholangiocarcinoma","Intrahepatic cholangiocarcinoma","LKB1 siRNA","SSP25","48h"
"3","SRP045048","SRX664958","Intrahepatic cholangiocarcinoma","Intrahepatic cholangiocarcinoma","LKB1 siRNA","HuH28","48h"
"4","SRP045048","SRX664962","Intrahepatic cholangiocarcinoma","Intrahepatic cholangiocarcinoma","LKB1 siRNA","RBE","48h"
"5","SRP045048","SRX664960","Intrahepatic cholangiocarcinoma","Intrahepatic cholangiocarcinoma","Control siRNA","RBE","48h"
"6","SRP045048","SRX664961","Intrahepatic cholangiocarcinoma","Intrahepatic cholangiocarcinoma","Control siRNA","RBE","48h"
"7","SRP045048","SRX664963","Intrahepatic cholangiocarcinoma","Intrahepatic cholangiocarcinoma","LKB1 siRNA","RBE","48h"
"8","SRP045048","SRX664966","Intrahepatic cholangiocarcinoma","Intrahepatic cholangiocarcinoma","LKB1 siRNA","SSP25","48h"
"9","SRP045048","SRX664964","Intrahepatic cholangiocarcinoma","Intrahepatic cholangiocarcinoma","Control siRNA","SSP25","48h"
"10","SRP045048","SRX664956","Intrahepatic cholangiocarcinoma","Intrahepatic cholangiocarcinoma","Control siRNA","HuH28","48h"
"11","SRP045048","SRX664957","Intrahepatic cholangiocarcinoma","Intrahepatic cholangiocarcinoma","Control siRNA","HuH28","48h"
"12","SRP045048","SRX664959","Intrahepatic cholangiocarcinoma","Intrahepatic cholangiocarcinoma","LKB1 siRNA","HUH28","48h"
