"","study.accession","experiment.accession","source_name","gender","tissue","passage"
"1","SRP052901","SRX856871","human adult cancer cell","male","liver cancer","0"
"2","SRP052901","SRX856826","human adult liver tissue","male","adult liver","0"
"3","SRP052901","SRX856881","human adult cancer cell","male","liver cancer","0"
"4","SRP052901","SRX1531583","HepG2 cell line","HepG2","male","hepatocellular carcinoma"
"5","SRP052901","SRX1298628","mouse embryonic stem cell","129SV","male","25-30"
"6","SRP052901","SRX1298630","mouse embryonic stem cell","129SV","male","25-30"
"7","SRP052901","SRX856842","human adult cancer cell","male","liver cancer","0"
"8","SRP052901","SRX1298633","mouse embryonic stem cell","129SV","male","25-30"
"9","SRP052901","SRX1531593","HepG2 cell line","HepG2","male","hepatocellular carcinoma"
"10","SRP052901","SRX856855","human adult cancer cell","male","liver cancer","0"
"11","SRP052901","SRX856879","human adult cancer cell","male","liver cancer","0"
"12","SRP052901","SRX856840","human adult cancer cell","male","liver cancer","0"
"13","SRP052901","SRX856826","human adult liver tissue","male","adult liver","0"
"14","SRP052901","SRX1531585","HepG2 cell line","HepG2","male","hepatocellular carcinoma"
"15","SRP052901","SRX856859","human adult cancer cell","male","liver cancer","0"
"16","SRP052901","SRX1298624","mouse embryonic stem cell","129SV","male","25-30"
"17","SRP052901","SRX856863","human adult cancer cell","male","liver cancer","0"
"18","SRP052901","SRX1298632","mouse embryonic stem cell","129SV","male","25-30"
"19","SRP052901","SRX856829","human adult cancer tissue","male","liver cancer","0"
"20","SRP052901","SRX856847","human adult cancer cell","male","liver cancer","0"
"21","SRP052901","SRX856838","human adult cancer cell","male","liver cancer","0"
"22","SRP052901","SRX856854","human adult cancer cell","male","liver cancer","0"
"23","SRP052901","SRX1298625","mouse embryonic stem cell","129SV","male","25-30"
"24","SRP052901","SRX1298627","mouse embryonic stem cell","129SV","male","25-30"
"25","SRP052901","SRX856852","human adult cancer cell","male","liver cancer","0"
"26","SRP052901","SRX856848","human adult cancer cell","male","liver cancer","0"
"27","SRP052901","SRX1298619","mouse embryonic stem cell","129SV","male","25-30"
"28","SRP052901","SRX856857","human adult cancer cell","male","liver cancer","0"
"29","SRP052901","SRX856844","human adult cancer cell","male","liver cancer","0"
"30","SRP052901","SRX856868","human adult cancer cell","male","liver cancer","0"
"31","SRP052901","SRX1531580","HepG2 cell line","HepG2","male","hepatocellular carcinoma"
"32","SRP052901","SRX1298630","mouse embryonic stem cell","129SV","male","25-30"
"33","SRP052901","SRX1531581","HepG2 cell line","HepG2","male","hepatocellular carcinoma"
"34","SRP052901","SRX856850","human adult cancer cell","male","liver cancer","0"
"35","SRP052901","SRX1298636","mouse embryonic stem cell","129SV","male","25-30"
"36","SRP052901","SRX1298624","mouse embryonic stem cell","129SV","male","25-30"
"37","SRP052901","SRX856880","human adult cancer cell","male","liver cancer","0"
"38","SRP052901","SRX1298635","mouse embryonic stem cell","129SV","male","25-30"
"39","SRP052901","SRX856839","human adult cancer cell","male","liver cancer","0"
"40","SRP052901","SRX1298622","mouse embryonic stem cell","129SV","male","25-30"
"41","SRP052901","SRX856837","human adult cancer cell","male","liver cancer","0"
"42","SRP052901","SRX856861","human adult cancer cell","male","liver cancer","0"
"43","SRP052901","SRX1298626","mouse embryonic stem cell","129SV","male","25-30"
"44","SRP052901","SRX856878","human adult cancer cell","male","liver cancer","0"
"45","SRP052901","SRX856855","human adult cancer cell","male","liver cancer","0"
"46","SRP052901","SRX856843","human adult cancer cell","male","liver cancer","0"
"47","SRP052901","SRX1298634","mouse embryonic stem cell","129SV","male","25-30"
"48","SRP052901","SRX856845","human adult cancer cell","male","liver cancer","0"
"49","SRP052901","SRX1298618","mouse embryonic stem cell","129SV","male","25-30"
"50","SRP052901","SRX856851","human adult cancer cell","male","liver cancer","0"
"51","SRP052901","SRX1298634","mouse embryonic stem cell","129SV","male","25-30"
"52","SRP052901","SRX1298619","mouse embryonic stem cell","129SV","male","25-30"
"53","SRP052901","SRX856860","human adult cancer cell","male","liver cancer","0"
"54","SRP052901","SRX1298628","mouse embryonic stem cell","129SV","male","25-30"
"55","SRP052901","SRX1531591","HepG2 cell line","HepG2","male","hepatocellular carcinoma"
"56","SRP052901","SRX856877","human adult cancer cell","male","liver cancer","0"
"57","SRP052901","SRX856833","human adult cancer cell","male","liver cancer","0"
"58","SRP052901","SRX1531577","HepG2 cell line","HepG2","male","hepatocellular carcinoma"
"59","SRP052901","SRX856827","human adult liver tissue","male","adult liver","0"
"60","SRP052901","SRX856858","human adult cancer cell","male","liver cancer","0"
"61","SRP052901","SRX1531589","HepG2 cell line","HepG2","male","hepatocellular carcinoma"
"62","SRP052901","SRX856830","human adult cancer tissue","male","liver cancer","0"
"63","SRP052901","SRX856831","human adult cancer cell","male","liver cancer","0"
"64","SRP052901","SRX1298632","mouse embryonic stem cell","129SV","male","25-30"
"65","SRP052901","SRX1298629","mouse embryonic stem cell","129SV","male","25-30"
"66","SRP052901","SRX1298618","mouse embryonic stem cell","129SV","male","25-30"
"67","SRP052901","SRX1531588","HepG2 cell line","HepG2","male","hepatocellular carcinoma"
"68","SRP052901","SRX856832","human adult cancer cell","male","liver cancer","0"
"69","SRP052901","SRX1298621","mouse embryonic stem cell","129SV","male","25-30"
"70","SRP052901","SRX1531584","HepG2 cell line","HepG2","male","hepatocellular carcinoma"
"71","SRP052901","SRX1298623","mouse embryonic stem cell","129SV","male","25-30"
"72","SRP052901","SRX856834","human adult cancer cell","male","liver cancer","0"
"73","SRP052901","SRX856827","human adult liver tissue","male","adult liver","0"
"74","SRP052901","SRX1298626","mouse embryonic stem cell","129SV","male","25-30"
"75","SRP052901","SRX1298635","mouse embryonic stem cell","129SV","male","25-30"
"76","SRP052901","SRX1531586","HepG2 cell line","HepG2","male","hepatocellular carcinoma"
"77","SRP052901","SRX856846","human adult cancer cell","male","liver cancer","0"
"78","SRP052901","SRX1531590","HepG2 cell line","HepG2","male","hepatocellular carcinoma"
"79","SRP052901","SRX1298623","mouse embryonic stem cell","129SV","male","25-30"
"80","SRP052901","SRX1298631","mouse embryonic stem cell","129SV","male","25-30"
"81","SRP052901","SRX1298620","mouse embryonic stem cell","129SV","male","25-30"
"82","SRP052901","SRX1298622","mouse embryonic stem cell","129SV","male","25-30"
"83","SRP052901","SRX856872","human adult cancer cell","male","liver cancer","0"
"84","SRP052901","SRX856836","human adult cancer cell","male","liver cancer","0"
"85","SRP052901","SRX856849","human adult cancer cell","male","liver cancer","0"
"86","SRP052901","SRX856882","human adult cancer cell","male","liver cancer","0"
"87","SRP052901","SRX1298633","mouse embryonic stem cell","129SV","male","25-30"
"88","SRP052901","SRX856870","human adult cancer cell","male","liver cancer","0"
"89","SRP052901","SRX856835","human adult cancer cell","male","liver cancer","0"
"90","SRP052901","SRX1298620","mouse embryonic stem cell","129SV","male","25-30"
"91","SRP052901","SRX856873","human adult cancer cell","male","liver cancer","0"
"92","SRP052901","SRX1531579","HepG2 cell line","HepG2","male","hepatocellular carcinoma"
"93","SRP052901","SRX1531578","HepG2 cell line","HepG2","male","hepatocellular carcinoma"
"94","SRP052901","SRX856828","human adult cancer tissue","male","liver cancer","0"
"95","SRP052901","SRX1531576","HepG2 cell line","HepG2","male","hepatocellular carcinoma"
"96","SRP052901","SRX856866","human adult cancer cell","male","liver cancer","0"
"97","SRP052901","SRX856875","human adult cancer cell","male","liver cancer","0"
"98","SRP052901","SRX856862","human adult cancer cell","male","liver cancer","0"
"99","SRP052901","SRX856874","human adult cancer cell","male","liver cancer","0"
"100","SRP052901","SRX1298627","mouse embryonic stem cell","129SV","male","25-30"
"101","SRP052901","SRX856865","human adult cancer cell","male","liver cancer","0"
"102","SRP052901","SRX1531582","HepG2 cell line","HepG2","male","hepatocellular carcinoma"
"103","SRP052901","SRX1531594","HepG2 cell line","HepG2","male","hepatocellular carcinoma"
"104","SRP052901","SRX856829","human adult cancer tissue","male","liver cancer","0"
"105","SRP052901","SRX1298631","mouse embryonic stem cell","129SV","male","25-30"
"106","SRP052901","SRX1298629","mouse embryonic stem cell","129SV","male","25-30"
"107","SRP052901","SRX856841","human adult cancer cell","male","liver cancer","0"
"108","SRP052901","SRX856830","human adult cancer tissue","male","liver cancer","0"
"109","SRP052901","SRX856828","human adult cancer tissue","male","liver cancer","0"
"110","SRP052901","SRX1298621","mouse embryonic stem cell","129SV","male","25-30"
"111","SRP052901","SRX856869","human adult cancer cell","male","liver cancer","0"
"112","SRP052901","SRX856867","human adult cancer cell","male","liver cancer","0"
"113","SRP052901","SRX856864","human adult cancer cell","male","liver cancer","0"
"114","SRP052901","SRX856876","human adult cancer cell","male","liver cancer","0"
"115","SRP052901","SRX856856","human adult cancer cell","male","liver cancer","0"
"116","SRP052901","SRX1531592","HepG2 cell line","HepG2","male","hepatocellular carcinoma"
"117","SRP052901","SRX1531587","HepG2 cell line","HepG2","male","hepatocellular carcinoma"
"118","SRP052901","SRX1298625","mouse embryonic stem cell","129SV","male","25-30"
"119","SRP052901","SRX856853","human adult cancer cell","male","liver cancer","0"
