"","study.accession","experiment.accession","source_name","cell.line","cell.type"
"1","SRP062287","SRX1142423","MDA-MB-468-ERbeta1_DMSO_nodox","MDA-MB-468","triple negative breast cancer cell line"
"2","SRP062287","SRX1142429","MDA-MB-468-ERbeta1_DMSO_plusdox","MDA-MB-468","triple negative breast cancer cell line"
"3","SRP062287","SRX1142432","MDA-MB-468-ERbeta1_E2_plusdox","MDA-MB-468","triple negative breast cancer cell line"
"4","SRP062287","SRX1142425","MDA-MB-468-ERbeta1_E2_nodox","MDA-MB-468","triple negative breast cancer cell line"
"5","SRP062287","SRX1142428","MDA-MB-468-ERbeta1_DMSO_plusdox","MDA-MB-468","triple negative breast cancer cell line"
"6","SRP062287","SRX1142427","MDA-MB-468-ERbeta1_DMSO_plusdox","MDA-MB-468","triple negative breast cancer cell line"
"7","SRP062287","SRX1142430","MDA-MB-468-ERbeta1_E2_plusdox","MDA-MB-468","triple negative breast cancer cell line"
"8","SRP062287","SRX1142426","MDA-MB-468-ERbeta1_E2_nodox","MDA-MB-468","triple negative breast cancer cell line"
"9","SRP062287","SRX1142422","MDA-MB-468-ERbeta1_DMSO_nodox","MDA-MB-468","triple negative breast cancer cell line"
"10","SRP062287","SRX1142421","MDA-MB-468-ERbeta1_DMSO_nodox","MDA-MB-468","triple negative breast cancer cell line"
"11","SRP062287","SRX1142431","MDA-MB-468-ERbeta1_E2_plusdox","MDA-MB-468","triple negative breast cancer cell line"
"12","SRP062287","SRX1142424","MDA-MB-468-ERbeta1_E2_nodox","MDA-MB-468","triple negative breast cancer cell line"
