"","study.accession","experiment.accession","source_name","cell.line","cell.type","infection"
"1","SRP044763","SRX660332","Lung Fibroblasts","IMR90 human primary lung embryo fibroblasts","contact-inhibited IMR90","mock-infected"
"2","SRP044763","SRX660334","Lung Fibroblasts","IMR90 human primary lung embryo fibroblasts","contact-inhibited IMR90","e1aWT-infected"
"3","SRP044763","SRX660335","Lung Fibroblasts","IMR90 human primary lung embryo fibroblasts","contact-inhibited IMR90","P300 binding mutant-infected"
"4","SRP044763","SRX660337","Lung Fibroblasts","IMR90 human primary lung embryo fibroblasts","contact-inhibited IMR90","RB binding mutant and P300 binding mutant-infected"
"5","SRP044763","SRX660330","Lung Fibroblasts","IMR90 human primary lung embryo fibroblasts","contact-inhibited IMR90","P300 binding mutant-infected"
"6","SRP044763","SRX660329","Lung Fibroblasts","IMR90 human primary lung embryo fibroblasts","contact-inhibited IMR90","e1aWT-infected"
"7","SRP044763","SRX660336","Lung Fibroblasts","IMR90 human primary lung embryo fibroblasts","contact-inhibited IMR90","RB binding mutant-infected"
"8","SRP044763","SRX660327","Lung Fibroblasts","IMR90 human primary lung embryo fibroblasts","contact-inhibited IMR90","mock-infected"
"9","SRP044763","SRX660328","Lung Fibroblasts","IMR90 human primary lung embryo fibroblasts","contact-inhibited IMR90","dl312-infected"
"10","SRP044763","SRX660331","Lung Fibroblasts","IMR90 human primary lung embryo fibroblasts","contact-inhibited IMR90","RB binding mutant-infected"
"11","SRP044763","SRX660333","Lung Fibroblasts","IMR90 human primary lung embryo fibroblasts","contact-inhibited IMR90","dl312-infected"
