"","study.accession","experiment.accession","source_name","cell.line","cell.type","genotype.variation","iclip.antibody","iclip.antibody.vendor"
"1","SRP058244","SRX1023995","U251 WT CLIP-seq","U251","glioblastoma cells","wild type (control)","anti-MSI1 monoclonal antibody","Abcam"
"2","SRP058244","SRX1023993","U251 WT RNA-seq","U251","glioblastoma cells","wild type (control)",NA,NA
"3","SRP058244","SRX1023994","U251 WT RNA-seq","U251","glioblastoma cells","wild type (control)",NA,NA
"4","SRP058244","SRX1023992","U251 WT RNA-seq","U251","glioblastoma cells","wild type (control)",NA,NA
"5","SRP058244","SRX1023999","U251 Msi1 KD","U251","glioblastoma cells","Msi1 KD",NA,NA
"6","SRP058244","SRX1024000","U251 Msi1 KD","U251","glioblastoma cells","Msi1 KD",NA,NA
"7","SRP058244","SRX1023996","U251 WT CLIP-seq","U251","glioblastoma cells","wild type (control)","anti-MSI1 monoclonal antibody","Abcam"
"8","SRP058244","SRX1023997","U251 WT CLIP-seq","U251","glioblastoma cells","wild type (control)","anti-MSI1 monoclonal antibody","Abcam"
"9","SRP058244","SRX1023998","U251 Msi1 KD","U251","glioblastoma cells","Msi1 KD",NA,NA
