"","study.accession","experiment.accession","source_name","cell.line","cell.type","agent"
"1","SRP062942","SRX1167170","C4-2B cells cultured in medium with vehicle control.","C4-2B prostate cancer cell line","Bone metastatic LNCaP-derivative","control"
"2","SRP062942","SRX1167168","C4-2B cells cultured in medium with vehicle control.","C4-2B prostate cancer cell line","Bone metastatic LNCaP-derivative","control"
"3","SRP062942","SRX1167169","C4-2B cells cultured in the presence of SR2211 (5 uM).","C4-2B prostate cancer cell line","Bone metastatic LNCaP-derivative","SR2211"
"4","SRP062942","SRX1167171","C4-2B cells cultured in the presence of XY011 (5 uM).","C4-2B prostate cancer cell line","Bone metastatic LNCaP-derivative","XY011"
"5","SRP062942","SRX1532778","C4-2B cells cultured in the presence of Enzlutamide/MDV3100 (20 <U+00B5>M).","C4-2B human prostate cancer cell line","Bone metastatic LNCaP-derivative",NA
"6","SRP062942","SRX1532777","C4-2B cells cultured in medium with vehicle control.","C4-2B human prostate cancer cell line","Bone metastatic LNCaP-derivative",NA
