"","study.accession","experiment.accession","source_name","material.type","tissue","cell.type"
"1","SRP050003","SRX763083","iCCA patient, liver","fresh-frozen","liver","surrounding non-tumoral tissue"
"2","SRP050003","SRX763103","iCCA patient, liver","fresh-frozen","liver","surrounding non-tumoral tissue"
"3","SRP050003","SRX763098","iCCA patient, liver","fresh-frozen","liver","surrounding non-tumoral tissue"
"4","SRP050003","SRX763102","iCCA patient, liver","fresh-frozen","liver","surrounding non-tumoral tissue"
"5","SRP050003","SRX763097","iCCA patient, liver","fresh-frozen","liver","intrahepatic cholangiocarcinoma"
"6","SRP050003","SRX763109","iCCA patient, liver","fresh-frozen","liver","intrahepatic cholangiocarcinoma"
"7","SRP050003","SRX763104","iCCA patient, liver","fresh-frozen","liver","surrounding non-tumoral tissue"
"8","SRP050003","SRX763096","iCCA patient, liver","fresh-frozen","liver","surrounding non-tumoral tissue"
"9","SRP050003","SRX763088","iCCA patient, liver","fresh-frozen","liver","intrahepatic cholangiocarcinoma"
"10","SRP050003","SRX763107","iCCA patient, liver","fresh-frozen","liver","intrahepatic cholangiocarcinoma"
"11","SRP050003","SRX763108","iCCA patient, liver","fresh-frozen","liver","intrahepatic cholangiocarcinoma"
"12","SRP050003","SRX763099","iCCA patient, liver","fresh-frozen","liver","surrounding non-tumoral tissue"
"13","SRP050003","SRX763110","iCCA patient, liver","fresh-frozen","liver","intrahepatic cholangiocarcinoma"
"14","SRP050003","SRX763094","iCCA patient, liver","fresh-frozen","liver","surrounding non-tumoral tissue"
"15","SRP050003","SRX763086","iCCA patient, liver","fresh-frozen","liver","intrahepatic cholangiocarcinoma"
"16","SRP050003","SRX763111","iCCA patient, liver","fresh-frozen","liver","intrahepatic cholangiocarcinoma"
"17","SRP050003","SRX763106","iCCA patient, liver","fresh-frozen","liver","intrahepatic cholangiocarcinoma"
"18","SRP050003","SRX763095","iCCA patient, liver","fresh-frozen","liver","intrahepatic cholangiocarcinoma"
"19","SRP050003","SRX763087","iCCA patient, liver","fresh-frozen","liver","surrounding non-tumoral tissue"
"20","SRP050003","SRX763084","iCCA patient, liver","fresh-frozen","liver","intrahepatic cholangiocarcinoma"
"21","SRP050003","SRX763090","iCCA patient, liver","fresh-frozen","liver","intrahepatic cholangiocarcinoma"
"22","SRP050003","SRX763101","iCCA patient, liver","fresh-frozen","liver","surrounding non-tumoral tissue"
"23","SRP050003","SRX763100","iCCA patient, liver","fresh-frozen","liver","surrounding non-tumoral tissue"
"24","SRP050003","SRX763082","iCCA patient, liver","fresh-frozen","liver","surrounding non-tumoral tissue"
"25","SRP050003","SRX763092","iCCA patient, liver","fresh-frozen","liver","surrounding non-tumoral tissue"
"26","SRP050003","SRX763091","iCCA patient, liver","fresh-frozen","liver","intrahepatic cholangiocarcinoma"
"27","SRP050003","SRX763085","iCCA patient, liver","fresh-frozen","liver","surrounding non-tumoral tissue"
"28","SRP050003","SRX763105","iCCA patient, liver","fresh-frozen","liver","intrahepatic cholangiocarcinoma"
"29","SRP050003","SRX763093","iCCA patient, liver","fresh-frozen","liver","intrahepatic cholangiocarcinoma"
"30","SRP050003","SRX763089","iCCA patient, liver","fresh-frozen","liver","surrounding non-tumoral tissue"
