"","study.accession","experiment.accession","source_name","cell.line","cell.type","genotype.variation","molecule.subtype"
"1","SRP018427","SRX227015","HeLa si-C23","HeLa","cervical cancer cells","stably expressing double-strand (ds) interfering RNA against NCL (sh-NCL)","small RNA"
"2","SRP018427","SRX227012","HeLa Sh-Scr","HeLa","cervical cancer cells","stably expressing double-strand (ds) interfering RNA against scrambled sequences (sh-Scr)","small RNA"
"3","SRP018427","SRX227014","HeLa si-C23","HeLa","cervical cancer cells","stably expressing double-strand (ds) interfering RNA against NCL (sh-NCL)","small RNA"
"4","SRP018427","SRX227013","HeLa Sh-Scr","HeLa","cervical cancer cells","stably expressing double-strand (ds) interfering RNA against scrambled sequences (sh-Scr)","small RNA"
"5","SRP018427","SRX227016","HeLa si-C23","HeLa","cervical cancer cells","stably expressing double-strand (ds) interfering RNA against NCL (sh-NCL)","small RNA"
"6","SRP018427","SRX227011","HeLa Sh-Scr","HeLa","cervical cancer cells","stably expressing double-strand (ds) interfering RNA against scrambled sequences (sh-Scr)","small RNA"
