"","study.accession","experiment.accession","source_name","cell.line","genotype.variation"
"1","SRP010350","SRX116034","prostate cancer","hormone resistant LNCaP-abl","Control knockdown (Control siRNA)"
"2","SRP010350","SRX116025","prostate cancer","hormone resistant LNCaP-abl","Digoxin"
"3","SRP010350","SRX116029","prostate cancer","hormone resistant LNCaP-abl","Peruvoside"
"4","SRP010350","SRX116036","prostate cancer","hormone resistant LNCaP-abl","AR knockdown (AR siRNA)"
"5","SRP010350","SRX116033","prostate cancer","hormone resistant LNCaP-abl","Control knockdown (Control siRNA)"
"6","SRP010350","SRX116028","prostate cancer","hormone resistant LNCaP-abl","Peruvoside"
"7","SRP010350","SRX116024","prostate cancer","hormone resistant LNCaP-abl","Digoxin"
"8","SRP010350","SRX116037","prostate cancer","hormone resistant LNCaP-abl","AR knockdown (AR siRNA)"
"9","SRP010350","SRX116022","prostate cancer","hormone resistant LNCaP-abl","Control"
"10","SRP010350","SRX116032","prostate cancer","hormone resistant LNCaP-abl","Strophanthidin"
"11","SRP010350","SRX116035","prostate cancer","hormone resistant LNCaP-abl","Control knockdown (Control siRNA)"
"12","SRP010350","SRX116038","prostate cancer","hormone resistant LNCaP-abl","AR knockdown (AR siRNA)"
"13","SRP010350","SRX116021","prostate cancer","hormone resistant LNCaP-abl","Control"
"14","SRP010350","SRX116031","prostate cancer","hormone resistant LNCaP-abl","Strophanthidin"
"15","SRP010350","SRX116027","prostate cancer","hormone resistant LNCaP-abl","Peruvoside"
"16","SRP010350","SRX116026","prostate cancer","hormone resistant LNCaP-abl","Digoxin"
"17","SRP010350","SRX116023","prostate cancer","hormone resistant LNCaP-abl","Control"
"18","SRP010350","SRX116030","prostate cancer","hormone resistant LNCaP-abl","Strophanthidin"
