"","study.accession","experiment.accession","source_name","tissue"
"1","SRP034698","SRX398305","Skin","Merkel cell carcinoma"
"2","SRP034698","SRX398310","Cell line","Merkel cell carcinoma cell line, MS-1"
"3","SRP034698","SRX398303","Skin","Merkel cell carcinoma"
"4","SRP034698","SRX398307","Skin","Melanoma"
"5","SRP034698","SRX398304","Lymph node","Lymph Node"
"6","SRP034698","SRX398306","Skin","Squamous cell carcinoma (SCC)"
"7","SRP034698","SRX398308","Skin","Basal cell carcinoma"
"8","SRP034698","SRX398309","Skin","Normal skin"
