"","study.accession","experiment.accession","source_name","sample.type","cell.line"
"1","SRP063054","SRX1176819","cell line","exosomes","DLD-1"
"2","SRP063054","SRX1176813","cell line","exosomes","DKs-8"
"3","SRP063054","SRX1176817","cell line","exosomes","DLD-1"
"4","SRP063054","SRX1176810","cell line","cell","DKs-8"
"5","SRP063054","SRX1176812","cell line","exosomes","DKs-8"
"6","SRP063054","SRX1176818","cell line","exosomes","DLD-1"
"7","SRP063054","SRX1176814","cell line","exosomes","DKs-8"
"8","SRP063054","SRX1176807","cell line","exosomes","DKO-1"
"9","SRP063054","SRX1176816","cell line","cell","DLD-1"
"10","SRP063054","SRX1176809","cell line","exosomes","DKO-1"
"11","SRP063054","SRX1176806","cell line","cell","DKO-1"
"12","SRP063054","SRX1176811","cell line","cell","DKs-8"
"13","SRP063054","SRX1176808","cell line","exosomes","DKO-1"
"14","SRP063054","SRX1176805","cell line","cell","DKO-1"
"15","SRP063054","SRX1176815","cell line","cell","DLD-1"
