"","study.accession","experiment.accession","source_name","cell.line","cell.type","genotype.variation","treated.with"
"1","SRP022876","SRX282063","KYSE70_shTP63_Day 4","KYSE70","human esophageal squamous carcinoma cells","stably expressing pLKO-Tet-On-shTP63","50ng/ml of doxycyline for 4 days"
"2","SRP022876","SRX282059","KYSE70_shSOX2_Day 0","KYSE70","human esophageal squamous carcinoma cells","stably expressing pLKO-Tet-On-shSOX2","none"
"3","SRP022876","SRX282061","KYSE70_shSOX2_Day 4","KYSE70","human esophageal squamous carcinoma cells","stably expressing pLKO-Tet-On-shSOX2","50ng/ml of doxycyline for 4 days"
"4","SRP022876","SRX282064","KYSE70_shTP63_Day 4","KYSE70","human esophageal squamous carcinoma cells","stably expressing pLKO-Tet-On-shTP63","50ng/ml of doxycyline for 4 days"
"5","SRP022876","SRX282062","KYSE70_shTP63_Day 0","KYSE70","human esophageal squamous carcinoma cells","stably expressing pLKO-Tet-On-shTP63","none"
"6","SRP022876","SRX282060","KYSE70_shSOX2_Day 4","KYSE70","human esophageal squamous carcinoma cells","stably expressing pLKO-Tet-On-shSOX2","50ng/ml of doxycyline for 4 days"
