"","study.accession","experiment.accession","source_name","cell.line","genotype.variation"
"1","SRP051485","SRX821645","Clear cell renal cell carcinoma cell line, Caki2","Caki2","SETD2 wild-type"
"2","SRP051485","SRX821649","Clear cell renal cell carcinoma cell line, MF","MF","SETD2 mutated"
"3","SRP051485","SRX821646","Clear cell renal cell carcinoma cell line, AB","AB","SETD2 mutated"
"4","SRP051485","SRX821646","Clear cell renal cell carcinoma cell line, AB","AB","SETD2 mutated"
"5","SRP051485","SRX821646","Clear cell renal cell carcinoma cell line, AB","AB","SETD2 mutated"
"6","SRP051485","SRX821647","Clear cell renal cell carcinoma cell line, ER","ER","SETD2 mutated"
"7","SRP051485","SRX821644","Clear cell renal cell carcinoma cell line, Caki1","Caki1","SETD2 wild-type"
"8","SRP051485","SRX821648","Clear cell renal cell carcinoma cell line, FG2","FG2","SETD2 mutated"
"9","SRP051485","SRX821645","Clear cell renal cell carcinoma cell line, Caki2","Caki2","SETD2 wild-type"
"10","SRP051485","SRX821644","Clear cell renal cell carcinoma cell line, Caki1","Caki1","SETD2 wild-type"
"11","SRP051485","SRX821647","Clear cell renal cell carcinoma cell line, ER","ER","SETD2 mutated"
"12","SRP051485","SRX821647","Clear cell renal cell carcinoma cell line, ER","ER","SETD2 mutated"
"13","SRP051485","SRX821649","Clear cell renal cell carcinoma cell line, MF","MF","SETD2 mutated"
"14","SRP051485","SRX821645","Clear cell renal cell carcinoma cell line, Caki2","Caki2","SETD2 wild-type"
"15","SRP051485","SRX821644","Clear cell renal cell carcinoma cell line, Caki1","Caki1","SETD2 wild-type"
"16","SRP051485","SRX821648","Clear cell renal cell carcinoma cell line, FG2","FG2","SETD2 mutated"
"17","SRP051485","SRX821648","Clear cell renal cell carcinoma cell line, FG2","FG2","SETD2 mutated"
"18","SRP051485","SRX821646","Clear cell renal cell carcinoma cell line, AB","AB","SETD2 mutated"
"19","SRP051485","SRX821649","Clear cell renal cell carcinoma cell line, MF","MF","SETD2 mutated"
"20","SRP051485","SRX821647","Clear cell renal cell carcinoma cell line, ER","ER","SETD2 mutated"
"21","SRP051485","SRX821649","Clear cell renal cell carcinoma cell line, MF","MF","SETD2 mutated"
