"","study.accession","experiment.accession","source_name","cell.line","treatment"
"1","SRP058375","SRX1029305","Human Kupffer cells","Kupffer cells (Primary culture (Life technologies))","PBS"
"2","SRP058375","SRX1029302","Human Kupffer cells","Kupffer cells (Primary culture (Life technologies))","BxPc3 Beta5KD exosomes"
"3","SRP058375","SRX1029306","Human Kupffer cells","Kupffer cells (Primary culture (Life technologies))","PBS"
"4","SRP058375","SRX1029307","Human Kupffer cells","Kupffer cells (Primary culture (Life technologies))","BxPC-3 exosomes"
"5","SRP058375","SRX1029304","Human Kupffer cells","Kupffer cells (Primary culture (Life technologies))","PBS"
"6","SRP058375","SRX1029309","Human Kupffer cells","Kupffer cells (Primary culture (Life technologies))","BxPC-3 exosomes"
"7","SRP058375","SRX1029308","Human Kupffer cells","Kupffer cells (Primary culture (Life technologies))","BxPC-3 exosomes"
"8","SRP058375","SRX1029303","Human Kupffer cells","Kupffer cells (Primary culture (Life technologies))","BxPc3 Beta5KD exosomes"
