"","study.accession","experiment.accession","source_name","cell.line","chip.antibody","chip.antibody.manufacturer","treatment"
"1","SRP014809","SRX176060","prostate cancer cells","C4-2B","FOXA1","Abcam","DHT treated (4h)"
"2","SRP014809","SRX176051","prostate cancer cells","C4-2B","AR","Abcam","DHT treated (16h)"
"3","SRP014809","SRX176057","prostate cancer cells","22RV1","AR","Abcam","EtOH vehicle treated"
"4","SRP014809","SRX176043","prostate cancer cells","LNCaP","none","none","DHT treated (16hh)"
"5","SRP014809","SRX176057","prostate cancer cells","22RV1","AR","Abcam","EtOH vehicle treated"
"6","SRP014809","SRX176056","prostate cancer cells","LNCaP","AR","Abcam","DHT treated (4h)"
"7","SRP014809","SRX176046","prostate cancer cells","C4-2B","none","none","AR siRNA"
"8","SRP014809","SRX176039","prostate cancer cells","C4-2B","none","none","DHT treated (16h)"
"9","SRP014809","SRX176071","prostate cancer cells","22RV1","none","none","none"
"10","SRP014809","SRX176044","prostate cancer cells","C4-2B","none","none","non-specific siRNA"
"11","SRP014809","SRX176045","prostate cancer cells","C4-2B","none","none","non-specific siRNA"
"12","SRP014809","SRX176055","prostate cancer cells","LNCaP","AR","Abcam","DHT treated (4h)"
"13","SRP014809","SRX176037","prostate cancer cells","C4-2B","none","none","EtOH vehicle treated"
"14","SRP014809","SRX176038","prostate cancer cells","C4-2B","none","none","DHT treated (16h)"
"15","SRP014809","SRX176041","prostate cancer cells","LNCaP","none","none","EtOH vehicle treated"
"16","SRP014809","SRX176070","prostate cancer cells","LNCaP","none","none","none"
"17","SRP014809","SRX176050","prostate cancer cells","C4-2B","AR","Abcam","EtOH vehicle treated"
"18","SRP014809","SRX176065","prostate cancer cells","C4-2B","H3K4Me3","Millipore","EtOH vehicle treated"
"19","SRP014809","SRX176047","prostate cancer cells","C4-2B","none","none","AR siRNA"
"20","SRP014809","SRX176068","prostate cancer cells","LNCaP","H3K4Me3","Millipore","DHT treated (4h)"
"21","SRP014809","SRX176063","prostate cancer cells","LNCaP","AcH3","Millipore","EtOH vehicle treated"
"22","SRP014809","SRX176061","prostate cancer cells","C4-2B","AcH3","Millipore","EtOH vehicle treated"
"23","SRP014809","SRX176067","prostate cancer cells","LNCaP","H3K4Me3","Millipore","EtOH vehicle treated"
"24","SRP014809","SRX176058","prostate cancer cells","22RV1","AR","Abcam","DHT treated (4h)"
"25","SRP014809","SRX176059","prostate cancer cells","C4-2B","FOXA1","Abcam","EtOH vehicle treated"
"26","SRP014809","SRX176042","prostate cancer cells","LNCaP","none","none","DHT treated (16hh)"
"27","SRP014809","SRX176048","prostate cancer cells","C4-2B","AR","Abcam","EtOH vehicle treated"
"28","SRP014809","SRX176036","prostate cancer cells","C4-2B","none","none","EtOH vehicle treated"
"29","SRP014809","SRX176062","prostate cancer cells","C4-2B","AcH3","Millipore","DHT treated (4h)"
"30","SRP014809","SRX176064","prostate cancer cells","LNCaP","AcH3","Millipore","DHT treated (4h)"
"31","SRP014809","SRX176040","prostate cancer cells","LNCaP","none","none","EtOH vehicle treated"
"32","SRP014809","SRX176053","prostate cancer cells","C4-2B","AR","Abcam","DHT treated (16h)"
"33","SRP014809","SRX176054","prostate cancer cells","LNCaP","AR","Abcam","EtOH vehicle treated"
"34","SRP014809","SRX176049","prostate cancer cells","C4-2B","AR","Abcam","EtOH vehicle treated"
"35","SRP014809","SRX176069","prostate cancer cells","C4-2B","none","none","none"
"36","SRP014809","SRX176058","prostate cancer cells","22RV1","AR","Abcam","DHT treated (4h)"
"37","SRP014809","SRX176066","prostate cancer cells","C4-2B","H3K4Me3","Millipore","DHT treated (4h)"
