"","study.accession","experiment.accession","source_name","cell.type"
"1","SRP019240","SRX248480","T24-LHC-BS-promoter-seq","bladder cancer cell lines"
"2","SRP019240","SRX248477","786-O-LHC-BS-promoter-seq","renal cancer cell line"
"3","SRP019240","SRX248474","5637-LHC-BS-promoter-seq","bladder cells"
"4","SRP019240","SRX248479","NCl-H1395-LHC-BS-promoter-seq","lung cancer cell lines"
"5","SRP019240","SRX248473","YH-rep-LHC-BS-promoter-seq","lymphoblastoid cells"
"6","SRP019240","SRX248476","AGS-LHC-BS-promoter-seq","stomach  epithelial cells"
"7","SRP019240","SRX248475","BGC-823-LHC-BS-promoter-seq","stomach  epithelial cells"
"8","SRP019240","SRX248478","HCC827-LHC-BS-promoter-seq","lung cancer cell lines"
"9","SRP019240","SRX248475","BGC-823-LHC-BS-promoter-seq","stomach  epithelial cells"
"10","SRP019240","SRX248480","T24-LHC-BS-promoter-seq","bladder cancer cell lines"
"11","SRP019240","SRX248474","5637-LHC-BS-promoter-seq","bladder cells"
"12","SRP019240","SRX248483","OS-RC-2-RNA-seq","renal"
"13","SRP019240","SRX248476","AGS-LHC-BS-promoter-seq","stomach  epithelial cells"
"14","SRP019240","SRX248481","OS-RC-2-LHC-BS-promoter-seq","renal cancer cell line"
"15","SRP019240","SRX248482","786-O-RNA-seq","renal"
"16","SRP019240","SRX248481","OS-RC-2-LHC-BS-promoter-seq","renal cancer cell line"
"17","SRP019240","SRX248479","NCl-H1395-LHC-BS-promoter-seq","lung cancer cell lines"
"18","SRP019240","SRX248472","YH-LHC-BS-promoter-seq","lymphoblastoid cells"
"19","SRP019240","SRX248477","786-O-LHC-BS-promoter-seq","renal cancer cell line"
"20","SRP019240","SRX248478","HCC827-LHC-BS-promoter-seq","lung cancer cell lines"
