"","study.accession","experiment.accession","source_name","tissue","mouse.strain"
"1","SRP056041","SRX950733","MDA-MB-231 cells cultured on immobilized human IgG Fc-gamma and extracellular domain of Delta-like-4 fusion protein (Fc-DLL4), treated with DAPT","MDA-MB-231 human breast adenocarcinoma cell line (ATCC, HTB-26)",NA
"2","SRP056041","SRX950730","MDA-MB-231 cells cultured on immobilized human IgG Fc fragment, treated with DMSO control","MDA-MB-231 human breast adenocarcinoma cell line (ATCC, HTB-26)",NA
"3","SRP056041","SRX950739","MCF7 cells cultured on immobilized human IgG Fc fragment, replicate 1","MCF7 human breast adenocarcinoma cell line (ATCC, HTB-22)",NA
"4","SRP056041","SRX950748","Stroma and tumor of MBA-MB-231 cells injected into the left intact 4th inguinal mammary fat pad, treated with unspecific IgG antibody, mouse 22","MDA-MB-231 tumor and mouse mammary tissue","Fox Chase SCID Congenic-CB17/Icr-Prkdcscid/IcrIcoCrl"
"5","SRP056041","SRX950745","MDA-MB-231 cells cultured on immobilized human IgG Fc fragment, replicate 2","MDA-MB-231 human breast adenocarcinoma cell line (ATCC, HTB-26)",NA
"6","SRP056041","SRX950735","MDA-MB-231 cells cultured with 3T3-L1 cells transiently transfected with GFP plasmid, treated with DAPT","MDA-MB-231 human breast adenocarcinoma cell line (ATCC, HTB-26) and 3T3-L1 mouse embryonic fibroblast cell line (ATCC, CL-173)",NA
"7","SRP056041","SRX950743","Stroma and tumor of MCF7-EGFP cells injected into right cleared 4th inguinal mammary fat pad, mouse 3","MCF7-EGFP tumor and mouse mammary tissue","Nude Foxn1nu"
"8","SRP056041","SRX950746","Stroma and tumor of MBA-MB-231 cells injected into the left intact 4th inguinal mammary fat pad, treated with unspecific IgG antibody, mouse 1","MDA-MB-231 tumor and mouse mammary tissue","Fox Chase SCID Congenic-CB17/Icr-Prkdcscid/IcrIcoCrl"
"9","SRP056041","SRX950747","Stroma and tumor of MBA-MB-231 cells injected into the left intact 4th inguinal mammary fat pad, treated with unspecific IgG antibody, mouse 13","MDA-MB-231 tumor and mouse mammary tissue","Fox Chase SCID Congenic-CB17/Icr-Prkdcscid/IcrIcoCrl"
"10","SRP056041","SRX950741","Stroma and tumor of MCF7-EGFP cells injected into right cleared 4th inguinal mammary fat pad, mouse 1","MCF7-EGFP tumor and mouse mammary tissue","Nude Foxn1nu"
"11","SRP056041","SRX950734","MDA-MB-231 cells cultured with 3T3-L1 cells transiently transfected with GFP plasmid, treated with DMSO control","MDA-MB-231 human breast adenocarcinoma cell line (ATCC, HTB-26) and 3T3-L1 mouse embryonic fibroblast cell line (ATCC, CL-173)",NA
"12","SRP056041","SRX950738","MCF7 cells cultured on immobilized human IgG Fc fragment, replicate 1","MCF7 human breast adenocarcinoma cell line (ATCC, HTB-22)",NA
"13","SRP056041","SRX950736","MDA-MB-231 cells cultured with 3T3-L1 cells transiently transfected with DLL4 plasmid, treated with DMSO control","MDA-MB-231 human breast adenocarcinoma cell line (ATCC, HTB-26) and 3T3-L1 mouse embryonic fibroblast cell line (ATCC, CL-173)",NA
"14","SRP056041","SRX950744","MDA-MB-231 cells cultured on immobilized human IgG Fc fragment, replicate 1","MDA-MB-231 human breast adenocarcinoma cell line (ATCC, HTB-26)",NA
"15","SRP056041","SRX950732","MDA-MB-231 cells cultured on immobilized human IgG Fc-gamma and extracellular domain of Delta-like-4 fusion protein (Fc-DLL4), treated with DMSO control","MDA-MB-231 human breast adenocarcinoma cell line (ATCC, HTB-26)",NA
"16","SRP056041","SRX950731","MDA-MB-231 cells cultured on immobilized human IgG Fc fragment, treated with DAPT","MDA-MB-231 human breast adenocarcinoma cell line (ATCC, HTB-26)",NA
"17","SRP056041","SRX950740","Stroma and tumor of MCF7-EGFP cells injected into left cleared 4th inguinal mammary fat pad, mouse 1","MCF7-EGFP tumor and mouse mammary tissue","Nude Foxn1nu"
"18","SRP056041","SRX950737","MDA-MB-231 cells cultured with 3T3-L1 cells transiently transfected with DLL4 plasmid, treated with DAPT","MDA-MB-231 human breast adenocarcinoma cell line (ATCC, HTB-26) and 3T3-L1 mouse embryonic fibroblast cell line (ATCC, CL-173)",NA
"19","SRP056041","SRX950749","Stroma and tumor of MBA-MB-231 cells injected into the left intact 4th inguinal mammary fat pad, treated with unspecific IgG antibody, mouse 32","MDA-MB-231 tumor and mouse mammary tissue","Fox Chase SCID Congenic-CB17/Icr-Prkdcscid/IcrIcoCrl"
"20","SRP056041","SRX950750","left 4th mammary gland, cleared","mouse mammary tissue","NSG-NOD.Cg-Prkdcscid Il2rgtm1Wjl/SzJ"
"21","SRP056041","SRX950742","Stroma and tumor of MCF7-EGFP cells injected into left cleared 4th inguinal mammary fat pad, mouse 3","MCF7-EGFP tumor and mouse mammary tissue","Nude Foxn1nu"
