"","study.accession","experiment.accession","source_name","cell.type","sample.type"
"1","SRP059322","SRX1055051","Peripheral blood mononuclear cells","sorted CD8 neg CD57 neg T cells","normal"
"2","SRP059322","SRX1055056","Peripheral blood mononuclear cells","sorted CD8 pos CD57 pos T cells","tumour (T-cell large granular lymphocytic leukemia)"
"3","SRP059322","SRX1055059","Peripheral blood mononuclear cells","sorted CD8 neg CD57 neg T cells","normal"
"4","SRP059322","SRX1055058","Peripheral blood mononuclear cells","sorted CD8 pos CD57 pos T cells","tumour (T-cell large granular lymphocytic leukemia)"
"5","SRP059322","SRX1055055","Peripheral blood mononuclear cells","sorted CD8 neg CD57 neg T cells","normal"
"6","SRP059322","SRX1055052","Peripheral blood mononuclear cells","sorted CD8 pos CD57 pos T cells","tumour (T-cell large granular lymphocytic leukemia)"
"7","SRP059322","SRX1055053","Peripheral blood mononuclear cells","sorted CD8 neg CD57 neg T cells","normal"
"8","SRP059322","SRX1055054","Peripheral blood mononuclear cells","sorted CD8 pos CD57 pos T cells","tumour (T-cell large granular lymphocytic leukemia)"
"9","SRP059322","SRX1055060","Peripheral blood mononuclear cells","sorted CD8 pos CD57 pos T cells","tumour (T-cell large granular lymphocytic leukemia)"
"10","SRP059322","SRX1055060","Peripheral blood mononuclear cells","sorted CD8 pos CD57 pos T cells","tumour (T-cell large granular lymphocytic leukemia)"
"11","SRP059322","SRX1055057","Peripheral blood mononuclear cells","sorted CD8 neg CD57 neg T cells","normal"
"12","SRP059322","SRX1055058","Peripheral blood mononuclear cells","sorted CD8 pos CD57 pos T cells","tumour (T-cell large granular lymphocytic leukemia)"
"13","SRP059322","SRX1055051","Peripheral blood mononuclear cells","sorted CD8 neg CD57 neg T cells","normal"
"14","SRP059322","SRX1055056","Peripheral blood mononuclear cells","sorted CD8 pos CD57 pos T cells","tumour (T-cell large granular lymphocytic leukemia)"
"15","SRP059322","SRX1055057","Peripheral blood mononuclear cells","sorted CD8 neg CD57 neg T cells","normal"
"16","SRP059322","SRX1055054","Peripheral blood mononuclear cells","sorted CD8 pos CD57 pos T cells","tumour (T-cell large granular lymphocytic leukemia)"
"17","SRP059322","SRX1055053","Peripheral blood mononuclear cells","sorted CD8 neg CD57 neg T cells","normal"
"18","SRP059322","SRX1055055","Peripheral blood mononuclear cells","sorted CD8 neg CD57 neg T cells","normal"
"19","SRP059322","SRX1055052","Peripheral blood mononuclear cells","sorted CD8 pos CD57 pos T cells","tumour (T-cell large granular lymphocytic leukemia)"
"20","SRP059322","SRX1055058","Peripheral blood mononuclear cells","sorted CD8 pos CD57 pos T cells","tumour (T-cell large granular lymphocytic leukemia)"
"21","SRP059322","SRX1055059","Peripheral blood mononuclear cells","sorted CD8 neg CD57 neg T cells","normal"
