"","study.accession","experiment.accession","source_name","cell.type","cancer.or.normal"
"1","SRP007946","SRX093224","testicular, normal","testicular germ","normal"
"2","SRP007946","SRX093209","bladder, cancer","transitional","cancer"
"3","SRP007946","SRX093210","bladder, normal","transitional","normal"
"4","SRP007946","SRX093198","bladder, normal","transitional","normal"
"5","SRP007946","SRX093202","bladder, normal","transitional","normal"
"6","SRP007946","SRX093226","testicular, normal","testicular germ","normal"
"7","SRP007946","SRX093214","testicular, normal","testicular germ","normal"
"8","SRP007946","SRX093221","testicular, cancer","testicular germ","cancer"
"9","SRP007946","SRX093208","bladder, normal","transitional","normal"
"10","SRP007946","SRX093200","bladder, normal","transitional","normal"
"11","SRP007946","SRX093223","testicular, cancer","testicular germ","cancer"
"12","SRP007946","SRX093199","bladder, cancer","transitional","cancer"
"13","SRP007946","SRX093217","testicular, cancer","testicular germ","cancer"
"14","SRP007946","SRX093193","bladder, cancer","transitional","cancer"
"15","SRP007946","SRX093211","bladder, cancer","transitional","cancer"
"16","SRP007946","SRX093203","bladder, cancer","transitional","cancer"
"17","SRP007946","SRX093220","testicular, normal","testicular germ","normal"
"18","SRP007946","SRX093225","testicular, cancer","testicular germ","cancer"
"19","SRP007946","SRX093219","testicular, cancer","testicular germ","cancer"
"20","SRP007946","SRX093194","bladder, normal","transitional","normal"
"21","SRP007946","SRX093201","bladder, cancer","transitional","cancer"
"22","SRP007946","SRX093212","bladder, normal","transitional","normal"
"23","SRP007946","SRX093218","testicular, normal","testicular germ","normal"
"24","SRP007946","SRX093206","bladder, normal","transitional","normal"
"25","SRP007946","SRX093197","bladder, cancer","transitional","cancer"
"26","SRP007946","SRX093207","bladder, cancer","transitional","cancer"
"27","SRP007946","SRX093216","testicular, normal","testicular germ","normal"
"28","SRP007946","SRX093213","testicular, cancer","testicular germ","cancer"
"29","SRP007946","SRX093195","bladder, cancer","transitional","cancer"
"30","SRP007946","SRX093205","bladder, cancer","transitional","cancer"
"31","SRP007946","SRX093196","bladder, normal","transitional","normal"
"32","SRP007946","SRX093215","testicular, cancer","testicular germ","cancer"
"33","SRP007946","SRX093222","testicular, normal","testicular germ","normal"
"34","SRP007946","SRX093204","bladder, normal","transitional","normal"
