"","study.accession","experiment.accession","source_name","tissue","condition"
"1","SRP059275","SRX1054332","Colorectal cancer patient-derived xenograft","Colorectal cancer PDX","Vehicle"
"2","SRP059275","SRX1054327","Colorectal cancer patient-derived xenograft","Colorectal cancer PDX","ETC-159"
"3","SRP059275","SRX1054333","Colorectal cancer patient-derived xenograft","Colorectal cancer PDX","Vehicle"
"4","SRP059275","SRX1054328","Colorectal cancer patient-derived xenograft","Colorectal cancer PDX","ETC-159"
"5","SRP059275","SRX1054330","Colorectal cancer patient-derived xenograft","Colorectal cancer PDX","ETC-159"
"6","SRP059275","SRX1054331","Colorectal cancer patient-derived xenograft","Colorectal cancer PDX","Vehicle"
"7","SRP059275","SRX1054329","Colorectal cancer patient-derived xenograft","Colorectal cancer PDX","ETC-159"
"8","SRP059275","SRX1054334","Colorectal cancer patient-derived xenograft","Colorectal cancer PDX","Vehicle"
