"","study.accession","experiment.accession","source_name","patient"
"1","SRP057212","SRX997034","White blood cell","Healthy donor"
"2","SRP057212","SRX997023","CTC cluster","Brx-11"
"3","SRP057212","SRX997026","CTC cluster","Brx-11"
"4","SRP057212","SRX997031","CTC cluster","Brx-11"
"5","SRP057212","SRX997021","CTC cluster","Brx-11"
"6","SRP057212","SRX997033","White blood cell","Healthy donor"
"7","SRP057212","SRX997031","CTC cluster","Brx-11"
"8","SRP057212","SRX997031","CTC cluster","Brx-11"
"9","SRP057212","SRX997025","CTC cluster","Brx-11"
"10","SRP057212","SRX997018","CTC cluster","Brx-11"
"11","SRP057212","SRX997019","CTC cluster","Brx-11"
"12","SRP057212","SRX997029","CTC cluster","Brx-11"
"13","SRP057212","SRX997021","CTC cluster","Brx-11"
"14","SRP057212","SRX997022","CTC cluster","Brx-11"
"15","SRP057212","SRX997018","CTC cluster","Brx-11"
"16","SRP057212","SRX997034","White blood cell","Healthy donor"
"17","SRP057212","SRX997029","CTC cluster","Brx-11"
"18","SRP057212","SRX997027","CTC cluster","Brx-11"
"19","SRP057212","SRX997027","CTC cluster","Brx-11"
"20","SRP057212","SRX997020","CTC cluster","Brx-11"
"21","SRP057212","SRX997032","CTC cluster","Brx-11"
"22","SRP057212","SRX997027","CTC cluster","Brx-11"
"23","SRP057212","SRX997030","CTC cluster","Brx-11"
"24","SRP057212","SRX997025","CTC cluster","Brx-11"
"25","SRP057212","SRX997033","White blood cell","Healthy donor"
"26","SRP057212","SRX997033","White blood cell","Healthy donor"
"27","SRP057212","SRX997028","CTC cluster","Brx-11"
"28","SRP057212","SRX997031","CTC cluster","Brx-11"
"29","SRP057212","SRX997033","White blood cell","Healthy donor"
"30","SRP057212","SRX997028","CTC cluster","Brx-11"
"31","SRP057212","SRX997024","CTC cluster","Brx-11"
"32","SRP057212","SRX997024","CTC cluster","Brx-11"
"33","SRP057212","SRX997019","CTC cluster","Brx-11"
"34","SRP057212","SRX997030","CTC cluster","Brx-11"
"35","SRP057212","SRX997023","CTC cluster","Brx-11"
"36","SRP057212","SRX997022","CTC cluster","Brx-11"
"37","SRP057212","SRX997033","White blood cell","Healthy donor"
"38","SRP057212","SRX997028","CTC cluster","Brx-11"
"39","SRP057212","SRX997022","CTC cluster","Brx-11"
"40","SRP057212","SRX997034","White blood cell","Healthy donor"
"41","SRP057212","SRX997019","CTC cluster","Brx-11"
"42","SRP057212","SRX997024","CTC cluster","Brx-11"
"43","SRP057212","SRX997025","CTC cluster","Brx-11"
"44","SRP057212","SRX997022","CTC cluster","Brx-11"
"45","SRP057212","SRX997025","CTC cluster","Brx-11"
"46","SRP057212","SRX997028","CTC cluster","Brx-11"
"47","SRP057212","SRX997019","CTC cluster","Brx-11"
"48","SRP057212","SRX997034","White blood cell","Healthy donor"
"49","SRP057212","SRX997024","CTC cluster","Brx-11"
"50","SRP057212","SRX997026","CTC cluster","Brx-11"
"51","SRP057212","SRX997023","CTC cluster","Brx-11"
"52","SRP057212","SRX997025","CTC cluster","Brx-11"
"53","SRP057212","SRX997028","CTC cluster","Brx-11"
"54","SRP057212","SRX997023","CTC cluster","Brx-11"
"55","SRP057212","SRX997020","CTC cluster","Brx-11"
"56","SRP057212","SRX997032","CTC cluster","Brx-11"
"57","SRP057212","SRX997030","CTC cluster","Brx-11"
"58","SRP057212","SRX997027","CTC cluster","Brx-11"
"59","SRP057212","SRX997024","CTC cluster","Brx-11"
"60","SRP057212","SRX997034","White blood cell","Healthy donor"
"61","SRP057212","SRX997033","White blood cell","Healthy donor"
"62","SRP057212","SRX997032","CTC cluster","Brx-11"
"63","SRP057212","SRX997034","White blood cell","Healthy donor"
"64","SRP057212","SRX997030","CTC cluster","Brx-11"
"65","SRP057212","SRX997026","CTC cluster","Brx-11"
"66","SRP057212","SRX997030","CTC cluster","Brx-11"
"67","SRP057212","SRX997020","CTC cluster","Brx-11"
"68","SRP057212","SRX997028","CTC cluster","Brx-11"
"69","SRP057212","SRX997029","CTC cluster","Brx-11"
"70","SRP057212","SRX997021","CTC cluster","Brx-11"
"71","SRP057212","SRX997032","CTC cluster","Brx-11"
"72","SRP057212","SRX997026","CTC cluster","Brx-11"
"73","SRP057212","SRX997029","CTC cluster","Brx-11"
"74","SRP057212","SRX997018","CTC cluster","Brx-11"
"75","SRP057212","SRX997030","CTC cluster","Brx-11"
"76","SRP057212","SRX997022","CTC cluster","Brx-11"
"77","SRP057212","SRX997025","CTC cluster","Brx-11"
"78","SRP057212","SRX997018","CTC cluster","Brx-11"
"79","SRP057212","SRX997021","CTC cluster","Brx-11"
"80","SRP057212","SRX997032","CTC cluster","Brx-11"
"81","SRP057212","SRX997023","CTC cluster","Brx-11"
"82","SRP057212","SRX997027","CTC cluster","Brx-11"
"83","SRP057212","SRX997022","CTC cluster","Brx-11"
"84","SRP057212","SRX997019","CTC cluster","Brx-11"
"85","SRP057212","SRX997029","CTC cluster","Brx-11"
"86","SRP057212","SRX997029","CTC cluster","Brx-11"
"87","SRP057212","SRX997018","CTC cluster","Brx-11"
"88","SRP057212","SRX997024","CTC cluster","Brx-11"
"89","SRP057212","SRX997031","CTC cluster","Brx-11"
"90","SRP057212","SRX997020","CTC cluster","Brx-11"
"91","SRP057212","SRX997019","CTC cluster","Brx-11"
"92","SRP057212","SRX997027","CTC cluster","Brx-11"
"93","SRP057212","SRX997031","CTC cluster","Brx-11"
"94","SRP057212","SRX997020","CTC cluster","Brx-11"
"95","SRP057212","SRX997018","CTC cluster","Brx-11"
"96","SRP057212","SRX997023","CTC cluster","Brx-11"
"97","SRP057212","SRX997032","CTC cluster","Brx-11"
"98","SRP057212","SRX997021","CTC cluster","Brx-11"
"99","SRP057212","SRX997026","CTC cluster","Brx-11"
"100","SRP057212","SRX997021","CTC cluster","Brx-11"
"101","SRP057212","SRX997020","CTC cluster","Brx-11"
"102","SRP057212","SRX997026","CTC cluster","Brx-11"
