"","study.accession","experiment.accession","source_name","day.of.differentiation","normal.tumor"
"1","SRP058822","SRX1041879","Differentiating T84 Cells","d15","N/A"
"2","SRP058822","SRX1041882","Differentiating T84 Cells","d15","N/A"
"3","SRP058822","SRX1041886","Primary patient sample","N/A","Tumor 2"
"4","SRP058822","SRX1041877","Differentiating T84 Cells","d4","N/A"
"5","SRP058822","SRX1041882","Differentiating T84 Cells","d15","N/A"
"6","SRP058822","SRX1041887","Input from samples 8-11","N/A","N/A"
"7","SRP058822","SRX1041881","Differentiating T84 Cells","d0","N/A"
"8","SRP058822","SRX1041883","Primary patient sample","N/A","Normal 1"
"9","SRP058822","SRX1041881","Differentiating T84 Cells","d0","N/A"
"10","SRP058822","SRX1041882","Differentiating T84 Cells","d15","N/A"
"11","SRP058822","SRX1041881","Differentiating T84 Cells","d0","N/A"
"12","SRP058822","SRX1041885","Primary patient sample","N/A","Normal 2"
"13","SRP058822","SRX1041878","Differentiating T84 Cells","d12","N/A"
"14","SRP058822","SRX1041882","Differentiating T84 Cells","d15","N/A"
"15","SRP058822","SRX1041876","Differentiating T84 Cells","d0","N/A"
"16","SRP058822","SRX1041884","Primary patient sample","N/A","Tumor 1"
"17","SRP058822","SRX1041880","Input for samples 1-4","input","N/A"
