"","study.accession","experiment.accession","source_name","cell.line","strain","mixture.cell.line.nci.h1975","mixture.cell.line.hcc827","replicate"
"1","SRP051083","SRX806720","Human lung cancer cell lines NCI-H1975 and HCC827","Human lung cancer cell lines NCI-H1975 and HCC827","R2","100","0","2"
"2","SRP051083","SRX806750","Human lung cancer cell lines NCI-H1975 and HCC827","Human lung cancer cell lines NCI-H1975 and HCC827","R3","100","0","3"
"3","SRP051083","SRX806720","Human lung cancer cell lines NCI-H1975 and HCC827","Human lung cancer cell lines NCI-H1975 and HCC827","R2","100","0","2"
"4","SRP051083","SRX806733","Human lung cancer cell lines NCI-H1975 and HCC827","Human lung cancer cell lines NCI-H1975 and HCC827","R1","50","50","1"
"5","SRP051083","SRX806748","Human lung cancer cell lines NCI-H1975 and HCC827","Human lung cancer cell lines NCI-H1975 and HCC827","R3","50","50","3"
"6","SRP051083","SRX806739","Human lung cancer cell lines NCI-H1975 and HCC827","Human lung cancer cell lines NCI-H1975 and HCC827","R2","75","25","2"
"7","SRP051083","SRX806720","Human lung cancer cell lines NCI-H1975 and HCC827","Human lung cancer cell lines NCI-H1975 and HCC827","R2","100","0","2"
"8","SRP051083","SRX806741","Human lung cancer cell lines NCI-H1975 and HCC827","Human lung cancer cell lines NCI-H1975 and HCC827","R2D","0","100","2"
"9","SRP051083","SRX806723","Human lung cancer cell lines NCI-H1975 and HCC827","Human lung cancer cell lines NCI-H1975 and HCC827","R2D","50","50","2"
"10","SRP051083","SRX806723","Human lung cancer cell lines NCI-H1975 and HCC827","Human lung cancer cell lines NCI-H1975 and HCC827","R2D","50","50","2"
"11","SRP051083","SRX806725","Human lung cancer cell lines NCI-H1975 and HCC827","Human lung cancer cell lines NCI-H1975 and HCC827","R2D","100","0","2"
"12","SRP051083","SRX806721","Human lung cancer cell lines NCI-H1975 and HCC827","Human lung cancer cell lines NCI-H1975 and HCC827","R2D","0","100","2"
"13","SRP051083","SRX806717","Human lung cancer cell lines NCI-H1975 and HCC827","Human lung cancer cell lines NCI-H1975 and HCC827","R2","25","75","2"
"14","SRP051083","SRX806716","Human lung cancer cell lines NCI-H1975 and HCC827","Human lung cancer cell lines NCI-H1975 and HCC827","R2","0","100","2"
"15","SRP051083","SRX806712","Human lung cancer cell lines NCI-H1975 and HCC827","Human lung cancer cell lines NCI-H1975 and HCC827","R1","25","75","1"
"16","SRP051083","SRX806735","Human lung cancer cell lines NCI-H1975 and HCC827","Human lung cancer cell lines NCI-H1975 and HCC827","R1","100","0","1"
"17","SRP051083","SRX806729","Human lung cancer cell lines NCI-H1975 and HCC827","Human lung cancer cell lines NCI-H1975 and HCC827","R3","75","25","3"
"18","SRP051083","SRX806712","Human lung cancer cell lines NCI-H1975 and HCC827","Human lung cancer cell lines NCI-H1975 and HCC827","R1","25","75","1"
"19","SRP051083","SRX806719","Human lung cancer cell lines NCI-H1975 and HCC827","Human lung cancer cell lines NCI-H1975 and HCC827","R2","75","25","2"
"20","SRP051083","SRX806723","Human lung cancer cell lines NCI-H1975 and HCC827","Human lung cancer cell lines NCI-H1975 and HCC827","R2D","50","50","2"
"21","SRP051083","SRX806717","Human lung cancer cell lines NCI-H1975 and HCC827","Human lung cancer cell lines NCI-H1975 and HCC827","R2","25","75","2"
"22","SRP051083","SRX806713","Human lung cancer cell lines NCI-H1975 and HCC827","Human lung cancer cell lines NCI-H1975 and HCC827","R1","50","50","1"
"23","SRP051083","SRX806722","Human lung cancer cell lines NCI-H1975 and HCC827","Human lung cancer cell lines NCI-H1975 and HCC827","R2D","25","75","2"
"24","SRP051083","SRX806711","Human lung cancer cell lines NCI-H1975 and HCC827","Human lung cancer cell lines NCI-H1975 and HCC827","R1","0","100","1"
"25","SRP051083","SRX806733","Human lung cancer cell lines NCI-H1975 and HCC827","Human lung cancer cell lines NCI-H1975 and HCC827","R1","50","50","1"
"26","SRP051083","SRX806738","Human lung cancer cell lines NCI-H1975 and HCC827","Human lung cancer cell lines NCI-H1975 and HCC827","R2","50","50","2"
"27","SRP051083","SRX806719","Human lung cancer cell lines NCI-H1975 and HCC827","Human lung cancer cell lines NCI-H1975 and HCC827","R2","75","25","2"
"28","SRP051083","SRX806742","Human lung cancer cell lines NCI-H1975 and HCC827","Human lung cancer cell lines NCI-H1975 and HCC827","R2D","25","75","2"
"29","SRP051083","SRX806746","Human lung cancer cell lines NCI-H1975 and HCC827","Human lung cancer cell lines NCI-H1975 and HCC827","R3","0","100","3"
"30","SRP051083","SRX806742","Human lung cancer cell lines NCI-H1975 and HCC827","Human lung cancer cell lines NCI-H1975 and HCC827","R2D","25","75","2"
"31","SRP051083","SRX806738","Human lung cancer cell lines NCI-H1975 and HCC827","Human lung cancer cell lines NCI-H1975 and HCC827","R2","50","50","2"
"32","SRP051083","SRX806741","Human lung cancer cell lines NCI-H1975 and HCC827","Human lung cancer cell lines NCI-H1975 and HCC827","R2D","0","100","2"
"33","SRP051083","SRX806726","Human lung cancer cell lines NCI-H1975 and HCC827","Human lung cancer cell lines NCI-H1975 and HCC827","R3","0","100","3"
"34","SRP051083","SRX806725","Human lung cancer cell lines NCI-H1975 and HCC827","Human lung cancer cell lines NCI-H1975 and HCC827","R2D","100","0","2"
"35","SRP051083","SRX806730","Human lung cancer cell lines NCI-H1975 and HCC827","Human lung cancer cell lines NCI-H1975 and HCC827","R3","100","0","3"
"36","SRP051083","SRX806722","Human lung cancer cell lines NCI-H1975 and HCC827","Human lung cancer cell lines NCI-H1975 and HCC827","R2D","25","75","2"
"37","SRP051083","SRX806731","Human lung cancer cell lines NCI-H1975 and HCC827","Human lung cancer cell lines NCI-H1975 and HCC827","R1","0","100","1"
"38","SRP051083","SRX806748","Human lung cancer cell lines NCI-H1975 and HCC827","Human lung cancer cell lines NCI-H1975 and HCC827","R3","50","50","3"
"39","SRP051083","SRX806716","Human lung cancer cell lines NCI-H1975 and HCC827","Human lung cancer cell lines NCI-H1975 and HCC827","R2","0","100","2"
"40","SRP051083","SRX806713","Human lung cancer cell lines NCI-H1975 and HCC827","Human lung cancer cell lines NCI-H1975 and HCC827","R1","50","50","1"
"41","SRP051083","SRX806743","Human lung cancer cell lines NCI-H1975 and HCC827","Human lung cancer cell lines NCI-H1975 and HCC827","R2D","50","50","2"
"42","SRP051083","SRX806720","Human lung cancer cell lines NCI-H1975 and HCC827","Human lung cancer cell lines NCI-H1975 and HCC827","R2","100","0","2"
"43","SRP051083","SRX806738","Human lung cancer cell lines NCI-H1975 and HCC827","Human lung cancer cell lines NCI-H1975 and HCC827","R2","50","50","2"
"44","SRP051083","SRX806718","Human lung cancer cell lines NCI-H1975 and HCC827","Human lung cancer cell lines NCI-H1975 and HCC827","R2","50","50","2"
"45","SRP051083","SRX806731","Human lung cancer cell lines NCI-H1975 and HCC827","Human lung cancer cell lines NCI-H1975 and HCC827","R1","0","100","1"
"46","SRP051083","SRX806721","Human lung cancer cell lines NCI-H1975 and HCC827","Human lung cancer cell lines NCI-H1975 and HCC827","R2D","0","100","2"
"47","SRP051083","SRX806729","Human lung cancer cell lines NCI-H1975 and HCC827","Human lung cancer cell lines NCI-H1975 and HCC827","R3","75","25","3"
"48","SRP051083","SRX806741","Human lung cancer cell lines NCI-H1975 and HCC827","Human lung cancer cell lines NCI-H1975 and HCC827","R2D","0","100","2"
"49","SRP051083","SRX806746","Human lung cancer cell lines NCI-H1975 and HCC827","Human lung cancer cell lines NCI-H1975 and HCC827","R3","0","100","3"
"50","SRP051083","SRX806746","Human lung cancer cell lines NCI-H1975 and HCC827","Human lung cancer cell lines NCI-H1975 and HCC827","R3","0","100","3"
"51","SRP051083","SRX806714","Human lung cancer cell lines NCI-H1975 and HCC827","Human lung cancer cell lines NCI-H1975 and HCC827","R1","75","25","1"
"52","SRP051083","SRX806736","Human lung cancer cell lines NCI-H1975 and HCC827","Human lung cancer cell lines NCI-H1975 and HCC827","R2","0","100","2"
"53","SRP051083","SRX806738","Human lung cancer cell lines NCI-H1975 and HCC827","Human lung cancer cell lines NCI-H1975 and HCC827","R2","50","50","2"
"54","SRP051083","SRX806739","Human lung cancer cell lines NCI-H1975 and HCC827","Human lung cancer cell lines NCI-H1975 and HCC827","R2","75","25","2"
"55","SRP051083","SRX806747","Human lung cancer cell lines NCI-H1975 and HCC827","Human lung cancer cell lines NCI-H1975 and HCC827","R3","25","75","3"
"56","SRP051083","SRX806745","Human lung cancer cell lines NCI-H1975 and HCC827","Human lung cancer cell lines NCI-H1975 and HCC827","R2D","100","0","2"
"57","SRP051083","SRX806721","Human lung cancer cell lines NCI-H1975 and HCC827","Human lung cancer cell lines NCI-H1975 and HCC827","R2D","0","100","2"
"58","SRP051083","SRX806718","Human lung cancer cell lines NCI-H1975 and HCC827","Human lung cancer cell lines NCI-H1975 and HCC827","R2","50","50","2"
"59","SRP051083","SRX806723","Human lung cancer cell lines NCI-H1975 and HCC827","Human lung cancer cell lines NCI-H1975 and HCC827","R2D","50","50","2"
"60","SRP051083","SRX806714","Human lung cancer cell lines NCI-H1975 and HCC827","Human lung cancer cell lines NCI-H1975 and HCC827","R1","75","25","1"
"61","SRP051083","SRX806730","Human lung cancer cell lines NCI-H1975 and HCC827","Human lung cancer cell lines NCI-H1975 and HCC827","R3","100","0","3"
"62","SRP051083","SRX806716","Human lung cancer cell lines NCI-H1975 and HCC827","Human lung cancer cell lines NCI-H1975 and HCC827","R2","0","100","2"
"63","SRP051083","SRX806721","Human lung cancer cell lines NCI-H1975 and HCC827","Human lung cancer cell lines NCI-H1975 and HCC827","R2D","0","100","2"
"64","SRP051083","SRX806743","Human lung cancer cell lines NCI-H1975 and HCC827","Human lung cancer cell lines NCI-H1975 and HCC827","R2D","50","50","2"
"65","SRP051083","SRX806744","Human lung cancer cell lines NCI-H1975 and HCC827","Human lung cancer cell lines NCI-H1975 and HCC827","R2D","75","25","2"
"66","SRP051083","SRX806719","Human lung cancer cell lines NCI-H1975 and HCC827","Human lung cancer cell lines NCI-H1975 and HCC827","R2","75","25","2"
"67","SRP051083","SRX806743","Human lung cancer cell lines NCI-H1975 and HCC827","Human lung cancer cell lines NCI-H1975 and HCC827","R2D","50","50","2"
"68","SRP051083","SRX806722","Human lung cancer cell lines NCI-H1975 and HCC827","Human lung cancer cell lines NCI-H1975 and HCC827","R2D","25","75","2"
"69","SRP051083","SRX806727","Human lung cancer cell lines NCI-H1975 and HCC827","Human lung cancer cell lines NCI-H1975 and HCC827","R3","25","75","3"
"70","SRP051083","SRX806728","Human lung cancer cell lines NCI-H1975 and HCC827","Human lung cancer cell lines NCI-H1975 and HCC827","R3","50","50","3"
"71","SRP051083","SRX806749","Human lung cancer cell lines NCI-H1975 and HCC827","Human lung cancer cell lines NCI-H1975 and HCC827","R3","75","25","3"
"72","SRP051083","SRX806734","Human lung cancer cell lines NCI-H1975 and HCC827","Human lung cancer cell lines NCI-H1975 and HCC827","R1","75","25","1"
"73","SRP051083","SRX806733","Human lung cancer cell lines NCI-H1975 and HCC827","Human lung cancer cell lines NCI-H1975 and HCC827","R1","50","50","1"
"74","SRP051083","SRX806747","Human lung cancer cell lines NCI-H1975 and HCC827","Human lung cancer cell lines NCI-H1975 and HCC827","R3","25","75","3"
"75","SRP051083","SRX806728","Human lung cancer cell lines NCI-H1975 and HCC827","Human lung cancer cell lines NCI-H1975 and HCC827","R3","50","50","3"
"76","SRP051083","SRX806746","Human lung cancer cell lines NCI-H1975 and HCC827","Human lung cancer cell lines NCI-H1975 and HCC827","R3","0","100","3"
"77","SRP051083","SRX806737","Human lung cancer cell lines NCI-H1975 and HCC827","Human lung cancer cell lines NCI-H1975 and HCC827","R2","25","75","2"
"78","SRP051083","SRX806717","Human lung cancer cell lines NCI-H1975 and HCC827","Human lung cancer cell lines NCI-H1975 and HCC827","R2","25","75","2"
"79","SRP051083","SRX806727","Human lung cancer cell lines NCI-H1975 and HCC827","Human lung cancer cell lines NCI-H1975 and HCC827","R3","25","75","3"
"80","SRP051083","SRX806718","Human lung cancer cell lines NCI-H1975 and HCC827","Human lung cancer cell lines NCI-H1975 and HCC827","R2","50","50","2"
"81","SRP051083","SRX806730","Human lung cancer cell lines NCI-H1975 and HCC827","Human lung cancer cell lines NCI-H1975 and HCC827","R3","100","0","3"
"82","SRP051083","SRX806737","Human lung cancer cell lines NCI-H1975 and HCC827","Human lung cancer cell lines NCI-H1975 and HCC827","R2","25","75","2"
"83","SRP051083","SRX806725","Human lung cancer cell lines NCI-H1975 and HCC827","Human lung cancer cell lines NCI-H1975 and HCC827","R2D","100","0","2"
"84","SRP051083","SRX806714","Human lung cancer cell lines NCI-H1975 and HCC827","Human lung cancer cell lines NCI-H1975 and HCC827","R1","75","25","1"
"85","SRP051083","SRX806735","Human lung cancer cell lines NCI-H1975 and HCC827","Human lung cancer cell lines NCI-H1975 and HCC827","R1","100","0","1"
"86","SRP051083","SRX806732","Human lung cancer cell lines NCI-H1975 and HCC827","Human lung cancer cell lines NCI-H1975 and HCC827","R1","25","75","1"
"87","SRP051083","SRX806711","Human lung cancer cell lines NCI-H1975 and HCC827","Human lung cancer cell lines NCI-H1975 and HCC827","R1","0","100","1"
"88","SRP051083","SRX806736","Human lung cancer cell lines NCI-H1975 and HCC827","Human lung cancer cell lines NCI-H1975 and HCC827","R2","0","100","2"
"89","SRP051083","SRX806736","Human lung cancer cell lines NCI-H1975 and HCC827","Human lung cancer cell lines NCI-H1975 and HCC827","R2","0","100","2"
"90","SRP051083","SRX806748","Human lung cancer cell lines NCI-H1975 and HCC827","Human lung cancer cell lines NCI-H1975 and HCC827","R3","50","50","3"
"91","SRP051083","SRX806717","Human lung cancer cell lines NCI-H1975 and HCC827","Human lung cancer cell lines NCI-H1975 and HCC827","R2","25","75","2"
"92","SRP051083","SRX806727","Human lung cancer cell lines NCI-H1975 and HCC827","Human lung cancer cell lines NCI-H1975 and HCC827","R3","25","75","3"
"93","SRP051083","SRX806728","Human lung cancer cell lines NCI-H1975 and HCC827","Human lung cancer cell lines NCI-H1975 and HCC827","R3","50","50","3"
"94","SRP051083","SRX806739","Human lung cancer cell lines NCI-H1975 and HCC827","Human lung cancer cell lines NCI-H1975 and HCC827","R2","75","25","2"
"95","SRP051083","SRX806729","Human lung cancer cell lines NCI-H1975 and HCC827","Human lung cancer cell lines NCI-H1975 and HCC827","R3","75","25","3"
"96","SRP051083","SRX806715","Human lung cancer cell lines NCI-H1975 and HCC827","Human lung cancer cell lines NCI-H1975 and HCC827","R1","100","0","1"
"97","SRP051083","SRX806731","Human lung cancer cell lines NCI-H1975 and HCC827","Human lung cancer cell lines NCI-H1975 and HCC827","R1","0","100","1"
"98","SRP051083","SRX806750","Human lung cancer cell lines NCI-H1975 and HCC827","Human lung cancer cell lines NCI-H1975 and HCC827","R3","100","0","3"
"99","SRP051083","SRX806744","Human lung cancer cell lines NCI-H1975 and HCC827","Human lung cancer cell lines NCI-H1975 and HCC827","R2D","75","25","2"
"100","SRP051083","SRX806724","Human lung cancer cell lines NCI-H1975 and HCC827","Human lung cancer cell lines NCI-H1975 and HCC827","R2D","75","25","2"
"101","SRP051083","SRX806732","Human lung cancer cell lines NCI-H1975 and HCC827","Human lung cancer cell lines NCI-H1975 and HCC827","R1","25","75","1"
"102","SRP051083","SRX806724","Human lung cancer cell lines NCI-H1975 and HCC827","Human lung cancer cell lines NCI-H1975 and HCC827","R2D","75","25","2"
"103","SRP051083","SRX806718","Human lung cancer cell lines NCI-H1975 and HCC827","Human lung cancer cell lines NCI-H1975 and HCC827","R2","50","50","2"
"104","SRP051083","SRX806728","Human lung cancer cell lines NCI-H1975 and HCC827","Human lung cancer cell lines NCI-H1975 and HCC827","R3","50","50","3"
"105","SRP051083","SRX806743","Human lung cancer cell lines NCI-H1975 and HCC827","Human lung cancer cell lines NCI-H1975 and HCC827","R2D","50","50","2"
"106","SRP051083","SRX806712","Human lung cancer cell lines NCI-H1975 and HCC827","Human lung cancer cell lines NCI-H1975 and HCC827","R1","25","75","1"
"107","SRP051083","SRX806726","Human lung cancer cell lines NCI-H1975 and HCC827","Human lung cancer cell lines NCI-H1975 and HCC827","R3","0","100","3"
"108","SRP051083","SRX806749","Human lung cancer cell lines NCI-H1975 and HCC827","Human lung cancer cell lines NCI-H1975 and HCC827","R3","75","25","3"
"109","SRP051083","SRX806713","Human lung cancer cell lines NCI-H1975 and HCC827","Human lung cancer cell lines NCI-H1975 and HCC827","R1","50","50","1"
"110","SRP051083","SRX806732","Human lung cancer cell lines NCI-H1975 and HCC827","Human lung cancer cell lines NCI-H1975 and HCC827","R1","25","75","1"
"111","SRP051083","SRX806742","Human lung cancer cell lines NCI-H1975 and HCC827","Human lung cancer cell lines NCI-H1975 and HCC827","R2D","25","75","2"
"112","SRP051083","SRX806744","Human lung cancer cell lines NCI-H1975 and HCC827","Human lung cancer cell lines NCI-H1975 and HCC827","R2D","75","25","2"
"113","SRP051083","SRX806749","Human lung cancer cell lines NCI-H1975 and HCC827","Human lung cancer cell lines NCI-H1975 and HCC827","R3","75","25","3"
"114","SRP051083","SRX806725","Human lung cancer cell lines NCI-H1975 and HCC827","Human lung cancer cell lines NCI-H1975 and HCC827","R2D","100","0","2"
"115","SRP051083","SRX806741","Human lung cancer cell lines NCI-H1975 and HCC827","Human lung cancer cell lines NCI-H1975 and HCC827","R2D","0","100","2"
"116","SRP051083","SRX806716","Human lung cancer cell lines NCI-H1975 and HCC827","Human lung cancer cell lines NCI-H1975 and HCC827","R2","0","100","2"
"117","SRP051083","SRX806715","Human lung cancer cell lines NCI-H1975 and HCC827","Human lung cancer cell lines NCI-H1975 and HCC827","R1","100","0","1"
"118","SRP051083","SRX806737","Human lung cancer cell lines NCI-H1975 and HCC827","Human lung cancer cell lines NCI-H1975 and HCC827","R2","25","75","2"
"119","SRP051083","SRX806736","Human lung cancer cell lines NCI-H1975 and HCC827","Human lung cancer cell lines NCI-H1975 and HCC827","R2","0","100","2"
"120","SRP051083","SRX806740","Human lung cancer cell lines NCI-H1975 and HCC827","Human lung cancer cell lines NCI-H1975 and HCC827","R2","100","0","2"
"121","SRP051083","SRX806727","Human lung cancer cell lines NCI-H1975 and HCC827","Human lung cancer cell lines NCI-H1975 and HCC827","R3","25","75","3"
"122","SRP051083","SRX806742","Human lung cancer cell lines NCI-H1975 and HCC827","Human lung cancer cell lines NCI-H1975 and HCC827","R2D","25","75","2"
"123","SRP051083","SRX806715","Human lung cancer cell lines NCI-H1975 and HCC827","Human lung cancer cell lines NCI-H1975 and HCC827","R1","100","0","1"
"124","SRP051083","SRX806750","Human lung cancer cell lines NCI-H1975 and HCC827","Human lung cancer cell lines NCI-H1975 and HCC827","R3","100","0","3"
"125","SRP051083","SRX806734","Human lung cancer cell lines NCI-H1975 and HCC827","Human lung cancer cell lines NCI-H1975 and HCC827","R1","75","25","1"
"126","SRP051083","SRX806714","Human lung cancer cell lines NCI-H1975 and HCC827","Human lung cancer cell lines NCI-H1975 and HCC827","R1","75","25","1"
"127","SRP051083","SRX806739","Human lung cancer cell lines NCI-H1975 and HCC827","Human lung cancer cell lines NCI-H1975 and HCC827","R2","75","25","2"
"128","SRP051083","SRX806745","Human lung cancer cell lines NCI-H1975 and HCC827","Human lung cancer cell lines NCI-H1975 and HCC827","R2D","100","0","2"
"129","SRP051083","SRX806737","Human lung cancer cell lines NCI-H1975 and HCC827","Human lung cancer cell lines NCI-H1975 and HCC827","R2","25","75","2"
"130","SRP051083","SRX806735","Human lung cancer cell lines NCI-H1975 and HCC827","Human lung cancer cell lines NCI-H1975 and HCC827","R1","100","0","1"
"131","SRP051083","SRX806715","Human lung cancer cell lines NCI-H1975 and HCC827","Human lung cancer cell lines NCI-H1975 and HCC827","R1","100","0","1"
"132","SRP051083","SRX806735","Human lung cancer cell lines NCI-H1975 and HCC827","Human lung cancer cell lines NCI-H1975 and HCC827","R1","100","0","1"
"133","SRP051083","SRX806740","Human lung cancer cell lines NCI-H1975 and HCC827","Human lung cancer cell lines NCI-H1975 and HCC827","R2","100","0","2"
"134","SRP051083","SRX806726","Human lung cancer cell lines NCI-H1975 and HCC827","Human lung cancer cell lines NCI-H1975 and HCC827","R3","0","100","3"
"135","SRP051083","SRX806740","Human lung cancer cell lines NCI-H1975 and HCC827","Human lung cancer cell lines NCI-H1975 and HCC827","R2","100","0","2"
"136","SRP051083","SRX806711","Human lung cancer cell lines NCI-H1975 and HCC827","Human lung cancer cell lines NCI-H1975 and HCC827","R1","0","100","1"
"137","SRP051083","SRX806747","Human lung cancer cell lines NCI-H1975 and HCC827","Human lung cancer cell lines NCI-H1975 and HCC827","R3","25","75","3"
"138","SRP051083","SRX806712","Human lung cancer cell lines NCI-H1975 and HCC827","Human lung cancer cell lines NCI-H1975 and HCC827","R1","25","75","1"
"139","SRP051083","SRX806711","Human lung cancer cell lines NCI-H1975 and HCC827","Human lung cancer cell lines NCI-H1975 and HCC827","R1","0","100","1"
"140","SRP051083","SRX806750","Human lung cancer cell lines NCI-H1975 and HCC827","Human lung cancer cell lines NCI-H1975 and HCC827","R3","100","0","3"
"141","SRP051083","SRX806740","Human lung cancer cell lines NCI-H1975 and HCC827","Human lung cancer cell lines NCI-H1975 and HCC827","R2","100","0","2"
"142","SRP051083","SRX806749","Human lung cancer cell lines NCI-H1975 and HCC827","Human lung cancer cell lines NCI-H1975 and HCC827","R3","75","25","3"
"143","SRP051083","SRX806745","Human lung cancer cell lines NCI-H1975 and HCC827","Human lung cancer cell lines NCI-H1975 and HCC827","R2D","100","0","2"
"144","SRP051083","SRX806719","Human lung cancer cell lines NCI-H1975 and HCC827","Human lung cancer cell lines NCI-H1975 and HCC827","R2","75","25","2"
"145","SRP051083","SRX806744","Human lung cancer cell lines NCI-H1975 and HCC827","Human lung cancer cell lines NCI-H1975 and HCC827","R2D","75","25","2"
"146","SRP051083","SRX806722","Human lung cancer cell lines NCI-H1975 and HCC827","Human lung cancer cell lines NCI-H1975 and HCC827","R2D","25","75","2"
"147","SRP051083","SRX806726","Human lung cancer cell lines NCI-H1975 and HCC827","Human lung cancer cell lines NCI-H1975 and HCC827","R3","0","100","3"
"148","SRP051083","SRX806731","Human lung cancer cell lines NCI-H1975 and HCC827","Human lung cancer cell lines NCI-H1975 and HCC827","R1","0","100","1"
"149","SRP051083","SRX806734","Human lung cancer cell lines NCI-H1975 and HCC827","Human lung cancer cell lines NCI-H1975 and HCC827","R1","75","25","1"
"150","SRP051083","SRX806734","Human lung cancer cell lines NCI-H1975 and HCC827","Human lung cancer cell lines NCI-H1975 and HCC827","R1","75","25","1"
"151","SRP051083","SRX806713","Human lung cancer cell lines NCI-H1975 and HCC827","Human lung cancer cell lines NCI-H1975 and HCC827","R1","50","50","1"
"152","SRP051083","SRX806732","Human lung cancer cell lines NCI-H1975 and HCC827","Human lung cancer cell lines NCI-H1975 and HCC827","R1","25","75","1"
"153","SRP051083","SRX806730","Human lung cancer cell lines NCI-H1975 and HCC827","Human lung cancer cell lines NCI-H1975 and HCC827","R3","100","0","3"
"154","SRP051083","SRX806724","Human lung cancer cell lines NCI-H1975 and HCC827","Human lung cancer cell lines NCI-H1975 and HCC827","R2D","75","25","2"
"155","SRP051083","SRX806748","Human lung cancer cell lines NCI-H1975 and HCC827","Human lung cancer cell lines NCI-H1975 and HCC827","R3","50","50","3"
"156","SRP051083","SRX806724","Human lung cancer cell lines NCI-H1975 and HCC827","Human lung cancer cell lines NCI-H1975 and HCC827","R2D","75","25","2"
"157","SRP051083","SRX806747","Human lung cancer cell lines NCI-H1975 and HCC827","Human lung cancer cell lines NCI-H1975 and HCC827","R3","25","75","3"
"158","SRP051083","SRX806729","Human lung cancer cell lines NCI-H1975 and HCC827","Human lung cancer cell lines NCI-H1975 and HCC827","R3","75","25","3"
"159","SRP051083","SRX806733","Human lung cancer cell lines NCI-H1975 and HCC827","Human lung cancer cell lines NCI-H1975 and HCC827","R1","50","50","1"
"160","SRP051083","SRX806745","Human lung cancer cell lines NCI-H1975 and HCC827","Human lung cancer cell lines NCI-H1975 and HCC827","R2D","100","0","2"
