"","study.accession","experiment.accession","source_name","transfection","cell.type"
"1","SRP049713","SRX757730","MCF-7","si-lncRNA67-2","Breast adenocarcinoma epithelial cells"
"2","SRP049713","SRX757727","MCF-7","si-lncRNA67-1","Breast adenocarcinoma epithelial cells"
"3","SRP049713","SRX757723","MCF-7","si-lncRNA152-2","Breast adenocarcinoma epithelial cells"
"4","SRP049713","SRX757733","MCF-7","Breast adenocarcinoma epithelial cells","E2 treated"
"5","SRP049713","SRX757736","MCF-7","Breast adenocarcinoma epithelial cells","Untreated"
"6","SRP049713","SRX757740","MCF-7","Breast adenocarcinoma epithelial cells","Untreated"
"7","SRP049713","SRX757722","MCF-7","si-lncRNA152-1","Breast adenocarcinoma epithelial cells"
"8","SRP049713","SRX757737","MCF-7","Breast adenocarcinoma epithelial cells","E2 treated"
"9","SRP049713","SRX757721","MCF-7","si-lncRNA152-1","Breast adenocarcinoma epithelial cells"
"10","SRP049713","SRX757734","MCF-7","Breast adenocarcinoma epithelial cells","E2 treated"
"11","SRP049713","SRX757741","MCF-7","Breast adenocarcinoma epithelial cells","E2 treated"
"12","SRP049713","SRX757718","MCF-7","Breast adenocarcinoma epithelial cells","Untreated"
"13","SRP049713","SRX757732","MCF-7","Breast adenocarcinoma epithelial cells","Untreated"
"14","SRP049713","SRX757742","MCF-7","Breast adenocarcinoma epithelial cells","E2 treated"
"15","SRP049713","SRX757739","MCF-7","Breast adenocarcinoma epithelial cells","Untreated"
"16","SRP049713","SRX757726","MCF-7","Control","Breast adenocarcinoma epithelial cells"
"17","SRP049713","SRX757724","MCF-7","si-lncRNA152-2","Breast adenocarcinoma epithelial cells"
"18","SRP049713","SRX757738","MCF-7","Breast adenocarcinoma epithelial cells","E2 treated"
"19","SRP049713","SRX757728","MCF-7","si-lncRNA67-1","Breast adenocarcinoma epithelial cells"
"20","SRP049713","SRX757735","MCF-7","Breast adenocarcinoma epithelial cells","Untreated"
"21","SRP049713","SRX757731","MCF-7","Breast adenocarcinoma epithelial cells","Untreated"
"22","SRP049713","SRX757729","MCF-7","si-lncRNA67-2","Breast adenocarcinoma epithelial cells"
"23","SRP049713","SRX757719","MCF-7","Control","Breast adenocarcinoma epithelial cells"
"24","SRP049713","SRX757725","MCF-7","Control","Breast adenocarcinoma epithelial cells"
"25","SRP049713","SRX757720","MCF-7","Control","Breast adenocarcinoma epithelial cells"
