"","study.accession","experiment.accession","source_name","tissue"
"1","SRP044937","SRX1402455","Kidney tissue","tumor"
"2","SRP044937","SRX663296","Kidney normal tissue 2 RP","Kidney"
"3","SRP044937","SRX663295","Kidney normal tissue 1 RP","Kidney"
"4","SRP044937","SRX1059901","Kidney tissue","kidney"
"5","SRP044937","SRX1402457","Kidney tissue","normal"
"6","SRP044937","SRX663297","Kidney tumor tissue 1 RP","Kidney"
"7","SRP044937","SRX663295","Kidney normal tissue 1 RP","Kidney"
"8","SRP044937","SRX1059895","Kidney tissue","kidney"
"9","SRP044937","SRX663300","Kidney tumor tissue 4 RP","Kidney"
"10","SRP044937","SRX1059892","Kidney tissue","kidney"
"11","SRP044937","SRX1059903","Kidney tissue","kidney"
"12","SRP044937","SRX663298","Kidney tumor tissue 2 RP","Kidney"
"13","SRP044937","SRX663296","Kidney normal tissue 2 RP","Kidney"
"14","SRP044937","SRX1059902","Kidney tissue","kidney"
"15","SRP044937","SRX1402458","Kidney tissue","tumor"
"16","SRP044937","SRX1059894","Kidney tissue","kidney"
"17","SRP044937","SRX1059898","Kidney tissue","kidney"
"18","SRP044937","SRX1402454","Kidney tissue","normal"
"19","SRP044937","SRX1059899","Kidney tissue","kidney"
"20","SRP044937","SRX663300","Kidney tumor tissue 4 RP","Kidney"
"21","SRP044937","SRX1059900","Kidney tissue","kidney"
"22","SRP044937","SRX663299","Kidney tumor tissue 3 RP","Kidney"
"23","SRP044937","SRX663297","Kidney tumor tissue 1 RP","Kidney"
"24","SRP044937","SRX1402458","Kidney tissue","tumor"
"25","SRP044937","SRX1402454","Kidney tissue","normal"
"26","SRP044937","SRX663298","Kidney tumor tissue 2 RP","Kidney"
"27","SRP044937","SRX1059897","Kidney tissue","kidney"
"28","SRP044937","SRX1402455","Kidney tissue","tumor"
"29","SRP044937","SRX1059896","Kidney tissue","kidney"
"30","SRP044937","SRX1059893","Kidney tissue","kidney"
"31","SRP044937","SRX663299","Kidney tumor tissue 3 RP","Kidney"
"32","SRP044937","SRX1402457","Kidney tissue","normal"
