"","study.accession","experiment.accession","isolate","age","biomaterial_provider","sex","tissue","BioSampleModel","cell_line"
"1","SRP050230","SRX767359","LIM1863","74","La Trobe University","female","colon","Human",NA
"2","SRP050230","SRX767358","LIM1863","74","La Trobe University","female","colon","Human","LIM1863"
"3","SRP050230","SRX767360","LIM1863","74","La Trobe University","female","colon","Human",NA
"4","SRP050230","SRX2538248","LIM1863","74","Ludwig Institute","female","colon","Human","LIM1863"
