"","study.accession","experiment.accession","source_name","subtype","cell.line","agent"
"1","SRP050365","SRX790672","Breast cancer cell line (luminal)","luminal","ZR75-1","PKC412"
"2","SRP050365","SRX790669","Breast cancer cell line (luminal)","luminal","ZR75-1","DMSO"
"3","SRP050365","SRX790673","Breast cancer cell line (luminal)","luminal","ZR75-1","PKC412"
"4","SRP050365","SRX790671","Breast cancer cell line (luminal)","luminal","ZR75-1","PKC412"
"5","SRP050365","SRX790666","Breast cancer cell line (basal)","basal","MDAMB468","PKC412"
"6","SRP050365","SRX790668","Breast cancer cell line (basal)","basal","MDAMB468","PKC412"
"7","SRP050365","SRX790670","Breast cancer cell line (luminal)","luminal","ZR75-1","DMSO"
"8","SRP050365","SRX790667","Breast cancer cell line (basal)","basal","MDAMB468","PKC412"
"9","SRP050365","SRX790665","Breast cancer cell line (basal)","basal","MDAMB468","DMSO"
"10","SRP050365","SRX790664","Breast cancer cell line (basal)","basal","MDAMB468","DMSO"
