"","study.accession","experiment.accession","source_name","cell.line","cell.type","culture.conditions"
"1","SRP042249","SRX553019","HT-29_3D static","HT-29","colorectal cell line","Static 3D"
"2","SRP042249","SRX553015","HT-29_3D perfusion","HT-29","colorectal cell line","Perfusion 3D"
"3","SRP042249","SRX553013","HT-29_2D","HT-29","colorectal cell line","2D"
"4","SRP042249","SRX553014","HT-29_3D perfusion","HT-29","colorectal cell line","Perfusion 3D"
"5","SRP042249","SRX553021","HT-29_xenograft","HT-29","colorectal cell line","xenograft"
"6","SRP042249","SRX553013","HT-29_2D","HT-29","colorectal cell line","2D"
"7","SRP042249","SRX553019","HT-29_3D static","HT-29","colorectal cell line","Static 3D"
"8","SRP042249","SRX553011","HT-29_2D","HT-29","colorectal cell line","2D"
"9","SRP042249","SRX553020","HT-29_xenograft","HT-29","colorectal cell line","xenograft"
"10","SRP042249","SRX553016","HT-29_3D perfusion","HT-29","colorectal cell line","Perfusion 3D"
"11","SRP042249","SRX553012","HT-29_2D","HT-29","colorectal cell line","2D"
"12","SRP042249","SRX553016","HT-29_3D perfusion","HT-29","colorectal cell line","Perfusion 3D"
"13","SRP042249","SRX553022","HT-29_xenograft","HT-29","colorectal cell line","xenograft"
"14","SRP042249","SRX553019","HT-29_3D static","HT-29","colorectal cell line","Static 3D"
"15","SRP042249","SRX553021","HT-29_xenograft","HT-29","colorectal cell line","xenograft"
"16","SRP042249","SRX553018","HT-29_3D static","HT-29","colorectal cell line","Static 3D"
"17","SRP042249","SRX553014","HT-29_3D perfusion","HT-29","colorectal cell line","Perfusion 3D"
"18","SRP042249","SRX553011","HT-29_2D","HT-29","colorectal cell line","2D"
"19","SRP042249","SRX553018","HT-29_3D static","HT-29","colorectal cell line","Static 3D"
"20","SRP042249","SRX553014","HT-29_3D perfusion","HT-29","colorectal cell line","Perfusion 3D"
"21","SRP042249","SRX553011","HT-29_2D","HT-29","colorectal cell line","2D"
"22","SRP042249","SRX553017","HT-29_3D static","HT-29","colorectal cell line","Static 3D"
"23","SRP042249","SRX553018","HT-29_3D static","HT-29","colorectal cell line","Static 3D"
"24","SRP042249","SRX553015","HT-29_3D perfusion","HT-29","colorectal cell line","Perfusion 3D"
"25","SRP042249","SRX553017","HT-29_3D static","HT-29","colorectal cell line","Static 3D"
"26","SRP042249","SRX553012","HT-29_2D","HT-29","colorectal cell line","2D"
"27","SRP042249","SRX553022","HT-29_xenograft","HT-29","colorectal cell line","xenograft"
"28","SRP042249","SRX553022","HT-29_xenograft","HT-29","colorectal cell line","xenograft"
"29","SRP042249","SRX553021","HT-29_xenograft","HT-29","colorectal cell line","xenograft"
"30","SRP042249","SRX553012","HT-29_2D","HT-29","colorectal cell line","2D"
"31","SRP042249","SRX553020","HT-29_xenograft","HT-29","colorectal cell line","xenograft"
"32","SRP042249","SRX553017","HT-29_3D static","HT-29","colorectal cell line","Static 3D"
"33","SRP042249","SRX553020","HT-29_xenograft","HT-29","colorectal cell line","xenograft"
"34","SRP042249","SRX553013","HT-29_2D","HT-29","colorectal cell line","2D"
"35","SRP042249","SRX553015","HT-29_3D perfusion","HT-29","colorectal cell line","Perfusion 3D"
"36","SRP042249","SRX553016","HT-29_3D perfusion","HT-29","colorectal cell line","Perfusion 3D"
