"","study.accession","experiment.accession","source_name","cell.line","cell.type","treated.with"
"1","SRP044610","SRX656267","MCF-7:5C cells","MCF-7:5C","breast cancer cell line","E2 (10-9mol/L) plus 4-OHT (10-6mol/L) for 72 hrs"
"2","SRP044610","SRX656264","MCF-7:5C cells","MCF-7:5C","breast cancer cell line","vehicle (0.1% EtOH) as control for 72hrs"
"3","SRP044610","SRX656266","MCF-7:5C cells","MCF-7:5C","breast cancer cell line","4-OHT (10-6mol/L) for 72 hrs"
"4","SRP044610","SRX656268","MCF-7:5C cells","MCF-7:5C","breast cancer cell line","PP2 (5x10-6mol/L) for 72 hrs"
"5","SRP044610","SRX656269","MCF-7:5C cells","MCF-7:5C","breast cancer cell line","E2 (10-9mol/L) plus PP2 (5x10-6mol/L) for 72 hrs"
"6","SRP044610","SRX656265","MCF-7:5C cells","MCF-7:5C","breast cancer cell line","E2 (10-9mol/L)for 72 hrs"
