"","study.accession","experiment.accession","source_name","tissue","cell.type"
"1","SRP043085","SRX588232","normal skin biopsies","skin",NA
"2","SRP043085","SRX588236","normal skin biopsies","skin",NA
"3","SRP043085","SRX588243","resistant basal cell cancers","skin","basal cell carcinomas (BCCs)"
"4","SRP043085","SRX588229","normal skin biopsies","skin",NA
"5","SRP043085","SRX588231","normal skin biopsies","skin",NA
"6","SRP043085","SRX588242","resistant basal cell cancers","skin","basal cell carcinomas (BCCs)"
"7","SRP043085","SRX588244","resistant basal cell cancers","skin","basal cell carcinomas (BCCs)"
"8","SRP043085","SRX588237","resistant basal cell cancers","skin","basal cell carcinomas (BCCs)"
"9","SRP043085","SRX588230","normal skin biopsies","skin",NA
"10","SRP043085","SRX588247","sensitive basal cell cancers","skin","basal cell carcinomas (BCCs)"
"11","SRP043085","SRX588233","normal skin biopsies","skin",NA
"12","SRP043085","SRX588245","resistant basal cell cancers","skin","basal cell carcinomas (BCCs)"
"13","SRP043085","SRX588235","normal skin biopsies","skin",NA
"14","SRP043085","SRX588249","sensitive basal cell cancers","skin","basal cell carcinomas (BCCs)"
"15","SRP043085","SRX588234","normal skin biopsies","skin",NA
"16","SRP043085","SRX588240","resistant basal cell cancers","skin","basal cell carcinomas (BCCs)"
"17","SRP043085","SRX588239","resistant basal cell cancers","skin","basal cell carcinomas (BCCs)"
"18","SRP043085","SRX588248","sensitive basal cell cancers","skin","basal cell carcinomas (BCCs)"
"19","SRP043085","SRX588246","sensitive basal cell cancers","skin","basal cell carcinomas (BCCs)"
"20","SRP043085","SRX588241","resistant basal cell cancers","skin","basal cell carcinomas (BCCs)"
"21","SRP043085","SRX588238","resistant basal cell cancers","skin","basal cell carcinomas (BCCs)"
