"","study.accession","experiment.accession","source_name","sex","age","Stage","histologics"
"1","SRP012016","SRX134895","tissue specimen","M","61","I","Intestine"
"2","SRP012016","SRX134897","tissue specimen","M","69","II","Diffuse"
"3","SRP012016","SRX134894","tissue specimen","F","67","Normal","Normal"
"4","SRP012016","SRX134904","tissue specimen","F","66","I","Diffuse"
"5","SRP012016","SRX134864","tissue specimen","M","64","IV","Diffuse"
"6","SRP012016","SRX134910","tissue specimen","M","55","III","Diffuse"
"7","SRP012016","SRX134887","tissue specimen","M","unknown","IV","unknown"
"8","SRP012016","SRX134907","tissue specimen","M","47","III","Intestine"
"9","SRP012016","SRX134879","tissue specimen","M","64","IV","Diffuse"
"10","SRP012016","SRX134886","tissue specimen","M","72","III","Diffuse"
"11","SRP012016","SRX134876","tissue specimen","F","73","III","Intestine"
"12","SRP012016","SRX134899","tissue specimen","M","56","Normal","Normal"
"13","SRP012016","SRX134913","tissue specimen","M","unknown","II","unknown"
"14","SRP012016","SRX134868","tissue specimen","M","69","Normal","Normal"
"15","SRP012016","SRX134892","tissue specimen","F","70","II","Diffuse"
"16","SRP012016","SRX134888","tissue specimen","M","unknown","II","unknown"
"17","SRP012016","SRX134866","tissue specimen","F","67","Normal","Normal"
"18","SRP012016","SRX134862","tissue specimen","M","58","III","Intestine"
"19","SRP012016","SRX134873","tissue specimen","M","69","IV","Diffuse"
"20","SRP012016","SRX134889","tissue specimen","M","83","I","Mixed"
"21","SRP012016","SRX134880","tissue specimen","M","66","Normal","Normal"
"22","SRP012016","SRX134891","tissue specimen","M","63","III","Intestine"
"23","SRP012016","SRX134874","tissue specimen","M","52","II","unknown"
"24","SRP012016","SRX134883","tissue specimen","M","61","III","Intestine"
"25","SRP012016","SRX134859","tissue specimen","M","83","I","Mixed"
"26","SRP012016","SRX134881","tissue specimen","M","52","III","Diffuse"
"27","SRP012016","SRX134900","tissue specimen","F","60","IV","Mixed"
"28","SRP012016","SRX134861","tissue specimen","M","63","III","Intestine"
"29","SRP012016","SRX134865","tissue specimen","M","76","I","Diffuse"
"30","SRP012016","SRX134890","tissue specimen","M","74","IV","Diffuse"
"31","SRP012016","SRX134875","tissue specimen","F","32","Normal","Normal"
"32","SRP012016","SRX134877","tissue specimen","F","66","I","Diffuse"
"33","SRP012016","SRX134906","tissue specimen","M","66","Normal","Normal"
"34","SRP012016","SRX134870","tissue specimen","M","37","Normal","Normal"
"35","SRP012016","SRX134869","tissue specimen","M","69","II","Diffuse"
"36","SRP012016","SRX134898","tissue specimen","M","37","Normal","Normal"
"37","SRP012016","SRX134885","tissue specimen","M","55","III","Diffuse"
"38","SRP012016","SRX134884","tissue specimen","M","64","I","Diffuse"
"39","SRP012016","SRX134882","tissue specimen","M","47","III","Intestine"
"40","SRP012016","SRX134908","tissue specimen","M","61","III","Intestine"
"41","SRP012016","SRX134909","tissue specimen","M","64","I","Diffuse"
"42","SRP012016","SRX134867","tissue specimen","M","61","I","Intestine"
"43","SRP012016","SRX134903","tissue specimen","F","32","Normal","Normal"
"44","SRP012016","SRX134911","tissue specimen","M","72","III","Diffuse"
"45","SRP012016","SRX134896","tissue specimen","M","69","Normal","Normal"
"46","SRP012016","SRX134893","tissue specimen","M","76","I","Diffuse"
"47","SRP012016","SRX134871","tissue specimen","M","56","Normal","Normal"
"48","SRP012016","SRX134863","tissue specimen","F","70","II","Diffuse"
"49","SRP012016","SRX134872","tissue specimen","F","60","IV","Mixed"
"50","SRP012016","SRX134905","tissue specimen","M","66","II","Intestine"
"51","SRP012016","SRX134902","tissue specimen","M","52","II","unknown"
"52","SRP012016","SRX134878","tissue specimen","M","66","II","Intestine"
"53","SRP012016","SRX134901","tissue specimen","M","69","IV","Diffuse"
"54","SRP012016","SRX134860","tissue specimen","M","74","IV","Diffuse"
"55","SRP012016","SRX134912","tissue specimen","M","unknown","IV","unknown"
