"","study.accession","experiment.accession","cell.line","cell.type","disease","health.state","tissue"
"1","SRP033098","SRX378556","JVM-13","haematopoietic","mantle cell lymphoma","lymphoid neoplasm","haematopoietic and lymphoid tissue"
"2","SRP033098","SRX378555","JVM-2","haematopoietic","mantle cell lymphoma","lymphoid neoplasm","haematopoietic and lymphoid tissue"
"3","SRP033098","SRX378551","Hbl-2","haematopoietic","mantle cell lymphoma","lymphoid neoplasm","haematopoietic and lymphoid tissue"
"4","SRP033098","SRX378552","Granta-519","haematopoietic","mantle cell lymphoma","lymphoid neoplasm","haematopoietic and lymphoid tissue"
"5","SRP033098","SRX378549","Rec-1","haematopoietic","mantle cell lymphoma","lymphoid neoplasm","haematopoietic and lymphoid tissue"
"6","SRP033098","SRX378548","Mino","haematopoietic","mantle cell lymphoma","lymphoid neoplasm","haematopoietic and lymphoid tissue"
"7","SRP033098","SRX378547","Jeko-1","haematopoietic","mantle cell lymphoma","lymphoid neoplasm","haematopoietic and lymphoid tissue"
"8","SRP033098","SRX378550","SP49","haematopoietic","mantle cell lymphoma","lymphoid neoplasm","haematopoietic and lymphoid tissue"
"9","SRP033098","SRX378553","Z-138","haematopoietic","mantle cell lymphoma","lymphoid neoplasm","haematopoietic and lymphoid tissue"
"10","SRP033098","SRX378554","Maver-1","haematopoietic","mantle cell lymphoma","lymphoid neoplasm","haematopoietic and lymphoid tissue"
