"","study.accession","experiment.accession","source_name","donor","disease.state","tissue","ChIP","cell.type"
"1","SRP014893","SRX178474","healthy donor, blood, EpCAM CTC-Chip","healthy donor 1","healthy","blood","EpCAM CTC-Chip","circulating tumor cell (CTC)"
"2","SRP014893","SRX178503","pancreatic cancer patient, blood, IgG CTC-Chip","pancreatic cancer patient 19","pancreatic cancer","blood","IgG CTC-Chip","circulating tumor cell (CTC)"
"3","SRP014893","SRX178489","pancreatic cancer patient, blood, IgG CTC-Chip","pancreatic cancer patient 6","pancreatic cancer","blood","IgG CTC-Chip","circulating tumor cell (CTC)"
"4","SRP014893","SRX178485","pancreatic cancer patient, blood, IgG CTC-Chip","pancreatic cancer patient 3","pancreatic cancer","blood","IgG CTC-Chip","circulating tumor cell (CTC)"
"5","SRP014893","SRX178482","pancreatic cancer patient, blood, EpCAM CTC-Chip","pancreatic cancer patient 2","pancreatic cancer","blood","EpCAM CTC-Chip","circulating tumor cell (CTC)"
"6","SRP014893","SRX178478","healthy donor, blood, EpCAM CTC-Chip","healthy donor 3","healthy","blood","EpCAM CTC-Chip","circulating tumor cell (CTC)"
"7","SRP014893","SRX178480","healthy donor, blood, EpCAM CTC-Chip","healthy donor 4","healthy","blood","EpCAM CTC-Chip","circulating tumor cell (CTC)"
"8","SRP014893","SRX178505","pancreatic cancer patient, blood, IgG CTC-Chip","pancreatic cancer patient 20","pancreatic cancer","blood","IgG CTC-Chip","circulating tumor cell (CTC)"
"9","SRP014893","SRX178475","healthy donor, blood, IgG CTC-Chip","healthy donor 1","healthy","blood","IgG CTC-Chip","circulating tumor cell (CTC)"
"10","SRP014893","SRX178476","healthy donor, blood, EpCAM CTC-Chip","healthy donor 2","healthy","blood","EpCAM CTC-Chip","circulating tumor cell (CTC)"
"11","SRP014893","SRX178490","pancreatic cancer patient, blood, EpCAM CTC-Chip","pancreatic cancer patient 7","pancreatic cancer","blood","EpCAM CTC-Chip","circulating tumor cell (CTC)"
"12","SRP014893","SRX178488","pancreatic cancer patient, blood, EpCAM CTC-Chip","pancreatic cancer patient 6","pancreatic cancer","blood","EpCAM CTC-Chip","circulating tumor cell (CTC)"
"13","SRP014893","SRX178477","healthy donor, blood, IgG CTC-Chip","healthy donor 2","healthy","blood","IgG CTC-Chip","circulating tumor cell (CTC)"
"14","SRP014893","SRX178492","pancreatic cancer patient, blood, EpCAM CTC-Chip","pancreatic cancer patient 9","pancreatic cancer","blood","EpCAM CTC-Chip","circulating tumor cell (CTC)"
"15","SRP014893","SRX178495","pancreatic cancer patient, blood, IgG CTC-Chip","pancreatic cancer patient 11","pancreatic cancer","blood","IgG CTC-Chip","circulating tumor cell (CTC)"
"16","SRP014893","SRX178494","pancreatic cancer patient, blood, EpCAM CTC-Chip","pancreatic cancer patient 11","pancreatic cancer","blood","EpCAM CTC-Chip","circulating tumor cell (CTC)"
"17","SRP014893","SRX178487","pancreatic cancer patient, blood, IgG CTC-Chip","pancreatic cancer patient 4","pancreatic cancer","blood","IgG CTC-Chip","circulating tumor cell (CTC)"
"18","SRP014893","SRX178498","pancreatic cancer patient, blood, EpCAM CTC-Chip","pancreatic cancer patient 16","pancreatic cancer","blood","EpCAM CTC-Chip","circulating tumor cell (CTC)"
"19","SRP014893","SRX178486","pancreatic cancer patient, blood, EpCAM CTC-Chip","pancreatic cancer patient 4","pancreatic cancer","blood","EpCAM CTC-Chip","circulating tumor cell (CTC)"
"20","SRP014893","SRX178484","pancreatic cancer patient, blood, EpCAM CTC-Chip","pancreatic cancer patient 3","pancreatic cancer","blood","EpCAM CTC-Chip","circulating tumor cell (CTC)"
"21","SRP014893","SRX178496","pancreatic cancer patient, blood, EpCAM CTC-Chip","pancreatic cancer patient 12","pancreatic cancer","blood","EpCAM CTC-Chip","circulating tumor cell (CTC)"
"22","SRP014893","SRX178479","healthy donor, blood, IgG CTC-Chip","healthy donor 3","healthy","blood","IgG CTC-Chip","circulating tumor cell (CTC)"
"23","SRP014893","SRX178501","pancreatic cancer patient, blood, IgG CTC-Chip","pancreatic cancer patient 18","pancreatic cancer","blood","IgG CTC-Chip","circulating tumor cell (CTC)"
"24","SRP014893","SRX178500","pancreatic cancer patient, blood, EpCAM CTC-Chip","pancreatic cancer patient 18","pancreatic cancer","blood","EpCAM CTC-Chip","circulating tumor cell (CTC)"
"25","SRP014893","SRX178504","pancreatic cancer patient, blood, EpCAM CTC-Chip","pancreatic cancer patient 20","pancreatic cancer","blood","EpCAM CTC-Chip","circulating tumor cell (CTC)"
"26","SRP014893","SRX178481","healthy donor, blood, IgG CTC-Chip","healthy donor 4","healthy","blood","IgG CTC-Chip","circulating tumor cell (CTC)"
"27","SRP014893","SRX178491","pancreatic cancer patient, blood, IgG CTC-Chip","pancreatic cancer patient 7","pancreatic cancer","blood","IgG CTC-Chip","circulating tumor cell (CTC)"
"28","SRP014893","SRX178497","pancreatic cancer patient, blood, IgG CTC-Chip","pancreatic cancer patient 12","pancreatic cancer","blood","IgG CTC-Chip","circulating tumor cell (CTC)"
"29","SRP014893","SRX178499","pancreatic cancer patient, blood, IgG CTC-Chip","pancreatic cancer patient 16","pancreatic cancer","blood","IgG CTC-Chip","circulating tumor cell (CTC)"
"30","SRP014893","SRX178493","pancreatic cancer patient, blood, IgG CTC-Chip","pancreatic cancer patient 9","pancreatic cancer","blood","IgG CTC-Chip","circulating tumor cell (CTC)"
"31","SRP014893","SRX178483","pancreatic cancer patient, blood, IgG CTC-Chip","pancreatic cancer patient 2","pancreatic cancer","blood","IgG CTC-Chip","circulating tumor cell (CTC)"
"32","SRP014893","SRX178502","pancreatic cancer patient, blood, EpCAM CTC-Chip","pancreatic cancer patient 19","pancreatic cancer","blood","EpCAM CTC-Chip","circulating tumor cell (CTC)"
