"","study.accession","experiment.accession","source_name","tissue","source"
"1","SRP041063","SRX514723","CR tumor specimens were obtained from SBU patients","colorectal cancer tumor","SBU patients"
"2","SRP041063","SRX514725","CR tumor specimens were obtained from SBU patients","colorectal cancer tumor","SBU patients"
"3","SRP041063","SRX514724","CR tumor specimens were obtained from SBU patients","colorectal cancer tumor","SBU patients"
"4","SRP041063","SRX514726","CR tumor specimens were obtained from SBU patients","colorectal cancer tumor","SBU patients"
