"","study.accession","experiment.accession","isolate","age","biomaterial_provider","sex","tissue","ethnicity","BioSampleModel"
"1","SRP062885","SRX1306870","HCC Sample 12","0","Department of Pathology, The University of Hong Kong","missing","Liver","Chinese","Human"
"2","SRP062885","SRX1306886","HCC Sample 28","0","Department of Pathology, The University of Hong Kong","missing","Liver","Chinese","Human"
"3","SRP062885","SRX1306859","HCC Sample 1","0","Department of Pathology, The University of Hong Kong","missing","Liver","Chinese","Human"
"4","SRP062885","SRX1306862","HCC Sample 4","0","Department of Pathology, The University of Hong Kong","missing","Liver","Chinese","Human"
"5","SRP062885","SRX1306885","HCC Sample 27","0","Department of Pathology, The University of Hong Kong","missing","Liver","Chinese","Human"
"6","SRP062885","SRX1306876","HCC Sample 18","0","Department of Pathology, The University of Hong Kong","missing","Liver","Chinese","Human"
"7","SRP062885","SRX1306877","HCC Sample 19","0","Department of Pathology, The University of Hong Kong","missing","Liver","Chinese","Human"
"8","SRP062885","SRX1306861","HCC Sample 3","0","Department of Pathology, The University of Hong Kong","missing","Liver","Chinese","Human"
"9","SRP062885","SRX1306874","HCC Sample 16","0","Department of Pathology, The University of Hong Kong","missing","Liver","Chinese","Human"
"10","SRP062885","SRX1306869","HCC Sample 11","0","Department of Pathology, The University of Hong Kong","missing","Liver","Chinese","Human"
"11","SRP062885","SRX1306868","HCC Sample 10","0","Department of Pathology, The University of Hong Kong","missing","Liver","Chinese","Human"
"12","SRP062885","SRX1306883","HCC Sample 25","0","Department of Pathology, The University of Hong Kong","missing","Liver","Chinese","Human"
"13","SRP062885","SRX1306884","HCC Sample 26","0","Department of Pathology, The University of Hong Kong","missing","Liver","Chinese","Human"
"14","SRP062885","SRX1306881","HCC Sample 23","0","Department of Pathology, The University of Hong Kong","missing","Liver","Chinese","Human"
"15","SRP062885","SRX1306875","HCC Sample 17","0","Department of Pathology, The University of Hong Kong","missing","Liver","Chinese","Human"
"16","SRP062885","SRX1306872","HCC Sample 14","0","Department of Pathology, The University of Hong Kong","missing","Liver","Chinese","Human"
"17","SRP062885","SRX1306889","HCC Sample 31","0","Department of Pathology, The University of Hong Kong","missing","Liver","Chinese","Human"
"18","SRP062885","SRX1306871","HCC Sample 13","0","Department of Pathology, The University of Hong Kong","missing","Liver","Chinese","Human"
"19","SRP062885","SRX1306860","HCC Sample 2","0","Department of Pathology, The University of Hong Kong","missing","Liver","Chinese","Human"
"20","SRP062885","SRX1306866","HCC Sample 8","0","Department of Pathology, The University of Hong Kong","missing","Liver","Chinese","Human"
"21","SRP062885","SRX1306865","HCC Sample 7","0","Department of Pathology, The University of Hong Kong","missing","Liver","Chinese","Human"
"22","SRP062885","SRX1306873","HCC Sample 15","0","Department of Pathology, The University of Hong Kong","missing","Liver","Chinese","Human"
"23","SRP062885","SRX1306864","HCC Sample 6","0","Department of Pathology, The University of Hong Kong","missing","Liver","Chinese","Human"
"24","SRP062885","SRX1306890","HCC Sample 32","0","Department of Pathology, The University of Hong Kong","missing","Liver","Chinese","Human"
"25","SRP062885","SRX1306867","HCC Sample 9","0","Department of Pathology, The University of Hong Kong","missing","Liver","Chinese","Human"
"26","SRP062885","SRX1306880","HCC Sample 22","0","Department of Pathology, The University of Hong Kong","missing","Liver","Chinese","Human"
"27","SRP062885","SRX1306887","HCC Sample 29","0","Department of Pathology, The University of Hong Kong","missing","Liver","Chinese","Human"
"28","SRP062885","SRX1306882","HCC Sample 24","0","Department of Pathology, The University of Hong Kong","missing","Liver","Chinese","Human"
"29","SRP062885","SRX1306863","HCC Sample 5","0","Department of Pathology, The University of Hong Kong","missing","Liver","Chinese","Human"
"30","SRP062885","SRX1306888","HCC Sample 30","0","Department of Pathology, The University of Hong Kong","missing","Liver","Chinese","Human"
"31","SRP062885","SRX1306879","HCC Sample 21","0","Department of Pathology, The University of Hong Kong","missing","Liver","Chinese","Human"
"32","SRP062885","SRX1306878","HCC Sample 20","0","Department of Pathology, The University of Hong Kong","missing","Liver","Chinese","Human"
