"","study.accession","experiment.accession","source_name","patient","pathology","cell.type"
"1","SRP028180","SRX327381","Normal basal cells","Patient 1","Normal","Normal basal cells"
"2","SRP028180","SRX327380","Normal basal cells","Patient 1","Normal","Normal basal cells"
"3","SRP028180","SRX327391","Normal basal cells","Patient 3","Normal","Normal basal cells"
"4","SRP028180","SRX327401","Squamous cell carcinoma","Patient 4","Tumor","Squamous cell carcinoma"
"5","SRP028180","SRX327387","Premalignant lesion","Patient 2","Premalignant","Premalignant lesion"
"6","SRP028180","SRX327402","Squamous cell carcinoma","Patient 4","Tumor","Squamous cell carcinoma"
"7","SRP028180","SRX327399","Premalignant lesion","Patient 4","Premalignant","Premalignant lesion"
"8","SRP028180","SRX327395","Squamous cell carcinoma","Patient 3","Tumor","Squamous cell carcinoma"
"9","SRP028180","SRX327398","Normal basal cells","Patient 4","Normal","Normal basal cells"
"10","SRP028180","SRX327403","Squamous cell carcinoma","Patient 4","Tumor","Squamous cell carcinoma"
"11","SRP028180","SRX327400","Premalignant lesion","Patient 4","Premalignant","Premalignant lesion"
"12","SRP028180","SRX327386","Normal basal cells","Patient 2","Normal","Normal basal cells"
"13","SRP028180","SRX327385","Squamous cell carcinoma","Patient 1","Tumor","Squamous cell carcinoma"
"14","SRP028180","SRX327390","Squamous cell carcinoma","Patient 2","Tumor","Squamous cell carcinoma"
"15","SRP028180","SRX327383","Premalignant lesion","Patient 1","Premalignant","Premalignant lesion"
"16","SRP028180","SRX327384","Squamous cell carcinoma","Patient 1","Tumor","Squamous cell carcinoma"
"17","SRP028180","SRX327388","Premalignant lesion","Patient 2","Premalignant","Premalignant lesion"
"18","SRP028180","SRX327392","Premalignant lesion","Patient 3","Premalignant","Premalignant lesion"
"19","SRP028180","SRX327389","Squamous cell carcinoma","Patient 2","Tumor","Squamous cell carcinoma"
"20","SRP028180","SRX327382","Normal basal cells","Patient 1","Normal","Normal basal cells"
"21","SRP028180","SRX327393","Premalignant lesion","Patient 3","Premalignant","Premalignant lesion"
"22","SRP028180","SRX327397","Normal basal cells","Patient 4","Normal","Normal basal cells"
"23","SRP028180","SRX327394","Squamous cell carcinoma","Patient 3","Tumor","Squamous cell carcinoma"
"24","SRP028180","SRX327396","Squamous cell carcinoma","Patient 3","Tumor","Squamous cell carcinoma"
