"","study.accession","experiment.accession","source_name","cell.line","cell.type","treatment"
"1","SRP031478","SRX365387","tongue squamous cell carcinoma","SCC-9","tongue squamous cell carcinoma","1 <U+00B5>M retinoic acid (RA)"
"2","SRP031478","SRX365387","tongue squamous cell carcinoma","SCC-9","tongue squamous cell carcinoma","1 <U+00B5>M retinoic acid (RA)"
"3","SRP031478","SRX365384","immortalized oral keratinocytes","OKF6-TERT1R","immortalized oral keratinocytes","vehicle: 0.1% ethanol"
"4","SRP031478","SRX365385","immortalized oral keratinocytes","OKF6-TERT1R","immortalized oral keratinocytes","1 <U+00B5>M retinoic acid (RA)"
"5","SRP031478","SRX365385","immortalized oral keratinocytes","OKF6-TERT1R","immortalized oral keratinocytes","1 <U+00B5>M retinoic acid (RA)"
"6","SRP031478","SRX365384","immortalized oral keratinocytes","OKF6-TERT1R","immortalized oral keratinocytes","vehicle: 0.1% ethanol"
"7","SRP031478","SRX365385","immortalized oral keratinocytes","OKF6-TERT1R","immortalized oral keratinocytes","1 <U+00B5>M retinoic acid (RA)"
"8","SRP031478","SRX365384","immortalized oral keratinocytes","OKF6-TERT1R","immortalized oral keratinocytes","vehicle: 0.1% ethanol"
"9","SRP031478","SRX365386","tongue squamous cell carcinoma","SCC-9","tongue squamous cell carcinoma","vehicle: 0.1% ethanol"
"10","SRP031478","SRX365387","tongue squamous cell carcinoma","SCC-9","tongue squamous cell carcinoma","1 <U+00B5>M retinoic acid (RA)"
"11","SRP031478","SRX365386","tongue squamous cell carcinoma","SCC-9","tongue squamous cell carcinoma","vehicle: 0.1% ethanol"
"12","SRP031478","SRX365386","tongue squamous cell carcinoma","SCC-9","tongue squamous cell carcinoma","vehicle: 0.1% ethanol"
