"","study.accession","experiment.accession","source_name","tissue","time.point"
"1","SRP026387","SRX316655","TRUSS-guided prostatic biopsy of clinically advanced/metastatic prostate cancer tissue","Prostate Tumour","Pre-treament"
"2","SRP026387","SRX316666","TRUSS-guided prostatic biopsy of clinically advanced/metastatic prostate cancer tissue","Prostate Tumour","Post-Treatment"
"3","SRP026387","SRX316653","TRUSS-guided prostatic biopsy of clinically advanced/metastatic prostate cancer tissue","Prostate Tumour","Pre-treament"
"4","SRP026387","SRX316656","TRUSS-guided prostatic biopsy of clinically advanced/metastatic prostate cancer tissue","Prostate Tumour","Pre-treament"
"5","SRP026387","SRX316661","TRUSS-guided prostatic biopsy of clinically advanced/metastatic prostate cancer tissue","Prostate Tumour","Post-Treatment"
"6","SRP026387","SRX316657","TRUSS-guided prostatic biopsy of clinically advanced/metastatic prostate cancer tissue","Prostate Tumour","Pre-treament"
"7","SRP026387","SRX316654","TRUSS-guided prostatic biopsy of clinically advanced/metastatic prostate cancer tissue","Prostate Tumour","Pre-treament"
"8","SRP026387","SRX316660","TRUSS-guided prostatic biopsy of clinically advanced/metastatic prostate cancer tissue","Prostate Tumour","Post-Treatment"
"9","SRP026387","SRX316659","TRUSS-guided prostatic biopsy of clinically advanced/metastatic prostate cancer tissue","Prostate Tumour","Pre-treament"
"10","SRP026387","SRX316665","TRUSS-guided prostatic biopsy of clinically advanced/metastatic prostate cancer tissue","Prostate Tumour","Post-Treatment"
"11","SRP026387","SRX316662","TRUSS-guided prostatic biopsy of clinically advanced/metastatic prostate cancer tissue","Prostate Tumour","Post-Treatment"
"12","SRP026387","SRX316663","TRUSS-guided prostatic biopsy of clinically advanced/metastatic prostate cancer tissue","Prostate Tumour","Post-Treatment"
"13","SRP026387","SRX316664","TRUSS-guided prostatic biopsy of clinically advanced/metastatic prostate cancer tissue","Prostate Tumour","Post-Treatment"
"14","SRP026387","SRX316658","TRUSS-guided prostatic biopsy of clinically advanced/metastatic prostate cancer tissue","Prostate Tumour","Pre-treament"
