"","study.accession","experiment.accession","source_name","cell.line","phenotype"
"1","SRP045432","SRX675575","Cell line","IMIM-PC-2","MN58b Resistant"
"2","SRP045432","SRX675577","Cell line","IMIM-PC-2","MN58b Resistant"
"3","SRP045432","SRX675573","Cell line","IMIM-PC-2","MN58b Sensitive"
"4","SRP045432","SRX675572","Cell line","IMIM-PC-2","MN58b Sensitive"
"5","SRP045432","SRX675576","Cell line","IMIM-PC-2","MN58b Resistant"
"6","SRP045432","SRX675574","Cell line","IMIM-PC-2","MN58b Sensitive"
