"","study.accession","experiment.accession","source_name","cell.type","tissue"
"1","SRP022025","SRX273276","Bone marrow, early promyelocytes","early promyelocytes","Bone Marrow, Iliac Crest"
"2","SRP022025","SRX273278","Bone marrow, leukemic blasts","leukemic blasts","Bone Marrow, Iliac Crest"
"3","SRP022025","SRX273277","Bone marrow, leukemic blasts","leukemic blasts","Bone Marrow, Iliac Crest"
"4","SRP022025","SRX273275","Bone marrow, early promyelocytes","early promyelocytes","Bone Marrow, Iliac Crest"
