"","study.accession","experiment.accession","source_name","cell.line","genotype"
"1","SRP059266","SRX1053885","Leukemia cells","K562","FLT3 haplo-insufficiency"
"2","SRP059266","SRX1053882","Leukemia cells","K562","FLT3 wild type"
"3","SRP059266","SRX1053883","Leukemia cells","K562","FLT3 wild type"
"4","SRP059266","SRX1053884","Leukemia cells","K562","FLT3 haplo-insufficiency"
"5","SRP059266","SRX1053881","Leukemia cells","K562","FLT3 wild type"
"6","SRP059266","SRX1053886","Leukemia cells","K562","FLT3 haplo-insufficiency"
