"","study.accession","experiment.accession","source_name","tissue","cell.type","parity"
"1","SRP008218","SRX259974","expression library from cd44+ cells from BRCA1 and BRCA2 mutation carriers","mammary gland","cd44+ cells from BRCA2 mutation carrier",NA
"2","SRP008218","SRX097138","human CD24+ breast epithelial cells","breast","bead purified CD24+ epithelial cells","nulliparous"
"3","SRP008218","SRX097124","human breast stromal cells","breast","bead purified stromal cells","nulliparous"
"4","SRP008218","SRX259978","expression library from cd44+ cells from BRCA1 and BRCA2 mutation carriers","mammary gland","cd44+ cells from BRCA1 mutation carrier",NA
"5","SRP008218","SRX097129","human breast stromal cells","breast","bead purified stromal cells","parous"
"6","SRP008218","SRX097137","human CD44+ breast progenitor cells","breast","bead purified CD44+ progenitor cells","nulliparous"
"7","SRP008218","SRX259977","expression library from cd44+ cells from BRCA1 and BRCA2 mutation carriers","mammary gland","cd44+ cells from BRCA1 mutation carrier",NA
"8","SRP008218","SRX097125","human breast stromal cells","breast","bead purified stromal cells","nulliparous"
"9","SRP008218","SRX097134","human CD10+ breast myoepithelial cells","breast","bead purified CD10+ myoepithelial cells","parous"
"10","SRP008218","SRX097131","human CD10+ breast myoepithelial cells","breast","bead purified CD10+ myoepithelial cells","nulliparous"
"11","SRP008218","SRX097133","human CD10+ breast myoepithelial cells","breast","bead purified CD10+ myoepithelial cells","parous"
"12","SRP008218","SRX097135","human CD10+ breast myoepithelial cells","breast","bead purified CD10+ myoepithelial cells","parous"
"13","SRP008218","SRX097139","human CD44+ breast progenitor cells","breast","bead purified CD44+ progenitor cells","nulliparous"
"14","SRP008218","SRX259975","expression library from cd44+ cells from BRCA1 and BRCA2 mutation carriers","mammary gland","cd44+ cells from BRCA2 mutation carrier",NA
"15","SRP008218","SRX097127","human breast stromal cells","breast","bead purified stromal cells","parous"
"16","SRP008218","SRX097128","human breast stromal cells","breast","bead purified stromal cells","parous"
"17","SRP008218","SRX097130","human CD10+ breast myoepithelial cells","breast","bead purified CD10+ myoepithelial cells","nulliparous"
"18","SRP008218","SRX097126","human breast stromal cells","breast","bead purified stromal cells","nulliparous"
"19","SRP008218","SRX097136","human CD24+ breast epithelial cells","breast","bead purified CD24+ epithelial cells","nulliparous"
"20","SRP008218","SRX259976","expression library from cd44+ cells from BRCA1 and BRCA2 mutation carriers","mammary gland","cd44+ cells from BRCA2 mutation carrier",NA
"21","SRP008218","SRX259979","expression library from cd44+ cells from BRCA1 and BRCA2 mutation carriers","mammary gland","cd44+ cells from BRCA1 mutation carrier",NA
"22","SRP008218","SRX097132","human CD10+ breast myoepithelial cells","breast","bead purified CD10+ myoepithelial cells","nulliparous"
