"","study.accession","experiment.accession","source_name","cell.line","cell.type","genotype.variation"
"1","SRP032456","SRX372076","MDA_OVOL1&2","MDA","breast cancer cells","OVOL1_and_OVOL2_overexpressed"
"2","SRP032456","SRX372077","MDA_OVOL1&2","MDA","breast cancer cells","OVOL1_and_OVOL2_overexpressed"
"3","SRP032456","SRX372073","MDA_OVOL1","MDA","breast cancer cells","OVOL1_overexpressed"
"4","SRP032456","SRX372072","MDA_OVOL1","MDA","breast cancer cells","OVOL1_overexpressed"
"5","SRP032456","SRX372075","MDA_OVOL2","MDA","breast cancer cells","OVOL2_overexpressed"
"6","SRP032456","SRX372074","MDA_OVOL2","MDA","breast cancer cells","OVOL2_overexpressed"
"7","SRP032456","SRX372071","MDA_CTRL","MDA","breast cancer cells","Control"
"8","SRP032456","SRX372070","MDA_CTRL","MDA","breast cancer cells","Control"
