"","study.accession","experiment.accession","source_name","cell.line","cell.line.origin","cell.type","transfected.with"
"1","SRP045322","SRX671587","HER2 siRNA knockdown","BT-474","female caucasian with ductal carcinoma","breast cancer cell line","HER2-specific siRNAs"
"2","SRP045322","SRX671585","Neg Control siRNA","BT-474","female caucasian with ductal carcinoma","breast cancer cell line","negative control siRNAs"
"3","SRP045322","SRX671588","HER2 siRNA knockdown","BT-474","female caucasian with ductal carcinoma","breast cancer cell line","HER2-specific siRNAs"
"4","SRP045322","SRX671587","HER2 siRNA knockdown","BT-474","female caucasian with ductal carcinoma","breast cancer cell line","HER2-specific siRNAs"
"5","SRP045322","SRX671584","Neg Control siRNA","BT-474","female caucasian with ductal carcinoma","breast cancer cell line","negative control siRNAs"
"6","SRP045322","SRX671586","HER2 siRNA knockdown","BT-474","female caucasian with ductal carcinoma","breast cancer cell line","HER2-specific siRNAs"
"7","SRP045322","SRX671583","Neg Control siRNA","BT-474","female caucasian with ductal carcinoma","breast cancer cell line","negative control siRNAs"
"8","SRP045322","SRX671588","HER2 siRNA knockdown","BT-474","female caucasian with ductal carcinoma","breast cancer cell line","HER2-specific siRNAs"
"9","SRP045322","SRX671583","Neg Control siRNA","BT-474","female caucasian with ductal carcinoma","breast cancer cell line","negative control siRNAs"
"10","SRP045322","SRX671584","Neg Control siRNA","BT-474","female caucasian with ductal carcinoma","breast cancer cell line","negative control siRNAs"
"11","SRP045322","SRX671585","Neg Control siRNA","BT-474","female caucasian with ductal carcinoma","breast cancer cell line","negative control siRNAs"
"12","SRP045322","SRX671586","HER2 siRNA knockdown","BT-474","female caucasian with ductal carcinoma","breast cancer cell line","HER2-specific siRNAs"
