"","study.accession","experiment.accession","source_name","tissue.storage","tissue","histology","sex","age"
"1","SRP020495","SRX259638","Breast","FFPE","Breast","Invasive ductal carcinoma","F","68"
"2","SRP020495","SRX259644","Prostate","FFPE","Prostate","Adenocarcinoma","M","78"
"3","SRP020495","SRX259641","Thigh, left posterior","FFPE","Thigh, left posterior","Sarcoma","M","39"
"4","SRP020495","SRX259635","Lung","Frozen","Lung","Adenocarcinoma","M","43"
"5","SRP020495","SRX259642","Breast","FFPE","Breast","Invasive ductal carcinoma","F","50"
"6","SRP020495","SRX259637","Kidney","FFPE","Kidney","Clear Cell Carcinoma<U+00A0>","F","75"
"7","SRP020495","SRX259630","Breast","Frozen","Breast","Invasive ductal carcinoma","F","68"
"8","SRP020495","SRX259629","Kidney","Frozen","Kidney","Clear Cell Carcinoma<U+00A0>","F","75"
"9","SRP020495","SRX259631","Kidney","Frozen","Kidney","Clear Cell Carcinoma","F","67"
"10","SRP020495","SRX259643","Lung","FFPE","Lung","Adenocarcinoma","M","43"
"11","SRP020495","SRX259640","Pelvis","FFPE","Pelvis","Metastatic Melanoma","M","43"
"12","SRP020495","SRX259636","Prostate","Frozen","Prostate","Adenocarcinoma","M","78"
"13","SRP020495","SRX259633","Thigh, left posterior","Frozen","Thigh, left posterior","Sarcoma","M","39"
"14","SRP020495","SRX259634","Breast","Frozen","Breast","Invasive ductal carcinoma","F","50"
"15","SRP020495","SRX259632","Pelvis","Frozen","Pelvis","Metastatic Melanoma","M","43"
"16","SRP020495","SRX259639","Kidney","FFPE","Kidney","Clear Cell Carcinoma","F","67"
