"","study.accession","experiment.accession","source_name","cell.line","cell.type","treatment","chip.antibody"
"1","SRP056552","SRX968998","MCF7 cells, E2, Expt3","MCF7","breast cancer cell line","E2",NA
"2","SRP056552","SRX969002","MCF7 cells, E2+TOT+IL1b, Expt3","MCF7","breast cancer cell line","E2+TOT+IL1b",NA
"3","SRP056552","SRX968971","MCF7 cells, Veh, p65 ChIP","MCF7","breast cancer cell line","vehicle","p65 (Vendor: Santa Cruz, cat# sc-372, lot# D0604)"
"4","SRP056552","SRX968966","MCF7 cells, IL1b, 45m, ERa ChIP","MCF7","breast cancer cell line","IL1b for 45m","ERa (Vendor: Santa Cruz, cat# sc-543, lot# C2114)"
"5","SRP056552","SRX968979","MCF7 cells, Veh, Expt1","MCF7","breast cancer cell line","vehicle",NA
"6","SRP056552","SRX968972","MCF7 cells, Veh, p65 ChIP","MCF7","breast cancer cell line","vehicle","p65 (Vendor: Santa Cruz, cat# sc-372, lot# D0604)"
"7","SRP056552","SRX968975","MCF7 cells, IL1b, 45m, p65 ChIP","MCF7","breast cancer cell line","IL1b for 45m","p65 (Vendor: Santa Cruz, cat# sc-372, lot# D0604)"
"8","SRP056552","SRX968992","MCF7 cells, TNFa, 3h, Expt2","MCF7","breast cancer cell line","TNFa for 3h",NA
"9","SRP056552","SRX968987","MCF7 cells, IL1b+ICI, 3h, Expt1","MCF7","breast cancer cell line","IL1b+ICI for 3h",NA
"10","SRP056552","SRX969013","MCF7 cells, E2+ICI, ERa ChIP","MCF7","breast cancer cell line","E2+ICI","ERa (Vendor: Santa Cruz, cat# sc-543, lot# C2114)"
"11","SRP056552","SRX968967","MCF7 cells, TNFa, 45m, ERa ChIP","MCF7","breast cancer cell line","TNFa for 45m","ERa (Vendor: Santa Cruz, cat# sc-543, lot# C2114)"
"12","SRP056552","SRX968991","MCF7 cells, TNFa, 3h, Expt2","MCF7","breast cancer cell line","TNFa for 3h",NA
"13","SRP056552","SRX968969","MCF7 cells, IKK7, ERa ChIP","MCF7","breast cancer cell line","IKK7","ERa (Vendor: Santa Cruz, cat# sc-543, lot# C2114)"
"14","SRP056552","SRX968974","MCF7 cells, E2, 45m, p65 ChIP","MCF7","breast cancer cell line","E2 for 45m","p65 (Vendor: Santa Cruz, cat# sc-372, lot# D0604)"
"15","SRP056552","SRX969015","MCF7 cells, E2+ICI, ERa ChIP","MCF7","breast cancer cell line","E2+ICI","ERa (Vendor: Santa Cruz, cat# sc-543, lot# C2114)"
"16","SRP056552","SRX968994","MCF7 cells, TNFa+ICI, 3h, Expt2","MCF7","breast cancer cell line","TNFa+ICI for 3h",NA
"17","SRP056552","SRX968990","MCF7 cells, Veh, Expt2","MCF7","breast cancer cell line","vehicle",NA
"18","SRP056552","SRX968961","MCF7 cells, Veh, ERa ChIP","MCF7","breast cancer cell line","vehicle","ERa (Vendor: Santa Cruz, cat# sc-543, lot# C2114)"
"19","SRP056552","SRX968980","MCF7 cells, Veh, Expt1","MCF7","breast cancer cell line","vehicle",NA
"20","SRP056552","SRX968985","MCF7 cells, IL1b, 3h, Expt1","MCF7","breast cancer cell line","IL1b for 3h",NA
"21","SRP056552","SRX968996","MCF7 cells, Veh, Expt3","MCF7","breast cancer cell line","vehicle",NA
"22","SRP056552","SRX968964","MCF7 cells, E2, 45m, ERa ChIP","MCF7","breast cancer cell line","E2 for 45m","ERa (Vendor: Santa Cruz, cat# sc-543, lot# C2114)"
"23","SRP056552","SRX968988","MCF7 cells, IL1b+ICI, 3h, Expt1","MCF7","breast cancer cell line","IL1b+ICI for 3h",NA
"24","SRP056552","SRX969000","MCF7 cells, E2+TOT, Expt3","MCF7","breast cancer cell line","E2+TOT",NA
"25","SRP056552","SRX968981","MCF7 cells, E2, 3h, Expt1","MCF7","breast cancer cell line","E2 for 3h",NA
"26","SRP056552","SRX969008","MCF7 cells, E2, 30m","MCF7","breast cancer cell line","E2 for 30m",NA
"27","SRP056552","SRX969011","MCF7 cells, TNFa, 30m","MCF7","breast cancer cell line","TNFa for 30m",NA
"28","SRP056552","SRX968965","MCF7 cells, IL1b, 45m, ERa ChIP","MCF7","breast cancer cell line","IL1b for 45m","ERa (Vendor: Santa Cruz, cat# sc-543, lot# C2114)"
"29","SRP056552","SRX968997","MCF7 cells, E2, Expt3","MCF7","breast cancer cell line","E2",NA
"30","SRP056552","SRX968977","MCF7 cells, TNFa, 45m, p65 ChIP","MCF7","breast cancer cell line","TNFa for 45m","p65 (Vendor: Santa Cruz, cat# sc-372, lot# D0604)"
"31","SRP056552","SRX968995","MCF7 cells, Veh, Expt3","MCF7","breast cancer cell line","vehicle",NA
"32","SRP056552","SRX969005","MCF7 cells, Veh","MCF7","breast cancer cell line","vehicle",NA
"33","SRP056552","SRX968993","MCF7 cells, TNFa+ICI, 3h, Expt2","MCF7","breast cancer cell line","TNFa+ICI for 3h",NA
"34","SRP056552","SRX968984","MCF7 cells, E2+ICI, 3h, Expt1","MCF7","breast cancer cell line","E2+ICI for 3h",NA
"35","SRP056552","SRX969007","MCF7 cells, E2, 30m","MCF7","breast cancer cell line","E2 for 30m",NA
"36","SRP056552","SRX969010","MCF7 cells, IL1b, 30m","MCF7","breast cancer cell line","IL1b for 30m",NA
"37","SRP056552","SRX968973","MCF7 cells, E2, 45m, p65 ChIP","MCF7","breast cancer cell line","E2 for 45m","p65 (Vendor: Santa Cruz, cat# sc-372, lot# D0604)"
"38","SRP056552","SRX968999","MCF7 cells, E2+TOT, Expt3","MCF7","breast cancer cell line","E2+TOT",NA
"39","SRP056552","SRX968978","MCF7 cells, TNFa, 45m, p65 ChIP","MCF7","breast cancer cell line","TNFa for 45m","p65 (Vendor: Santa Cruz, cat# sc-372, lot# D0604)"
"40","SRP056552","SRX968982","MCF7 cells, E2, 3h, Expt1","MCF7","breast cancer cell line","E2 for 3h",NA
"41","SRP056552","SRX969001","MCF7 cells, E2+TOT+IL1b, Expt3","MCF7","breast cancer cell line","E2+TOT+IL1b",NA
"42","SRP056552","SRX969004","MCF7 cells, E2+TOT+TNFa, Expt3","MCF7","breast cancer cell line","E2+TOT+TNFa",NA
"43","SRP056552","SRX969012","MCF7 cells, TNFa, 30m","MCF7","breast cancer cell line","TNFa for 30m",NA
"44","SRP056552","SRX968970","MCF7 cells, IL1b+IKK7, ERa ChIP","MCF7","breast cancer cell line","IL1b+IKK7","ERa (Vendor: Santa Cruz, cat# sc-543, lot# C2114)"
"45","SRP056552","SRX968986","MCF7 cells, IL1b, 3h, Expt1","MCF7","breast cancer cell line","IL1b for 3h",NA
"46","SRP056552","SRX969009","MCF7 cells, IL1b, 30m","MCF7","breast cancer cell line","IL1b for 30m",NA
"47","SRP056552","SRX969006","MCF7 cells, Veh","MCF7","breast cancer cell line","vehicle",NA
"48","SRP056552","SRX968963","MCF7 cells, E2, 45m, ERa ChIP","MCF7","breast cancer cell line","E2 for 45m","ERa (Vendor: Santa Cruz, cat# sc-543, lot# C2114)"
"49","SRP056552","SRX968976","MCF7 cells, IL1b, 45m, p65 ChIP","MCF7","breast cancer cell line","IL1b for 45m","p65 (Vendor: Santa Cruz, cat# sc-372, lot# D0604)"
"50","SRP056552","SRX969016","MCF7 cells, IL1b+ICI, ERa ChIP","MCF7","breast cancer cell line","IL1b+ICI","ERa (Vendor: Santa Cruz, cat# sc-543, lot# C2114)"
"51","SRP056552","SRX969003","MCF7 cells, E2+TOT+TNFa, Expt3","MCF7","breast cancer cell line","E2+TOT+TNFa",NA
"52","SRP056552","SRX968989","MCF7 cells, Veh, Expt2","MCF7","breast cancer cell line","vehicle",NA
"53","SRP056552","SRX969014","MCF7 cells, IL1b+ICI, ERa ChIP","MCF7","breast cancer cell line","IL1b+ICI","ERa (Vendor: Santa Cruz, cat# sc-543, lot# C2114)"
"54","SRP056552","SRX968983","MCF7 cells, E2+ICI, 3h, Expt1","MCF7","breast cancer cell line","E2+ICI for 3h",NA
"55","SRP056552","SRX968968","MCF7 cells, TNFa, 45m, ERa ChIP","MCF7","breast cancer cell line","TNFa for 45m","ERa (Vendor: Santa Cruz, cat# sc-543, lot# C2114)"
"56","SRP056552","SRX968962","MCF7 cells, Veh, ERa ChIP","MCF7","breast cancer cell line","vehicle","ERa (Vendor: Santa Cruz, cat# sc-543, lot# C2114)"
