"","study.accession","experiment.accession","source_name","cell.type","treatment"
"1","SRP056146","SRX956336","Primary culture (Life technologies)","Human Kupffer cells","Treatment with PBS"
"2","SRP056146","SRX956334","Primary culture (Life technologies)","Human Kupffer cells","Treatment with normal pancreas exosomes"
"3","SRP056146","SRX956336","Primary culture (Life technologies)","Human Kupffer cells","Treatment with PBS"
"4","SRP056146","SRX956334","Primary culture (Life technologies)","Human Kupffer cells","Treatment with normal pancreas exosomes"
"5","SRP056146","SRX956337","Primary culture (Life technologies)","Human Kupffer cells","Treatment with BxPC-3 exosomes"
"6","SRP056146","SRX956335","Primary culture (Life technologies)","Human Kupffer cells","Treatment with PAN02 exosomes"
"7","SRP056146","SRX956336","Primary culture (Life technologies)","Human Kupffer cells","Treatment with PBS"
"8","SRP056146","SRX956337","Primary culture (Life technologies)","Human Kupffer cells","Treatment with BxPC-3 exosomes"
"9","SRP056146","SRX956335","Primary culture (Life technologies)","Human Kupffer cells","Treatment with PAN02 exosomes"
"10","SRP056146","SRX956334","Primary culture (Life technologies)","Human Kupffer cells","Treatment with normal pancreas exosomes"
"11","SRP056146","SRX956337","Primary culture (Life technologies)","Human Kupffer cells","Treatment with BxPC-3 exosomes"
"12","SRP056146","SRX956335","Primary culture (Life technologies)","Human Kupffer cells","Treatment with PAN02 exosomes"
