"","study.accession","experiment.accession","source_name","cell.line","sample.type"
"1","SRP035477","SRX435681","nasopharyngeal epithelium","HK1","well-differentiated NPC cell line"
"2","SRP035477","SRX435682","nasopharyngeal epithelium","NP460","immortalized nasopharyngeal epithelial cell line"
"3","SRP035477","SRX435679","nasopharyngeal epithelium","C666","undifferentiated Epstein-Barr virus (EBV)-positive NPC cell line"
"4","SRP035477","SRX435680","nasopharyngeal epithelium","X666","undifferentiated Epstein-Barr virus (EBV)-positive NPC xenograft"
