"","study.accession","experiment.accession","source_name","cell.line","drug.treatment","cell.type","resistance"
"1","SRP037775","SRX470403","Cell line","BTR50","no drug","HER2-positive breast cancer","induced trastuzumab resistance"
"2","SRP037775","SRX470401","Cell line","HCC1954","no drug","HER2-positive breast cancer","trastuzumab resistance"
"3","SRP037775","SRX470401","Cell line","HCC1954","no drug","HER2-positive breast cancer","trastuzumab resistance"
"4","SRP037775","SRX470402","Cell line","HCC1954","trastuzumab","HER2-positive breast cancer","trastuzumab resistance"
"5","SRP037775","SRX470402","Cell line","HCC1954","trastuzumab","HER2-positive breast cancer","trastuzumab resistance"
"6","SRP037775","SRX470402","Cell line","HCC1954","trastuzumab","HER2-positive breast cancer","trastuzumab resistance"
"7","SRP037775","SRX470399","Cell line","BT474","no drug","HER2-positive breast cancer","no trastuzumab resistance"
"8","SRP037775","SRX470400","Cell line","BT474","trastuzumab","HER2-positive breast cancer","no trastuzumab resistance"
"9","SRP037775","SRX470401","Cell line","HCC1954","no drug","HER2-positive breast cancer","trastuzumab resistance"
"10","SRP037775","SRX470399","Cell line","BT474","no drug","HER2-positive breast cancer","no trastuzumab resistance"
"11","SRP037775","SRX470400","Cell line","BT474","trastuzumab","HER2-positive breast cancer","no trastuzumab resistance"
"12","SRP037775","SRX470404","Cell line","BTR50","trastuzumab","HER2-positive breast cancer","induced trastuzumab resistance"
"13","SRP037775","SRX470399","Cell line","BT474","no drug","HER2-positive breast cancer","no trastuzumab resistance"
"14","SRP037775","SRX470402","Cell line","HCC1954","trastuzumab","HER2-positive breast cancer","trastuzumab resistance"
"15","SRP037775","SRX470403","Cell line","BTR50","no drug","HER2-positive breast cancer","induced trastuzumab resistance"
"16","SRP037775","SRX470401","Cell line","HCC1954","no drug","HER2-positive breast cancer","trastuzumab resistance"
"17","SRP037775","SRX470400","Cell line","BT474","trastuzumab","HER2-positive breast cancer","no trastuzumab resistance"
"18","SRP037775","SRX470404","Cell line","BTR50","trastuzumab","HER2-positive breast cancer","induced trastuzumab resistance"
"19","SRP037775","SRX470404","Cell line","BTR50","trastuzumab","HER2-positive breast cancer","induced trastuzumab resistance"
"20","SRP037775","SRX470400","Cell line","BT474","trastuzumab","HER2-positive breast cancer","no trastuzumab resistance"
"21","SRP037775","SRX470404","Cell line","BTR50","trastuzumab","HER2-positive breast cancer","induced trastuzumab resistance"
"22","SRP037775","SRX470402","Cell line","HCC1954","trastuzumab","HER2-positive breast cancer","trastuzumab resistance"
"23","SRP037775","SRX470403","Cell line","BTR50","no drug","HER2-positive breast cancer","induced trastuzumab resistance"
"24","SRP037775","SRX470401","Cell line","HCC1954","no drug","HER2-positive breast cancer","trastuzumab resistance"
"25","SRP037775","SRX470401","Cell line","HCC1954","no drug","HER2-positive breast cancer","trastuzumab resistance"
"26","SRP037775","SRX470402","Cell line","HCC1954","trastuzumab","HER2-positive breast cancer","trastuzumab resistance"
"27","SRP037775","SRX470402","Cell line","HCC1954","trastuzumab","HER2-positive breast cancer","trastuzumab resistance"
"28","SRP037775","SRX470403","Cell line","BTR50","no drug","HER2-positive breast cancer","induced trastuzumab resistance"
"29","SRP037775","SRX470402","Cell line","HCC1954","trastuzumab","HER2-positive breast cancer","trastuzumab resistance"
"30","SRP037775","SRX470403","Cell line","BTR50","no drug","HER2-positive breast cancer","induced trastuzumab resistance"
"31","SRP037775","SRX470404","Cell line","BTR50","trastuzumab","HER2-positive breast cancer","induced trastuzumab resistance"
"32","SRP037775","SRX470402","Cell line","HCC1954","trastuzumab","HER2-positive breast cancer","trastuzumab resistance"
"33","SRP037775","SRX470401","Cell line","HCC1954","no drug","HER2-positive breast cancer","trastuzumab resistance"
"34","SRP037775","SRX470403","Cell line","BTR50","no drug","HER2-positive breast cancer","induced trastuzumab resistance"
"35","SRP037775","SRX470400","Cell line","BT474","trastuzumab","HER2-positive breast cancer","no trastuzumab resistance"
"36","SRP037775","SRX470400","Cell line","BT474","trastuzumab","HER2-positive breast cancer","no trastuzumab resistance"
"37","SRP037775","SRX470404","Cell line","BTR50","trastuzumab","HER2-positive breast cancer","induced trastuzumab resistance"
"38","SRP037775","SRX470402","Cell line","HCC1954","trastuzumab","HER2-positive breast cancer","trastuzumab resistance"
"39","SRP037775","SRX470402","Cell line","HCC1954","trastuzumab","HER2-positive breast cancer","trastuzumab resistance"
"40","SRP037775","SRX470402","Cell line","HCC1954","trastuzumab","HER2-positive breast cancer","trastuzumab resistance"
"41","SRP037775","SRX470404","Cell line","BTR50","trastuzumab","HER2-positive breast cancer","induced trastuzumab resistance"
"42","SRP037775","SRX470400","Cell line","BT474","trastuzumab","HER2-positive breast cancer","no trastuzumab resistance"
"43","SRP037775","SRX470399","Cell line","BT474","no drug","HER2-positive breast cancer","no trastuzumab resistance"
"44","SRP037775","SRX470399","Cell line","BT474","no drug","HER2-positive breast cancer","no trastuzumab resistance"
"45","SRP037775","SRX470401","Cell line","HCC1954","no drug","HER2-positive breast cancer","trastuzumab resistance"
"46","SRP037775","SRX470401","Cell line","HCC1954","no drug","HER2-positive breast cancer","trastuzumab resistance"
"47","SRP037775","SRX470401","Cell line","HCC1954","no drug","HER2-positive breast cancer","trastuzumab resistance"
"48","SRP037775","SRX470400","Cell line","BT474","trastuzumab","HER2-positive breast cancer","no trastuzumab resistance"
"49","SRP037775","SRX470400","Cell line","BT474","trastuzumab","HER2-positive breast cancer","no trastuzumab resistance"
"50","SRP037775","SRX470400","Cell line","BT474","trastuzumab","HER2-positive breast cancer","no trastuzumab resistance"
"51","SRP037775","SRX470403","Cell line","BTR50","no drug","HER2-positive breast cancer","induced trastuzumab resistance"
"52","SRP037775","SRX470401","Cell line","HCC1954","no drug","HER2-positive breast cancer","trastuzumab resistance"
"53","SRP037775","SRX470402","Cell line","HCC1954","trastuzumab","HER2-positive breast cancer","trastuzumab resistance"
"54","SRP037775","SRX470404","Cell line","BTR50","trastuzumab","HER2-positive breast cancer","induced trastuzumab resistance"
"55","SRP037775","SRX470404","Cell line","BTR50","trastuzumab","HER2-positive breast cancer","induced trastuzumab resistance"
"56","SRP037775","SRX470400","Cell line","BT474","trastuzumab","HER2-positive breast cancer","no trastuzumab resistance"
"57","SRP037775","SRX470399","Cell line","BT474","no drug","HER2-positive breast cancer","no trastuzumab resistance"
"58","SRP037775","SRX470401","Cell line","HCC1954","no drug","HER2-positive breast cancer","trastuzumab resistance"
"59","SRP037775","SRX470401","Cell line","HCC1954","no drug","HER2-positive breast cancer","trastuzumab resistance"
"60","SRP037775","SRX470403","Cell line","BTR50","no drug","HER2-positive breast cancer","induced trastuzumab resistance"
"61","SRP037775","SRX470402","Cell line","HCC1954","trastuzumab","HER2-positive breast cancer","trastuzumab resistance"
"62","SRP037775","SRX470399","Cell line","BT474","no drug","HER2-positive breast cancer","no trastuzumab resistance"
"63","SRP037775","SRX470401","Cell line","HCC1954","no drug","HER2-positive breast cancer","trastuzumab resistance"
