"","study.accession","experiment.accession","source_name","cell.line","sample.type"
"1","SRP035478","SRX435688","nasopharyngeal epithelium","NP460","immortalized nasopharyngeal epithelial cell line"
"2","SRP035478","SRX435686","nasopharyngeal epithelium","X666","undifferentiated Epstein-Barr virus (EBV)-positive NPC xenograft"
"3","SRP035478","SRX435685","nasopharyngeal epithelium","C666","undifferentiated Epstein-Barr virus (EBV)-positive NPC cell line"
"4","SRP035478","SRX435687","nasopharyngeal epithelium","HK1","well-differentiated NPC cell line"
