"","study.accession","experiment.accession","source_name","subject","tissue","sex","disease.state","age","microsatellite.status"
"1","SRP022054","SRX273726","colorectal biopsy, colon ascendens","P3","colorectal biopsy, colon ascendens","male","benign","44","MSI"
"2","SRP022054","SRX273711","colorectal biopsy, rectum/sigma","P4","colorectal biopsy, rectum/sigma","female","benign","49","MSS"
"3","SRP022054","SRX273737","metastasis biopsy, lymph node","P7","metastasis biopsy, lymph node","female","metastasis","76","MSS"
"4","SRP022054","SRX273733","colorectal biopsy, colon","P5","colorectal biopsy, colon","female","tumor","80","MSI"
"5","SRP022054","SRX273718","colorectal biopsy, colon ascendens","P6","colorectal biopsy, colon ascendens","female","tumor","66","MSS"
"6","SRP022054","SRX273730","colorectal biopsy, rectum/sigma","P4","colorectal biopsy, rectum/sigma","female","tumor","49","MSS"
"7","SRP022054","SRX273727","colorectal biopsy, colon ascendens","P3","colorectal biopsy, colon ascendens","male","tumor","44","MSI"
"8","SRP022054","SRX273719","metastasis biopsy, liver","P6","metastasis biopsy, liver","female","metastasis","66","MSS"
"9","SRP022054","SRX273715","colorectal biopsy, colon","P5","colorectal biopsy, colon","female","tumor","80","MSI"
"10","SRP022054","SRX273722","metastasis biopsy, lymph node","P7","metastasis biopsy, lymph node","female","metastasis","76","MSS"
"11","SRP022054","SRX273721","colorectal biopsy, colon ascendens","P7","colorectal biopsy, colon ascendens","female","tumor","76","MSS"
"12","SRP022054","SRX273706","colorectal biopsy, coecum","P2","colorectal biopsy, coecum","male","tumor","74","MSS"
"13","SRP022054","SRX273729","colorectal biopsy, rectum/sigma","P4","colorectal biopsy, rectum/sigma","female","benign","49","MSS"
"14","SRP022054","SRX273731","metastasis biopsy, liver","P4","metastasis biopsy, liver","female","metastasis","49","MSS"
"15","SRP022054","SRX273704","metastasis biopsy, liver","P1","metastasis biopsy, liver","male","metastasis","70","MSS"
"16","SRP022054","SRX273724","colorectal biopsy, coecum","P8","colorectal biopsy, coecum","male","tumor","74","MSS"
"17","SRP022054","SRX273736","colorectal biopsy, colon ascendens","P7","colorectal biopsy, colon ascendens","female","tumor","76","MSS"
"18","SRP022054","SRX273725","metastasis biopsy, liver","P8","metastasis biopsy, liver","male","metastasis","74","MSS"
"19","SRP022054","SRX273702","colorectal biopsy, sigma","P1","colorectal biopsy, sigma","male","benign","70","MSS"
"20","SRP022054","SRX273704","metastasis biopsy, liver","P1","metastasis biopsy, liver","male","metastasis","70","MSS"
"21","SRP022054","SRX273723","colorectal biopsy, coecum","P8","colorectal biopsy, coecum","male","benign","74","MSS"
"22","SRP022054","SRX273703","colorectal biopsy, sigma","P1","colorectal biopsy, sigma","male","tumor","70","MSS"
"23","SRP022054","SRX273714","colorectal biopsy, colon","P5","colorectal biopsy, colon","female","benign","80","MSI"
"24","SRP022054","SRX273709","colorectal biopsy, colon ascendens","P3","colorectal biopsy, colon ascendens","male","tumor","44","MSI"
"25","SRP022054","SRX273720","colorectal biopsy, colon ascendens","P7","colorectal biopsy, colon ascendens","female","benign","76","MSS"
"26","SRP022054","SRX273707","metastasis biopsy, liver","P2","metastasis biopsy, liver","male","metastasis","74","MSS"
"27","SRP022054","SRX273703","colorectal biopsy, sigma","P1","colorectal biopsy, sigma","male","tumor","70","MSS"
"28","SRP022054","SRX273735","colorectal biopsy, colon ascendens","P7","colorectal biopsy, colon ascendens","female","benign","76","MSS"
"29","SRP022054","SRX273713","metastasis biopsy, liver","P4","metastasis biopsy, liver","female","metastasis","49","MSS"
"30","SRP022054","SRX273710","metastasis biopsy, liver","P3","metastasis biopsy, liver","male","metastasis","44","MSI"
"31","SRP022054","SRX273708","colorectal biopsy, colon ascendens","P3","colorectal biopsy, colon ascendens","male","benign","44","MSI"
"32","SRP022054","SRX273712","colorectal biopsy, rectum/sigma","P4","colorectal biopsy, rectum/sigma","female","tumor","49","MSS"
"33","SRP022054","SRX273732","colorectal biopsy, colon","P5","colorectal biopsy, colon","female","benign","80","MSI"
"34","SRP022054","SRX273728","metastasis biopsy, liver","P3","metastasis biopsy, liver","male","metastasis","44","MSI"
"35","SRP022054","SRX273717","colorectal biopsy, colon ascendens","P6","colorectal biopsy, colon ascendens","female","benign","66","MSS"
"36","SRP022054","SRX273705","colorectal biopsy, coecum","P2","colorectal biopsy, coecum","male","benign","74","MSS"
"37","SRP022054","SRX273716","metastasis biopsy, lymph node","P5","metastasis biopsy, lymph node","female","metastasis","80","MSI"
"38","SRP022054","SRX273734","metastasis biopsy, lymph node","P5","metastasis biopsy, lymph node","female","metastasis","80","MSI"
