"","study.accession","experiment.accession","source_name","tissue","who.class","age","gender"
"1","SRP058243","SRX1023953","Nasopharyngeal","Tumor","III","48","male"
"2","SRP058243","SRX1023962","Nasopharyngeal","Control",NA,"45","female"
"3","SRP058243","SRX1023974","Nasopharyngeal","Tumor","III","80","male"
"4","SRP058243","SRX1023955","Nasopharyngeal","Tumor","III","55","male"
"5","SRP058243","SRX1023949","Nasopharyngeal","Tumor","III","65","male"
"6","SRP058243","SRX1023979","Nasopharyngeal","Control",NA,"58","male"
"7","SRP058243","SRX1023963","Nasopharyngeal","Tumor","III","39","male"
"8","SRP058243","SRX1023988","Nasopharyngeal","Tumor","III","64","female"
"9","SRP058243","SRX1023968","Nasopharyngeal","Tumor","III","57","female"
"10","SRP058243","SRX1023948","Nasopharyngeal","Control",NA,"63","female"
"11","SRP058243","SRX1023990","Nasopharyngeal","Tumor","III","47","male"
"12","SRP058243","SRX1023970","Nasopharyngeal","Tumor","III","52","male"
"13","SRP058243","SRX1023975","Nasopharyngeal","Tumor","II","63","female"
"14","SRP058243","SRX1023959","Nasopharyngeal","Tumor","III","33","male"
"15","SRP058243","SRX1023947","Nasopharyngeal","Tumor","III","51","female"
"16","SRP058243","SRX1023972","Nasopharyngeal","Tumor","III","66","male"
"17","SRP058243","SRX1023984","Nasopharyngeal","Tumor","III","65","male"
"18","SRP058243","SRX1023946","Nasopharyngeal","Tumor","III","33","male"
"19","SRP058243","SRX1023973","Nasopharyngeal","Tumor","II","57","male"
"20","SRP058243","SRX1023982","Nasopharyngeal","Tumor","III","67","female"
"21","SRP058243","SRX1023977","Nasopharyngeal","Tumor","II","46","male"
"22","SRP058243","SRX1023989","Nasopharyngeal","Tumor","III","59","male"
"23","SRP058243","SRX1023952","Nasopharyngeal","Tumor","III","44","male"
"24","SRP058243","SRX1023986","Nasopharyngeal","Tumor","III","56","male"
"25","SRP058243","SRX1023966","Nasopharyngeal","Tumor","II","55","male"
"26","SRP058243","SRX1023964","Nasopharyngeal","Tumor","III","45","male"
"27","SRP058243","SRX1023950","Nasopharyngeal","Tumor","III","67","male"
"28","SRP058243","SRX1023957","Nasopharyngeal","Tumor","III","40","male"
"29","SRP058243","SRX1023991","Nasopharyngeal","Tumor","III","61","male"
"30","SRP058243","SRX1023983","Nasopharyngeal","Tumor","III","65","female"
"31","SRP058243","SRX1023978","Nasopharyngeal","Tumor","III","74","male"
"32","SRP058243","SRX1023965","Nasopharyngeal","Tumor","III","69","male"
"33","SRP058243","SRX1023971","Nasopharyngeal","Tumor","II","49","male"
"34","SRP058243","SRX1023980","Nasopharyngeal","Tumor","II","52","male"
"35","SRP058243","SRX1023956","Nasopharyngeal","Tumor","III","39","female"
"36","SRP058243","SRX1023976","Nasopharyngeal","Tumor","III","62","female"
"37","SRP058243","SRX1023987","Nasopharyngeal","Tumor","III","42","male"
"38","SRP058243","SRX1023951","Nasopharyngeal","Tumor","III","27","male"
"39","SRP058243","SRX1023958","Nasopharyngeal","Tumor","III","59","male"
"40","SRP058243","SRX1023981","Nasopharyngeal","Tumor","III","58","male"
"41","SRP058243","SRX1023985","Nasopharyngeal","Tumor","III","53","male"
"42","SRP058243","SRX1023961","Nasopharyngeal","Tumor","III","49","male"
"43","SRP058243","SRX1023969","Nasopharyngeal","Tumor","III","49","male"
"44","SRP058243","SRX1023960","Nasopharyngeal","Tumor","III","26","female"
"45","SRP058243","SRX1023967","Nasopharyngeal","Control",NA,"75","male"
"46","SRP058243","SRX1023954","Nasopharyngeal","Tumor","III","53","male"
