"","study.accession","experiment.accession","source_name","gender","tissue","genotype","cell.line"
"1","SRP062995","SRX1174300","MDA-MB-231 human breast cancer cell lines","female","breast","wild type; hotair overexpressed","MDA-MB-231"
"2","SRP062995","SRX1174301","MDA-MB-231 human breast cancer cell lines","female","breast","wild type; hotair overexpressed","MDA-MB-231"
"3","SRP062995","SRX1174298","MDA-MB-231 human breast cancer cell lines","female","breast","ezh2-/-","MDA-MB-231"
"4","SRP062995","SRX1174297","MDA-MB-231 human breast cancer cell lines","female","breast","wild type","MDA-MB-231"
"5","SRP062995","SRX1174299","MDA-MB-231 human breast cancer cell lines","female","breast","ezh2-/-","MDA-MB-231"
"6","SRP062995","SRX1174296","MDA-MB-231 human breast cancer cell lines","female","breast","wild type","MDA-MB-231"
"7","SRP062995","SRX1174303","MDA-MB-231 human breast cancer cell lines","female","breast","ezh2-/-; hotair overexpressed","MDA-MB-231"
"8","SRP062995","SRX1174302","MDA-MB-231 human breast cancer cell lines","female","breast","ezh2-/-; hotair overexpressed","MDA-MB-231"
