"","study.accession","experiment.accession","source_name","cell.line","treatment"
"1","SRP057452","SRX1000198","A375 melanoma cell line","A375","A771726-treated for 0 hrs"
"2","SRP057452","SRX1000206","A375 melanoma cell line","A375","A771726-treated for 72 hrs"
"3","SRP057452","SRX1000205","A375 melanoma cell line","A375","A771726-treated for 72 hrs"
"4","SRP057452","SRX1000204","A375 melanoma cell line","A375","A771726-treated for 48 hrs"
"5","SRP057452","SRX1000206","A375 melanoma cell line","A375","A771726-treated for 72 hrs"
"6","SRP057452","SRX1000199","A375 melanoma cell line","A375","A771726-treated for 12 hrs"
"7","SRP057452","SRX1000207","A375 melanoma cell line","A375","DMSO-treated for 72 hrs"
"8","SRP057452","SRX1000202","A375 melanoma cell line","A375","A771726-treated for 24 hrs"
"9","SRP057452","SRX1000200","A375 melanoma cell line","A375","A771726-treated for 12 hrs"
"10","SRP057452","SRX1000203","A375 melanoma cell line","A375","A771726-treated for 48 hrs"
"11","SRP057452","SRX1000207","A375 melanoma cell line","A375","DMSO-treated for 72 hrs"
"12","SRP057452","SRX1000200","A375 melanoma cell line","A375","A771726-treated for 12 hrs"
"13","SRP057452","SRX1000197","A375 melanoma cell line","A375","A771726-treated for 0 hrs"
"14","SRP057452","SRX1000205","A375 melanoma cell line","A375","A771726-treated for 72 hrs"
"15","SRP057452","SRX1000197","A375 melanoma cell line","A375","A771726-treated for 0 hrs"
"16","SRP057452","SRX1000203","A375 melanoma cell line","A375","A771726-treated for 48 hrs"
"17","SRP057452","SRX1000208","A375 melanoma cell line","A375","DMSO-treated for 72 hrs"
"18","SRP057452","SRX1000201","A375 melanoma cell line","A375","A771726-treated for 24 hrs"
"19","SRP057452","SRX1000201","A375 melanoma cell line","A375","A771726-treated for 24 hrs"
"20","SRP057452","SRX1000202","A375 melanoma cell line","A375","A771726-treated for 24 hrs"
"21","SRP057452","SRX1000198","A375 melanoma cell line","A375","A771726-treated for 0 hrs"
"22","SRP057452","SRX1000199","A375 melanoma cell line","A375","A771726-treated for 12 hrs"
"23","SRP057452","SRX1000204","A375 melanoma cell line","A375","A771726-treated for 48 hrs"
"24","SRP057452","SRX1000208","A375 melanoma cell line","A375","DMSO-treated for 72 hrs"
