"","study.accession","experiment.accession","source_name","treatment","cell.line"
"1","SRP048640","SRX721999","Diffuse large B cell lymphoma","DMSO","KARPAS-422"
"2","SRP048640","SRX722006","Diffuse large B cell lymphoma","GSK126","KARPAS-422"
"3","SRP048640","SRX722001","Diffuse large B cell lymphoma","CPI360","KARPAS-422"
"4","SRP048640","SRX722003","Diffuse large B cell lymphoma","EPZ6438","KARPAS-422"
"5","SRP048640","SRX722004","Diffuse large B cell lymphoma","EPZ6438","KARPAS-422"
"6","SRP048640","SRX722002","Diffuse large B cell lymphoma","CPI360","KARPAS-422"
"7","SRP048640","SRX722000","Diffuse large B cell lymphoma","DMSO","KARPAS-422"
"8","SRP048640","SRX722005","Diffuse large B cell lymphoma","GSK126","KARPAS-422"
