"","study.accession","experiment.accession","source_name","cell.line"
"1","SRP010129","SRX114550","Cell line","Cell line derived from Merkel Cell Carcinoma"
"2","SRP010129","SRX114533","Skin tumor","FFPE Basal Cell Carcinoma"
"3","SRP010129","SRX114525","Skin tumor","FFPE Merkel Cell Carcinoma"
"4","SRP010129","SRX114535","Skin tumor","FFPE Merkel Cell Carcinoma"
"5","SRP010129","SRX114526","Skin tumor","FFPE Merkel Cell Carcinoma"
"6","SRP010129","SRX114520","Skin tumor","FFPE Merkel Cell Carcinoma"
"7","SRP010129","SRX114527","Normal Skin","FFPE Normal skin"
"8","SRP010129","SRX114553","Cell line","Cell line derived from Merkel Cell Carcinoma"
"9","SRP010129","SRX114516","Skin tumor","FFPE Merkel Cell Carcinoma"
"10","SRP010129","SRX114541","Skin","FFPE Squamous Cell Carcinoma"
"11","SRP010129","SRX114522","Skin tumor","FFPE Merkel Cell Carcinoma"
"12","SRP010129","SRX114547","Cell line","Cell line derived from Merkel Cell Carcinoma"
"13","SRP010129","SRX114544","Skin","FFPE Basal Cell Carcinoma"
"14","SRP010129","SRX114552","Cell line","Cell line derived from Merkel Cell Carcinoma"
"15","SRP010129","SRX114530","Normal Skin","FFPE Normal skin"
"16","SRP010129","SRX114546","Cell line","Cell line derived from Merkel Cell Carcinoma"
"17","SRP010129","SRX114518","Skin tumor","FFPE Merkel Cell Carcinoma"
"18","SRP010129","SRX114537","Skin tumor","FFPE Merkel Cell Carcinoma"
"19","SRP010129","SRX114528","Normal Skin","FFPE Normal skin"
"20","SRP010129","SRX114517","Skin tumor","FFPE Merkel Cell Carcinoma"
"21","SRP010129","SRX114549","Cell line","Cell line derived from Merkel Cell Carcinoma"
"22","SRP010129","SRX114539","Skin","FFPE Normal skin"
"23","SRP010129","SRX114554","Cell line","Cell line derived from Merkel Cell Carcinoma"
"24","SRP010129","SRX114524","Skin tumor","FFPE Merkel Cell Carcinoma"
"25","SRP010129","SRX114523","Skin tumor","FFPE Merkel Cell Carcinoma"
"26","SRP010129","SRX114536","Skin tumor","FFPE Merkel Cell Carcinoma"
"27","SRP010129","SRX114545","Cell line","Cell line derived from Merkel Cell Carcinoma"
"28","SRP010129","SRX114519","Skin tumor","FFPE Merkel Cell Carcinoma"
"29","SRP010129","SRX114532","Skin tumor","FFPE Basal Cell Carcinoma"
"30","SRP010129","SRX114543","Skin","FFPE Basal Cell Carcinoma"
"31","SRP010129","SRX114540","Skin","FFPE Normal skin"
"32","SRP010129","SRX114548","Cell line","Cell line derived from Merkel Cell Carcinoma"
"33","SRP010129","SRX114531","Skin tumor","FFPE Basal Cell Carcinoma"
"34","SRP010129","SRX114538","Skin tumor","FFPE Merkel Cell Carcinoma"
"35","SRP010129","SRX114551","Cell line","Cell line derived from Merkel Cell Carcinoma"
"36","SRP010129","SRX114515","Skin tumor","FFPE Merkel Cell Carcinoma"
"37","SRP010129","SRX114529","Normal Skin","FFPE Normal skin"
"38","SRP010129","SRX114542","Skin","FFPE Squamous Cell Carcinoma"
"39","SRP010129","SRX114521","Skin tumor","FFPE Merkel Cell Carcinoma"
"40","SRP010129","SRX114534","Skin tumor","FFPE Basal Cell Carcinoma"
