"","study.accession","experiment.accession","source_name","cell.line","cell.type","transfection"
"1","SRP020493","SRX259566","breast cancer cells","HCC2157","breast cancer cells","siJARID1B"
"2","SRP020493","SRX259553","breast cancer cells","MCF7","breast cancer cells","control siRNA"
"3","SRP020493","SRX259562","breast cancer cells","SUM159PT","breast cancer cells","siJARID1B"
"4","SRP020493","SRX259564","breast cancer cells","MDA-MB-231","breast cancer cells","siJARID1B"
"5","SRP020493","SRX259559","breast cancer cells","SUM185PE","breast cancer cells","siJARID1B"
"6","SRP020493","SRX259557","breast cancer cells","T-47D","breast cancer cells","siJARID1B"
"7","SRP020493","SRX259561","breast cancer cells","SUM159PT","breast cancer cells","control siRNA"
"8","SRP020493","SRX259565","breast cancer cells","HCC2157","breast cancer cells","control siRNA"
"9","SRP020493","SRX259555","breast cancer cells","MCF7","breast cancer cells","siCTCF"
"10","SRP020493","SRX259556","breast cancer cells","T-47D","breast cancer cells","control siRNA"
"11","SRP020493","SRX259558","breast cancer cells","SUM185PE","breast cancer cells","control siRNA"
"12","SRP020493","SRX259554","breast cancer cells","MCF7","breast cancer cells","siJARID1B"
"13","SRP020493","SRX259560","breast cancer cells","SUM185PE","breast cancer cells","siCTCF"
"14","SRP020493","SRX259563","breast cancer cells","MDA-MB-231","breast cancer cells","control siRNA"
