"","study.accession","experiment.accession","source_name","cell.type","sample.type"
"1","SRP055713","SRX894072","Normal human epidermal keratinocyt PC","Keratinocyte","Derived from non-UV exposed epidermis"
"2","SRP055713","SRX894074","Cutaneous squamous cell carcinoma 91","Cutaneous SCC","Derived from cSCC tumors"
"3","SRP055713","SRX894073","Cutaneous squamous cell carcinoma 12A","Cutaneous SCC","Derived from cSCC tumors"
"4","SRP055713","SRX894076","Cutaneous squamous cell carcinoma 111","Cutaneous SCC","Derived from cSCC tumors"
"5","SRP055713","SRX894070","Normal human epidermal keratinocyt 64","Keratinocyte","Derived from non-UV exposed epidermis"
"6","SRP055713","SRX894080","Cutaneous squamous cell carcinoma 59A","Cutaneous SCC","Derived from cSCC tumors"
"7","SRP055713","SRX894069","Normal human epidermal keratinocyt 59","Keratinocyte","Derived from non-UV exposed epidermis"
"8","SRP055713","SRX894075","Cutaneous squamous cell carcinoma 105","Cutaneous SCC","Derived from cSCC tumors"
"9","SRP055713","SRX894077","Cutaneous squamous cell carcinoma 118","Cutaneous SCC","Derived from cSCC tumors"
"10","SRP055713","SRX894079","Cutaneous squamous cell carcinoma 115","Cutaneous SCC","Derived from cSCC tumors"
"11","SRP055713","SRX894078","Cutaneous squamous cell carcinoma 7","Cutaneous SCC","Derived from cSCC tumors"
"12","SRP055713","SRX894071","Normal human epidermal keratinocyt 70","Keratinocyte","Derived from non-UV exposed epidermis"
