"","study.accession","experiment.accession","source_name","patient.id","patient.age.at.resection","patient.sex"
"1","SRP049592","SRX752953","peritoneal metastasis","28","20.4","F"
"2","SRP049592","SRX752921","peritoneal metastasis","1","42","M"
"3","SRP049592","SRX752952","normal liver","27","30.7","M"
"4","SRP049592","SRX752948","recurrent liver tumor","26","22.7","M"
"5","SRP049592","SRX752926","peritoneal metastasis","4","27.9","M"
"6","SRP049592","SRX752937","lymph node metastasis","16","23.2","M"
"7","SRP049592","SRX752930","liver tumor","7","17","F"
"8","SRP049592","SRX752927","omental metastasis","4","26.9","M"
"9","SRP049592","SRX752943","normal liver","24","28.3","F"
"10","SRP049592","SRX752925","lymph node metastasis","4","26.9","M"
"11","SRP049592","SRX752947","mediastinal metastasis","26","20.7","M"
"12","SRP049592","SRX752922","lymph node metastasis","1","44","M"
"13","SRP049592","SRX752935","lymph node metastasis","14","42.5","M"
"14","SRP049592","SRX752951","liver tumor","27","30.7","M"
"15","SRP049592","SRX752923","liver tumor","4","26.9","M"
"16","SRP049592","SRX752934","peritoneal metastasis","11","17.2","F"
"17","SRP049592","SRX752945","normal liver","25","18.4","F"
"18","SRP049592","SRX752932","peritoneal metastasis","8","17.8","M"
"19","SRP049592","SRX752939","normal liver","17","22.2","M"
"20","SRP049592","SRX752929","normal liver","5","23.4","F"
"21","SRP049592","SRX752944","liver tumor","25","18.4","F"
"22","SRP049592","SRX752919","normal liver","1","34.9","M"
"23","SRP049592","SRX752938","liver tumor","17","22.2","M"
"24","SRP049592","SRX752936","lymph node metastasis","14","42.5","M"
"25","SRP049592","SRX752942","liver tumor","24","28.3","F"
"26","SRP049592","SRX752946","lymph node metastasis","25","18.4","F"
"27","SRP049592","SRX752950","peritoneal metastasis","26","29.5","M"
"28","SRP049592","SRX752928","liver tumor","5","23.4","F"
"29","SRP049592","SRX752924","normal liver","4","26.9","M"
"30","SRP049592","SRX752940","recurrent liver tumor","21","18.7","M"
"31","SRP049592","SRX752933","omental metastasis","11","16.6","F"
"32","SRP049592","SRX752931","normal liver","7","17","F"
"33","SRP049592","SRX752949","lymph node metastasis","26","22.7","M"
"34","SRP049592","SRX752920","liver tumor","1","34.9","M"
"35","SRP049592","SRX752941","normal liver","22","16.6","F"
