"","study.accession","experiment.accession","source_name","cell.line"
"1","SRP062391","SRX1146104","NOMO1, MLL-AF9 AML cell line","NOMO1"
"2","SRP062391","SRX1146100","Kg1a, AML cell line","Kg1a"
"3","SRP062391","SRX1146102","Monomac, MLL-AF9 AML cell line","Monomac"
"4","SRP062391","SRX1146099","Thp1, MLL-AF9 AML cell line","Thp1"
"5","SRP062391","SRX1146098","Thp1, MLL-AF9 AML cell line","Thp1"
"6","SRP062391","SRX1146105","NOMO1, MLL-AF9 AML cell line","NOMO1"
"7","SRP062391","SRX1146103","Monomac, MLL-AF9 AML cell line","Monomac"
"8","SRP062391","SRX1146101","Kg1a, AML cell line","Kg1a"
