"","study.accession","experiment.accession","source_name","tissue","chip.antibody","treatment.compound"
"1","SRP061685","SRX1122115","bone marrow","bone marrow",NA,NA
"2","SRP061685","SRX1122119","Cultured Leukemic Blasts","Cultured Leukemic Blasts","H3K27ac (ActiveMotif, ab4729)","GSI BMS-906024"
"3","SRP061685","SRX1122118","Cultured Leukemic Blasts","Cultured Leukemic Blasts","H3K27ac (ActiveMotif, ab4729)","DMSO"
"4","SRP061685","SRX1122116","Cultured Leukemic Blasts","Cultured Leukemic Blasts",NA,"DMSO"
"5","SRP061685","SRX1122117","Cultured Leukemic Blasts","Cultured Leukemic Blasts",NA,"GSI BMS-906024"
"6","SRP061685","SRX1122114","bone marrow","bone marrow",NA,NA
