"","study.accession","experiment.accession","source_name","host","model","treatment","tissue"
"1","SRP045898","SRX689974","patient-dervied tumor xenograft","mouse","CRC PDTX Model","Control","patient-dervied tumor xenograft"
"2","SRP045898","SRX689979","patient-dervied tumor xenograft","mouse","CRC PDTX Model","cabozantinib","patient-dervied tumor xenograft"
"3","SRP045898","SRX689976","patient-dervied tumor xenograft","mouse","CRC PDTX Model","Control","patient-dervied tumor xenograft"
"4","SRP045898","SRX689975","patient-dervied tumor xenograft","mouse","CRC PDTX Model","cabozantinib","patient-dervied tumor xenograft"
"5","SRP045898","SRX689977","patient-dervied tumor xenograft","mouse","CRC PDTX Model","cabozantinib","patient-dervied tumor xenograft"
"6","SRP045898","SRX689978","patient-dervied tumor xenograft","mouse","CRC PDTX Model","Control","patient-dervied tumor xenograft"
