"","study.accession","experiment.accession","source_name","cell.line","cell.type","transgene","doxycycline.concentration"
"1","SRP034873","SRX404075","breast cancer cell line clone, WT RBM47, 25 ng/ml doxycycline","MDA231","breast cancer cell line","RBM47","25 ng/ml"
"2","SRP034873","SRX404076","breast cancer cell line clone, WT RBM47, 0 ng/ml doxycycline","MDA231","breast cancer cell line","RBM47","0 ng/ml"
"3","SRP034873","SRX404084","breast cancer cell line clone, RBM47-I281fs mutant, 5 ng/ml doxycycline","MDA231","breast cancer cell line","RBM47-I281fs","5 ng/ml"
"4","SRP034873","SRX404078","breast cancer cell line clone, WT RBM47, 2.5 ng/ml doxycycline","MDA231","breast cancer cell line","RBM47","2.5 ng/ml"
"5","SRP034873","SRX404080","breast cancer cell line clone, WT RBM47, 25 ng/ml doxycycline","MDA231","breast cancer cell line","RBM47","25 ng/ml"
"6","SRP034873","SRX404077","breast cancer cell line clone, WT RBM47, 1 ng/ml doxycycline","MDA231","breast cancer cell line","RBM47","1 ng/ml"
"7","SRP034873","SRX404081","breast cancer cell line clone, RBM47-I281fs mutant, 0 ng/ml doxycycline","MDA231","breast cancer cell line","RBM47-I281fs","0 ng/ml"
"8","SRP034873","SRX404072","breast cancer cell line clone, WT RBM47, 1 ng/ml doxycycline","MDA231","breast cancer cell line","RBM47","1 ng/ml"
"9","SRP034873","SRX404082","breast cancer cell line clone, RBM47-I281fs mutant, 1 ng/ml doxycycline","MDA231","breast cancer cell line","RBM47-I281fs","1 ng/ml"
"10","SRP034873","SRX404071","breast cancer cell line clone, WT RBM47, 0 ng/ml doxycycline","MDA231","breast cancer cell line","RBM47","0 ng/ml"
"11","SRP034873","SRX404074","breast cancer cell line clone, WT RBM47, 5 ng/ml doxycycline","MDA231","breast cancer cell line","RBM47","5 ng/ml"
"12","SRP034873","SRX404083","breast cancer cell line clone, RBM47-I281fs mutant, 2.5 ng/ml doxycycline","MDA231","breast cancer cell line","RBM47-I281fs","2.5 ng/ml"
"13","SRP034873","SRX404079","breast cancer cell line clone, WT RBM47, 5 ng/ml doxycycline","MDA231","breast cancer cell line","RBM47","5 ng/ml"
"14","SRP034873","SRX404073","breast cancer cell line clone, WT RBM47, 2.5 ng/ml doxycycline","MDA231","breast cancer cell line","RBM47","2.5 ng/ml"
"15","SRP034873","SRX404085","breast cancer cell line clone, RBM47-I281fs mutant, 25 ng/ml doxycycline","MDA231","breast cancer cell line","RBM47-I281fs","25 ng/ml"
