"","study.accession","experiment.accession","source_name","tissue","disease.stage","gender"
"1","SRP049967","SRX761327","Nasopharyngeal carcinoma <U+2013> Primary tumor","Nasopharynx","Primary tumor","MALE"
"2","SRP049967","SRX761329","Nasopharyngeal carcinoma <U+2013> Primary tumor","Nasopharynx","Primary tumor","MALE"
"3","SRP049967","SRX761326","Nasopharyngeal carcinoma <U+2013> Primary tumor","Nasopharynx","Primary tumor","MALE"
"4","SRP049967","SRX761328","Nasopharyngeal carcinoma <U+2013> Primary tumor","Nasopharynx","Primary tumor","MALE"
