"","study.accession","experiment.accession","Sample.ID","Cell.Line","Pathology","Pathology.Occurrence"
"1","SRP057855","SRX1014927","GBM_71","BT-67","Brain glioblastoma multiforme","Primary"
"2","SRP057855","SRX1014925","GBM_95","BT-143","Brain glioblastoma multiforme","Recurrent-Relapse"
"3","SRP057855","SRX1014920","GBM_66","BT-12","Brain glioblastoma multiforme",NA
"4","SRP057855","SRX1014933","GBM_54","BT-84","Brain glioblastoma multiforme",NA
"5","SRP057855","SRX1014932","GBM_62","BT-189","Brain glioblastoma multiforme",NA
"6","SRP057855","SRX1014926","GBM_67","BT-147","Brain glioblastoma multiforme","Recurrent-Relapse"
"7","SRP057855","SRX1014921","GBM_63","BT-48","Brain glioblastoma multiforme",NA
"8","SRP057855","SRX1014931","GBM_101","BT-206","Brain glioblastoma multiforme",NA
"9","SRP057855","SRX1014929","GBM_112","BT-89","Brain glioblastoma multiforme","Primary"
"10","SRP057855","SRX1014922","GBM_103","BT-75","Brain glioblastoma multiforme","Primary"
"11","SRP057855","SRX1014930","GBM_100","BT-50","Brain glioblastoma multiforme",NA
"12","SRP057855","SRX1014923","GBM_64","BT-53","Brain glioblastoma multiforme","Primary"
"13","SRP057855","SRX1014928","GBM_58","BT-127","Brain glioblastoma multiforme","Primary"
"14","SRP057855","SRX1014934","GBM_107","BT-73","Brain glioblastoma multiforme",NA
