"","study.accession","experiment.accession","source_name","cell.line","rna.purification","agent"
"1","SRP041255","SRX520317","KOPT-K1 cell line","KOPT-K1 T-ALL cell line","Total RNA","control"
"2","SRP041255","SRX520321","KOPT-K1 cell line","KOPT-K1 T-ALL cell line","Total RNA","Silvestrol"
"3","SRP041255","SRX520320","KOPT-K1 cell line","KOPT-K1 T-ALL cell line","Total RNA","Silvestrol"
"4","SRP041255","SRX520319","KOPT-K1 cell line","KOPT-K1 T-ALL cell line","Total RNA","Silvestrol"
"5","SRP041255","SRX520312","KOPT-K1 cell line","KOPT-K1 T-ALL cell line","Ribosome protected RNA fragments","control"
"6","SRP041255","SRX520314","KOPT-K1 cell line","KOPT-K1 T-ALL cell line","Ribosome protected RNA fragments","Silvestrol"
"7","SRP041255","SRX520318","KOPT-K1 cell line","KOPT-K1 T-ALL cell line","Total RNA","control"
"8","SRP041255","SRX520313","KOPT-K1 cell line","KOPT-K1 T-ALL cell line","Ribosome protected RNA fragments","control"
"9","SRP041255","SRX520320","KOPT-K1 cell line","KOPT-K1 T-ALL cell line","Total RNA","Silvestrol"
"10","SRP041255","SRX520315","KOPT-K1 cell line","KOPT-K1 T-ALL cell line","Ribosome protected RNA fragments","Silvestrol"
"11","SRP041255","SRX520318","KOPT-K1 cell line","KOPT-K1 T-ALL cell line","Total RNA","control"
"12","SRP041255","SRX520319","KOPT-K1 cell line","KOPT-K1 T-ALL cell line","Total RNA","Silvestrol"
"13","SRP041255","SRX520316","KOPT-K1 cell line","KOPT-K1 T-ALL cell line","Total RNA","control"
"14","SRP041255","SRX520317","KOPT-K1 cell line","KOPT-K1 T-ALL cell line","Total RNA","control"
"15","SRP041255","SRX520321","KOPT-K1 cell line","KOPT-K1 T-ALL cell line","Total RNA","Silvestrol"
"16","SRP041255","SRX520316","KOPT-K1 cell line","KOPT-K1 T-ALL cell line","Total RNA","control"
"17","SRP041255","SRX520320","KOPT-K1 cell line","KOPT-K1 T-ALL cell line","Total RNA","Silvestrol"
"18","SRP041255","SRX520317","KOPT-K1 cell line","KOPT-K1 T-ALL cell line","Total RNA","control"
"19","SRP041255","SRX520321","KOPT-K1 cell line","KOPT-K1 T-ALL cell line","Total RNA","Silvestrol"
"20","SRP041255","SRX520316","KOPT-K1 cell line","KOPT-K1 T-ALL cell line","Total RNA","control"
"21","SRP041255","SRX520319","KOPT-K1 cell line","KOPT-K1 T-ALL cell line","Total RNA","Silvestrol"
"22","SRP041255","SRX520318","KOPT-K1 cell line","KOPT-K1 T-ALL cell line","Total RNA","control"
