"","study.accession","experiment.accession","source_name","tissue","age","race"
"1","SRP058722","SRX1038731","pure HG-DCIS","breast ductal carcinoma in situ","57","Hispanic"
"2","SRP058722","SRX1038715","normal breast epithelium","normal breast epithelial organoid","19","Black"
"3","SRP058722","SRX1038722","normal breast epithelium","normal breast epithelial organoid","34","White"
"4","SRP058722","SRX1038741","pure HG-DCIS","breast ductal carcinoma in situ","54","Hispanic"
"5","SRP058722","SRX1038742","pure HG-DCIS","breast ductal carcinoma in situ","46","White"
"6","SRP058722","SRX1038737","pure HG-DCIS","breast ductal carcinoma in situ","52","White"
"7","SRP058722","SRX1038726","pure HG-DCIS","breast ductal carcinoma in situ","33","White"
"8","SRP058722","SRX1038736","pure HG-DCIS","breast ductal carcinoma in situ","53","White"
"9","SRP058722","SRX1038748","pure HG-DCIS","breast ductal carcinoma in situ","74","White"
"10","SRP058722","SRX1038733","pure HG-DCIS","breast ductal carcinoma in situ","58","Black"
"11","SRP058722","SRX1038746","pure HG-DCIS","breast ductal carcinoma in situ","47","AMIndian/AlaskaNativ"
"12","SRP058722","SRX1038714","normal breast epithelium","normal breast epithelial organoid","44","White"
"13","SRP058722","SRX1038720","normal breast epithelium","normal breast epithelial organoid","20","Black"
"14","SRP058722","SRX1038719","normal breast epithelium","normal breast epithelial organoid","43","Black"
"15","SRP058722","SRX1038717","normal breast epithelium","normal breast epithelial organoid","44","White"
"16","SRP058722","SRX1038744","pure HG-DCIS","breast ductal carcinoma in situ","52","White"
"17","SRP058722","SRX1038723","normal breast epithelium","normal breast epithelial organoid","28","White"
"18","SRP058722","SRX1038724","pure HG-DCIS","breast ductal carcinoma in situ","71","White"
"19","SRP058722","SRX1038740","pure HG-DCIS","breast ductal carcinoma in situ","54","White"
"20","SRP058722","SRX1038727","pure HG-DCIS","breast ductal carcinoma in situ","49","White"
"21","SRP058722","SRX1038730","pure HG-DCIS","breast ductal carcinoma in situ","66","White"
"22","SRP058722","SRX1038732","pure HG-DCIS","breast ductal carcinoma in situ","54","White"
"23","SRP058722","SRX1038738","pure HG-DCIS","breast ductal carcinoma in situ","41","White"
"24","SRP058722","SRX1038729","pure HG-DCIS","breast ductal carcinoma in situ","47","Asian"
"25","SRP058722","SRX1038734","pure HG-DCIS","breast ductal carcinoma in situ","39","White"
"26","SRP058722","SRX1038743","pure HG-DCIS","breast ductal carcinoma in situ","48","White"
"27","SRP058722","SRX1038728","pure HG-DCIS","breast ductal carcinoma in situ","46","Black"
"28","SRP058722","SRX1038747","pure HG-DCIS","breast ductal carcinoma in situ","51","Black"
"29","SRP058722","SRX1038725","pure HG-DCIS","breast ductal carcinoma in situ","39","White"
"30","SRP058722","SRX1038721","normal breast epithelium","normal breast epithelial organoid","38","White"
"31","SRP058722","SRX1038716","normal breast epithelium","normal breast epithelial organoid","35","White"
"32","SRP058722","SRX1038739","pure HG-DCIS","breast ductal carcinoma in situ","50","White"
"33","SRP058722","SRX1038735","pure HG-DCIS","breast ductal carcinoma in situ","45","White"
"34","SRP058722","SRX1038745","pure HG-DCIS","breast ductal carcinoma in situ","82","Asian"
"35","SRP058722","SRX1038718","normal breast epithelium","normal breast epithelial organoid","37","White"
