"","study.accession","experiment.accession","source_name","Stage","grade","tumor.size","recurrence","lymph.node.metastasis"
"1","SRP014829","SRX176338","Triple-negative breast cancer (Invasive ductal carcinoma)","I","2","1","0","0"
"2","SRP014829","SRX176330","Triple-negative breast cancer (Invasive ductal carcinoma)","IIA","3","1","1","0"
"3","SRP014829","SRX176329","Triple-negative breast cancer (Invasive ductal carcinoma)","I","3","1","0","0"
"4","SRP014829","SRX176341","Triple-negative breast cancer (Invasive ductal carcinoma)","IIB","3","2","1","0"
"5","SRP014829","SRX176340","Triple-negative breast cancer (Invasive ductal carcinoma)","IIB","3","2","1","0"
"6","SRP014829","SRX176355","Adjacent normal tissue","N/A","N/A","N/A","N/A","N/A"
"7","SRP014829","SRX176348","Triple-negative breast cancer (Invasive ductal carcinoma)","IIA","3","1","1","0"
"8","SRP014829","SRX176342","Triple-negative breast cancer (Invasive ductal carcinoma)","IIA","3","2","0","0"
"9","SRP014829","SRX176343","Triple-negative breast cancer (Invasive ductal carcinoma)","IIB","3","2","1","1"
"10","SRP014829","SRX176325","Triple-negative breast cancer (Invasive ductal carcinoma)","IIIA","3","3","1","1"
"11","SRP014829","SRX176358","Adjacent normal tissue","N/A","N/A","N/A","N/A","N/A"
"12","SRP014829","SRX176351","Adjacent normal tissue","N/A","N/A","N/A","N/A","N/A"
"13","SRP014829","SRX176328","Triple-negative breast cancer (Invasive ductal carcinoma)","I","2","1","0","0"
"14","SRP014829","SRX176331","Triple-negative breast cancer (Invasive ductal carcinoma)","IIA","3","2","0","0"
"15","SRP014829","SRX176357","Adjacent normal tissue","N/A","N/A","N/A","N/A","N/A"
"16","SRP014829","SRX176339","Triple-negative breast cancer (Invasive ductal carcinoma)","IIA","2","2","0","1"
"17","SRP014829","SRX176354","Adjacent normal tissue","N/A","N/A","N/A","N/A","N/A"
"18","SRP014829","SRX176336","Triple-negative breast cancer (Invasive ductal carcinoma)","I","3","1","0","0"
"19","SRP014829","SRX176326","Triple-negative breast cancer (Invasive ductal carcinoma)","IIIC","3","2","1","0"
"20","SRP014829","SRX176356","Adjacent normal tissue","N/A","N/A","N/A","N/A","N/A"
"21","SRP014829","SRX176347","Triple-negative breast cancer (Invasive ductal carcinoma)","I","3","1","0","0"
"22","SRP014829","SRX176362","Adjacent normal tissue","N/A","N/A","N/A","N/A","N/A"
"23","SRP014829","SRX176352","Adjacent normal tissue","N/A","N/A","N/A","N/A","N/A"
"24","SRP014829","SRX176333","Triple-negative breast cancer (Invasive ductal carcinoma)","IIA","2","2","0","0"
"25","SRP014829","SRX176344","Triple-negative breast cancer (Invasive ductal carcinoma)","I","2","1","0","0"
"26","SRP014829","SRX176334","Triple-negative breast cancer (Invasive ductal carcinoma)","IIA","3","2","0","1"
"27","SRP014829","SRX176360","Adjacent normal tissue","N/A","N/A","N/A","N/A","N/A"
"28","SRP014829","SRX176332","Triple-negative breast cancer (Invasive ductal carcinoma)","IIA","3","2","0","0"
"29","SRP014829","SRX176353","Adjacent normal tissue","N/A","N/A","N/A","N/A","N/A"
"30","SRP014829","SRX176327","Triple-negative breast cancer (Invasive ductal carcinoma)","IIA","3","2","0","0"
"31","SRP014829","SRX176346","Triple-negative breast cancer (Invasive ductal carcinoma)","IIA","3","2","0","0"
"32","SRP014829","SRX176350","Adjacent normal tissue","N/A","N/A","N/A","N/A","N/A"
"33","SRP014829","SRX176359","Adjacent normal tissue","N/A","N/A","N/A","N/A","N/A"
"34","SRP014829","SRX176349","Adjacent normal tissue","N/A","N/A","N/A","N/A","N/A"
"35","SRP014829","SRX176361","Adjacent normal tissue","N/A","N/A","N/A","N/A","N/A"
"36","SRP014829","SRX176337","Triple-negative breast cancer (Invasive ductal carcinoma)","IIA","3","2","0","1"
"37","SRP014829","SRX176345","Triple-negative breast cancer (Invasive ductal carcinoma)","IIA","3","2","0","0"
"38","SRP014829","SRX176335","Triple-negative breast cancer (Invasive ductal carcinoma)","I","3","1","0","0"
