"","study.accession","experiment.accession","source_name","tissue","phenotype"
"1","SRP009123","SRX103487","liver tissue, non-tumor","liver","non-tumor"
"2","SRP009123","SRX103488","liver tissue, cancerous","liver","hepatocellular carcinoma"
"3","SRP009123","SRX103485","liver tissue, non-tumor","liver","non-tumor"
"4","SRP009123","SRX103486","liver tissue, cancerous","liver","hepatocellular carcinoma"
"5","SRP009123","SRX103489","liver tissue, non-tumor","liver","non-tumor"
"6","SRP009123","SRX103490","liver tissue, cancerous","liver","hepatocellular carcinoma"
