"","study.accession","experiment.accession","source_name","cell.line"
"1","SRP016059","SRX193419","gastric cancer cell line","SNU601"
"2","SRP016059","SRX193420","gastric cancer cell line","SNU668"
"3","SRP016059","SRX193413","gastric normal tissue","normal gastric tissue"
"4","SRP016059","SRX193415","primary cell cultrue","primary cell culture  from gastric cancer tissue"
"5","SRP016059","SRX193416","primary cell cultrue","primary cell culture  from gastric cancer tissue"
"6","SRP016059","SRX193418","gastric cancer cell line","SNU484"
"7","SRP016059","SRX193417","primary cell cultrue","primary cell culture  from gastric cancer tissue"
"8","SRP016059","SRX193414","gastric normal tissue","normal gastric tissue"
