"","study.accession","experiment.accession","isolate","age","biomaterial_provider","sex","tissue","BioSampleModel"
"1","SRP054252","SRX877861","The liver tissue was surgically resected from a 63-year-old woman with HBV-related liver cirrhosis.","63","Lu Xuemei's lab","female","Liver","Human"
"2","SRP054252","SRX878673","The liver tissue was surgically resected from a 63-year-old woman with HBV-related liver cirrhosis.","63","Lu Xuemei's lab","female","Liver","Human"
"3","SRP054252","SRX877865","The liver tissue was surgically resected from a 63-year-old woman with HBV-related liver cirrhosis.","63","Lu Xuemei's lab","female","Liver","Human"
"4","SRP054252","SRX878671","The liver tissue was surgically resected from a 63-year-old woman with HBV-related liver cirrhosis.","63","Lu Xuemei's lab","female","Liver","Human"
"5","SRP054252","SRX877863","The liver tissue was surgically resected from a 63-year-old woman with HBV-related liver cirrhosis.","63","Lu Xuemei's lab","female","Liver","Human"
"6","SRP054252","SRX878670","The liver tissue was surgically resected from a 63-year-old woman with HBV-related liver cirrhosis.","63","Lu Xuemei's lab","female","Liver","Human"
"7","SRP054252","SRX876430","The liver tissue was surgically resected from a 63-year-old woman with HBV-related liver cirrhosis.","63","Lu Xuemei's lab","female","Liver","Human"
"8","SRP054252","SRX878674","The liver tissue was surgically resected from a 63-year-old woman with HBV-related liver cirrhosis.","63","Lu Xuemei's lab","female","Liver","Human"
"9","SRP054252","SRX878669","The liver tissue was surgically resected from a 63-year-old woman with HBV-related liver cirrhosis.","63","Lu Xuemei's lab","female","Liver","Human"
"10","SRP054252","SRX873906","The liver tissue was surgically resected from a 63-year-old woman with HBV-related liver cirrhosis.","63","Lu Xuemei's lab","female","Liver","Human"
"11","SRP054252","SRX877864","The liver tissue was surgically resected from a 63-year-old woman with HBV-related liver cirrhosis.","63","Lu Xuemei's lab","female","Liver","Human"
"12","SRP054252","SRX877862","The liver tissue was surgically resected from a 63-year-old woman with HBV-related liver cirrhosis.","63","Lu Xuemei's lab","female","Liver","Human"
"13","SRP054252","SRX878672","The liver tissue was surgically resected from a 63-year-old woman with HBV-related liver cirrhosis.","63","Lu Xuemei's lab","female","Liver","Human"
"14","SRP054252","SRX877857","The liver tissue was surgically resected from a 63-year-old woman with HBV-related liver cirrhosis.","63","Lu Xuemei's lab","female","Liver","Human"
"15","SRP054252","SRX877860","The liver tissue was surgically resected from a 63-year-old woman with HBV-related liver cirrhosis.","63","Lu Xuemei's lab","female","Liver","Human"
"16","SRP054252","SRX878675","The liver tissue was surgically resected from a 63-year-old woman with HBV-related liver cirrhosis.","63","Lu Xuemei's lab","female","Liver","Human"
"17","SRP054252","SRX876607","The liver tissue was surgically resected from a 63-year-old woman with HBV-related liver cirrhosis.","63","Lu Xuemei's lab","female","Liver","Human"
