"","study.accession","experiment.accession","source_name","classification","genotype.variation","cell.line"
"1","SRP058871","SRX1044119","Tumor","Neuroendocrine tumor","Trp53;Rb1;Rbl2 triple knockout model",NA
"2","SRP058871","SRX1044116","Tumor","SCLC","NEUROD1high","H82"
"3","SRP058871","SRX1044118","Tumor","Neuroendocrine tumor","Trp53;Rb1;Rbl2 triple knockout model",NA
"4","SRP058871","SRX1044117","Tumor","SCLC","NEUROD1high","H524"
"5","SRP058871","SRX1044115","Tumor","SCLC","ASCL1high","H889"
"6","SRP058871","SRX1044114","Tumor","SCLC","ASCL1high","H2107"
