"","study.accession","experiment.accession","source_name","cell.line","chip.antibody","chip.antibody.vendor","transfected.with"
"1","SRP029365","SRX342209","HEK_BRD4_ChIP-seq","HEK293T","antibody against BRD4 long form","Abcam",NA
"2","SRP029365","SRX342204","HEK_control_RNA-seq","HEK293T",NA,NA,"none (control)"
"3","SRP029365","SRX342205","HEK_BRD4 KO_RNA-seq","HEK293T",NA,NA,"shRNA against BRD4"
"4","SRP029365","SRX342206","HEK_control_RNA-seq","HEK293T",NA,NA,"none (control)"
"5","SRP029365","SRX342207","HEK_BRD4 KO_RNA-seq","HEK293T",NA,NA,"shRNA against BRD4"
"6","SRP029365","SRX342211","HEK_BRD4_ChIP-seq","HEK293T","antibody against BRD4 long form",NA,NA
"7","SRP029365","SRX342210","HEK_IgG_ChIP-seq","HEK293T","IgG antibody","Jackson ImmunoResearch",NA
"8","SRP029365","SRX342208","HEK_IgG_ChIP-seq","HEK293T","IgG antibody","Jackson ImmunoResearch",NA
