"","study.accession","experiment.accession","subject.id","sample.name"
"1","SRP009378","SRX105956","NB1005","Gemline From Liver of NB1005"
"2","SRP009378","SRX106001","NB1005","Gemline From Skin of NB1005"
"3","SRP009378","SRX106003","NB1003",NA
"4","SRP009378","SRX106075","NB1001","Metastatic Neuroblastoma 1"
"5","SRP009378","SRX106006","NB1005","Metastatic Neuroblastoma II"
"6","SRP009378","SRX106076","NB1005","Metastatic Neuroblastoma II"
"7","SRP009378","SRX106002","NB1001","Metastatic Neuroblastoma 1"
"8","SRP009378","SRX106077","NB1003",NA
