"","study.accession","experiment.accession","gap_accession","submitter.handle","biospecimen.repository","study.name","study.design","biospecimen.repository.sample.id","submitted.sample.id","submitted.subject.id","gap_sample_id","gap_subject_id","histological.type","analyte.type","is.tumor","gap_consent_code","gap_consent_short_name"
"1","SRP057068","SRX986651","phs000868","NCI_PediatricNeuroblastoma","NCI_PediatricNeuroblastoma","Transcriptome Sequencing of Pediatric Neuroblastoma","Case Set","NB545","NB545","NB545","1461579","1129149","neuroblastoma","RNA","Yes","1","GRU"
"2","SRP057068","SRX986653","phs000868","NCI_PediatricNeuroblastoma","NCI_PediatricNeuroblastoma","Transcriptome Sequencing of Pediatric Neuroblastoma","Case Set","NB581","NB581","NB581","1461581","1129151","neuroblastoma","RNA","Yes","1","GRU"
"3","SRP057068","SRX986631","phs000868","NCI_PediatricNeuroblastoma","NCI_PediatricNeuroblastoma","Transcriptome Sequencing of Pediatric Neuroblastoma","Case Set","NB106","NB106","NB106","1461559","1129129","neuroblastoma","RNA","Yes","1","GRU"
"4","SRP057068","SRX986636","phs000868","NCI_PediatricNeuroblastoma","NCI_PediatricNeuroblastoma","Transcriptome Sequencing of Pediatric Neuroblastoma","Case Set","NB207","NB207","NB207","1461564","1129134","neuroblastoma","RNA","Yes","1","GRU"
"5","SRP057068","SRX986659","phs000868","NCI_PediatricNeuroblastoma","NCI_PediatricNeuroblastoma","Transcriptome Sequencing of Pediatric Neuroblastoma","Case Set","NB84","NB84","NB84","1461587","1129157","neuroblastoma","RNA","Yes","1","GRU"
"6","SRP057068","SRX986646","phs000868","NCI_PediatricNeuroblastoma","NCI_PediatricNeuroblastoma","Transcriptome Sequencing of Pediatric Neuroblastoma","Case Set","NB283","NB283","NB283","1461574","1129144","neuroblastoma","RNA","Yes","1","GRU"
"7","SRP057068","SRX986639","phs000868","NCI_PediatricNeuroblastoma","NCI_PediatricNeuroblastoma","Transcriptome Sequencing of Pediatric Neuroblastoma","Case Set","NB210","NB210","NB210","1461567","1129137","neuroblastoma","RNA","Yes","1","GRU"
"8","SRP057068","SRX986656","phs000868","NCI_PediatricNeuroblastoma","NCI_PediatricNeuroblastoma","Transcriptome Sequencing of Pediatric Neuroblastoma","Case Set","NB62","NB62","NB62","1461584","1129154","neuroblastoma","RNA","Yes","1","GRU"
"9","SRP057068","SRX986637","phs000868","NCI_PediatricNeuroblastoma","NCI_PediatricNeuroblastoma","Transcriptome Sequencing of Pediatric Neuroblastoma","Case Set","NB209","NB209","NB209","1461565","1129135","neuroblastoma","RNA","Yes","1","GRU"
"10","SRP057068","SRX986649","phs000868","NCI_PediatricNeuroblastoma","NCI_PediatricNeuroblastoma","Transcriptome Sequencing of Pediatric Neuroblastoma","Case Set","NB540","NB540","NB540","1461577","1129147","neuroblastoma","RNA","Yes","1","GRU"
"11","SRP057068","SRX986640","phs000868","NCI_PediatricNeuroblastoma","NCI_PediatricNeuroblastoma","Transcriptome Sequencing of Pediatric Neuroblastoma","Case Set","NB236","NB236","NB236","1461568","1129138","neuroblastoma","RNA","Yes","1","GRU"
"12","SRP057068","SRX986644","phs000868","NCI_PediatricNeuroblastoma","NCI_PediatricNeuroblastoma","Transcriptome Sequencing of Pediatric Neuroblastoma","Case Set","NB27","NB27","NB27","1461572","1129142","neuroblastoma","RNA","Yes","1","GRU"
"13","SRP057068","SRX986652","phs000868","NCI_PediatricNeuroblastoma","NCI_PediatricNeuroblastoma","Transcriptome Sequencing of Pediatric Neuroblastoma","Case Set","NB547","NB547","NB547","1461580","1129150","neuroblastoma","RNA","Yes","1","GRU"
"14","SRP057068","SRX986657","phs000868","NCI_PediatricNeuroblastoma","NCI_PediatricNeuroblastoma","Transcriptome Sequencing of Pediatric Neuroblastoma","Case Set","NB8","NB8","NB8","1461585","1129155","neuroblastoma","RNA","Yes","1","GRU"
"15","SRP057068","SRX986643","phs000868","NCI_PediatricNeuroblastoma","NCI_PediatricNeuroblastoma","Transcriptome Sequencing of Pediatric Neuroblastoma","Case Set","NB266","NB266","NB266","1461571","1129141","neuroblastoma","RNA","Yes","1","GRU"
"16","SRP057068","SRX986632","phs000868","NCI_PediatricNeuroblastoma","NCI_PediatricNeuroblastoma","Transcriptome Sequencing of Pediatric Neuroblastoma","Case Set","NB107","NB107","NB107","1461560","1129130","neuroblastoma","RNA","Yes","1","GRU"
"17","SRP057068","SRX986654","phs000868","NCI_PediatricNeuroblastoma","NCI_PediatricNeuroblastoma","Transcriptome Sequencing of Pediatric Neuroblastoma","Case Set","NB583","NB583","NB583","1461582","1129152","neuroblastoma","RNA","Yes","1","GRU"
"18","SRP057068","SRX986638","phs000868","NCI_PediatricNeuroblastoma","NCI_PediatricNeuroblastoma","Transcriptome Sequencing of Pediatric Neuroblastoma","Case Set","NB21","NB21","NB21","1461566","1129136","neuroblastoma","RNA","Yes","1","GRU"
"19","SRP057068","SRX986633","phs000868","NCI_PediatricNeuroblastoma","NCI_PediatricNeuroblastoma","Transcriptome Sequencing of Pediatric Neuroblastoma","Case Set","NB12","NB12","NB12","1461561","1129131","neuroblastoma","RNA","Yes","1","GRU"
"20","SRP057068","SRX986642","phs000868","NCI_PediatricNeuroblastoma","NCI_PediatricNeuroblastoma","Transcriptome Sequencing of Pediatric Neuroblastoma","Case Set","NB265","NB265","NB265","1461570","1129140","neuroblastoma","RNA","Yes","1","GRU"
"21","SRP057068","SRX986641","phs000868","NCI_PediatricNeuroblastoma","NCI_PediatricNeuroblastoma","Transcriptome Sequencing of Pediatric Neuroblastoma","Case Set","NB239","NB239","NB239","1461569","1129139","neuroblastoma","RNA","Yes","1","GRU"
"22","SRP057068","SRX986648","phs000868","NCI_PediatricNeuroblastoma","NCI_PediatricNeuroblastoma","Transcriptome Sequencing of Pediatric Neuroblastoma","Case Set","NB536","NB536","NB536","1461576","1129146","neuroblastoma","RNA","Yes","1","GRU"
"23","SRP057068","SRX986655","phs000868","NCI_PediatricNeuroblastoma","NCI_PediatricNeuroblastoma","Transcriptome Sequencing of Pediatric Neuroblastoma","Case Set","NB586","NB586","NB586","1461583","1129153","neuroblastoma","RNA","Yes","1","GRU"
"24","SRP057068","SRX986647","phs000868","NCI_PediatricNeuroblastoma","NCI_PediatricNeuroblastoma","Transcriptome Sequencing of Pediatric Neuroblastoma","Case Set","NB40","NB40","NB40","1461575","1129145","neuroblastoma","RNA","Yes","1","GRU"
"25","SRP057068","SRX986634","phs000868","NCI_PediatricNeuroblastoma","NCI_PediatricNeuroblastoma","Transcriptome Sequencing of Pediatric Neuroblastoma","Case Set","NB205","NB205","NB205","1461562","1129132","neuroblastoma","RNA","Yes","1","GRU"
"26","SRP057068","SRX986658","phs000868","NCI_PediatricNeuroblastoma","NCI_PediatricNeuroblastoma","Transcriptome Sequencing of Pediatric Neuroblastoma","Case Set","NB82","NB82","NB82","1461586","1129156","neuroblastoma","RNA","Yes","1","GRU"
"27","SRP057068","SRX986650","phs000868","NCI_PediatricNeuroblastoma","NCI_PediatricNeuroblastoma","Transcriptome Sequencing of Pediatric Neuroblastoma","Case Set","NB541","NB541","NB541","1461578","1129148","neuroblastoma","RNA","Yes","1","GRU"
"28","SRP057068","SRX986635","phs000868","NCI_PediatricNeuroblastoma","NCI_PediatricNeuroblastoma","Transcriptome Sequencing of Pediatric Neuroblastoma","Case Set","NB206","NB206","NB206","1461563","1129133","neuroblastoma","RNA","Yes","1","GRU"
"29","SRP057068","SRX986645","phs000868","NCI_PediatricNeuroblastoma","NCI_PediatricNeuroblastoma","Transcriptome Sequencing of Pediatric Neuroblastoma","Case Set","NB278","NB278","NB278","1461573","1129143","neuroblastoma","RNA","Yes","1","GRU"
