"","study.accession","experiment.accession","source_name","cell.type","camptothecin.exposure.time","bromouridine.labeling.start","bromouridine.labeling.time","treatment","stranded"
"1","SRP026690","SRX319695","Foreskin fibroblasts","Foreskin fibroblasts","0 minutes","NA","30 minutes","Control","TRUE"
"2","SRP026690","SRX319699","Foreskin fibroblasts","Foreskin fibroblasts","60 minutes","15 minutes after washout","15 minutes","CPT exposure","TRUE"
"3","SRP026690","SRX319700","Cockayne syndrome group B fibroblasts","Cockayne syndrome group B fibroblasts","0 minutes","NA","30 minutes","Control","TRUE"
"4","SRP026690","SRX319700","Cockayne syndrome group B fibroblasts","Cockayne syndrome group B fibroblasts","0 minutes","NA","30 minutes","Control","TRUE"
"5","SRP026690","SRX319696","Foreskin fibroblasts","Foreskin fibroblasts","0 minutes","NA","30 minutes","Control","TRUE"
"6","SRP026690","SRX319695","Foreskin fibroblasts","Foreskin fibroblasts","0 minutes","NA","30 minutes","Control","TRUE"
"7","SRP026690","SRX319697","Foreskin fibroblasts","Foreskin fibroblasts","60 minutes","15 minutes prior to washout","15 minutes","CPT exposure","TRUE"
"8","SRP026690","SRX319696","Foreskin fibroblasts","Foreskin fibroblasts","0 minutes","NA","30 minutes","Control","TRUE"
"9","SRP026690","SRX319702","Cockayne syndrome group B fibroblasts","Cockayne syndrome group B fibroblasts","60 minutes","Immediately after washout","15 minutes","CPT exposure","TRUE"
"10","SRP026690","SRX319695","Foreskin fibroblasts","Foreskin fibroblasts","0 minutes","NA","30 minutes","Control","TRUE"
"11","SRP026690","SRX319695","Foreskin fibroblasts","Foreskin fibroblasts","0 minutes","NA","30 minutes","Control","TRUE"
"12","SRP026690","SRX319701","Cockayne syndrome group B fibroblasts","Cockayne syndrome group B fibroblasts","60 minutes","15 minutes prior to washout","15 minutes","CPT exposure","TRUE"
"13","SRP026690","SRX319696","Foreskin fibroblasts","Foreskin fibroblasts","0 minutes","NA","30 minutes","Control","TRUE"
"14","SRP026690","SRX319703","Cockayne syndrome group B fibroblasts","Cockayne syndrome group B fibroblasts","60 minutes","15 minutes after washout","15 minutes","CPT exposure","TRUE"
"15","SRP026690","SRX319698","Foreskin fibroblasts","Foreskin fibroblasts","60 minutes","Immediately after washout","15 minutes","CPT exposure","TRUE"
"16","SRP026690","SRX319696","Foreskin fibroblasts","Foreskin fibroblasts","0 minutes","NA","30 minutes","Control","TRUE"
