"","study.accession","experiment.accession","source_name","diagnosis","tissue","genotype"
"1","SRP049408","SRX747628","Acute Myeloid Leukemia","Acute Myeloid Leukemia","Hematopoietic","NPM1 WT FLT3 WT"
"2","SRP049408","SRX747598","Acute Myeloid Leukemia","Acute Myeloid Leukemia","Hematopoietic","NPM1+ FLT3 ITD"
"3","SRP049408","SRX747601","Acute Myeloid Leukemia","Acute Myeloid Leukemia","Hematopoietic","NPM1+ FLT3 WT"
"4","SRP049408","SRX747606","Acute Myeloid Leukemia","Acute Myeloid Leukemia","Hematopoietic","NPM1+ FLT3 WT"
"5","SRP049408","SRX747610","Acute Myeloid Leukemia","Acute Myeloid Leukemia","Hematopoietic","NPM1 WT FLT3 ITD"
"6","SRP049408","SRX747615","Acute Myeloid Leukemia","Acute Myeloid Leukemia","Hematopoietic","NPM1 WT FLT3 ITD"
"7","SRP049408","SRX747625","Acute Myeloid Leukemia","Acute Myeloid Leukemia","Hematopoietic","NPM1 WT FLT3 WT"
"8","SRP049408","SRX747602","Acute Myeloid Leukemia","Acute Myeloid Leukemia","Hematopoietic","NPM1+ FLT3 WT"
"9","SRP049408","SRX747624","Acute Myeloid Leukemia","Acute Myeloid Leukemia","Hematopoietic","NPM1 WT FLT3 WT"
"10","SRP049408","SRX747619","Acute Myeloid Leukemia","Acute Myeloid Leukemia","Hematopoietic","NPM1 WT FLT3 WT"
"11","SRP049408","SRX747611","Acute Myeloid Leukemia","Acute Myeloid Leukemia","Hematopoietic","NPM1 WT FLT3 ITD"
"12","SRP049408","SRX747620","Acute Myeloid Leukemia","Acute Myeloid Leukemia","Hematopoietic","NPM1 WT FLT3 WT"
"13","SRP049408","SRX747622","Acute Myeloid Leukemia","Acute Myeloid Leukemia","Hematopoietic","NPM1 WT FLT3 WT"
"14","SRP049408","SRX747605","Acute Myeloid Leukemia","Acute Myeloid Leukemia","Hematopoietic","NPM1+ FLT3 WT"
"15","SRP049408","SRX747616","Acute Myeloid Leukemia","Acute Myeloid Leukemia","Hematopoietic","NPM1 WT FLT3 WT"
"16","SRP049408","SRX747618","Acute Myeloid Leukemia","Acute Myeloid Leukemia","Hematopoietic","NPM1 WT FLT3 WT"
"17","SRP049408","SRX747607","Acute Myeloid Leukemia","Acute Myeloid Leukemia","Hematopoietic","NPM1+ FLT3 WT"
"18","SRP049408","SRX747595","Acute Myeloid Leukemia","Acute Myeloid Leukemia","Hematopoietic","NPM1+ FLT3 ITD"
"19","SRP049408","SRX747629","Acute Myeloid Leukemia","Acute Myeloid Leukemia","Hematopoietic","NPM1 WT FLT3 WT"
"20","SRP049408","SRX747603","Acute Myeloid Leukemia","Acute Myeloid Leukemia","Hematopoietic","NPM1+ FLT3 WT"
"21","SRP049408","SRX747631","Acute Myeloid Leukemia","Acute Myeloid Leukemia","Hematopoietic","NPM1 WT FLT3 WT"
"22","SRP049408","SRX747633","Acute Myeloid Leukemia","Acute Myeloid Leukemia","Hematopoietic","NPM1 WT FLT3 WT"
"23","SRP049408","SRX747613","Acute Myeloid Leukemia","Acute Myeloid Leukemia","Hematopoietic","NPM1 WT FLT3 ITD"
"24","SRP049408","SRX747617","Acute Myeloid Leukemia","Acute Myeloid Leukemia","Hematopoietic","NPM1 WT FLT3 WT"
"25","SRP049408","SRX747634","Acute Myeloid Leukemia","Acute Myeloid Leukemia","Hematopoietic","NPM1 WT FLT3 WT"
"26","SRP049408","SRX747612","Acute Myeloid Leukemia","Acute Myeloid Leukemia","Hematopoietic","NPM1 WT FLT3 ITD"
"27","SRP049408","SRX747632","Acute Myeloid Leukemia","Acute Myeloid Leukemia","Hematopoietic","NPM1 WT FLT3 WT"
"28","SRP049408","SRX747597","Acute Myeloid Leukemia","Acute Myeloid Leukemia","Hematopoietic","NPM1+ FLT3 ITD"
"29","SRP049408","SRX747614","Acute Myeloid Leukemia","Acute Myeloid Leukemia","Hematopoietic","NPM1 WT FLT3 ITD"
"30","SRP049408","SRX747627","Acute Myeloid Leukemia","Acute Myeloid Leukemia","Hematopoietic","NPM1 WT FLT3 WT"
"31","SRP049408","SRX747600","Acute Myeloid Leukemia","Acute Myeloid Leukemia","Hematopoietic","NPM1+ FLT3 ITD"
"32","SRP049408","SRX747623","Acute Myeloid Leukemia","Acute Myeloid Leukemia","Hematopoietic","NPM1 WT FLT3 WT"
"33","SRP049408","SRX747599","Acute Myeloid Leukemia","Acute Myeloid Leukemia","Hematopoietic","NPM1+ FLT3 ITD"
"34","SRP049408","SRX747608","Acute Myeloid Leukemia","Acute Myeloid Leukemia","Hematopoietic","NPM1+ FLT3 WT"
"35","SRP049408","SRX747630","Acute Myeloid Leukemia","Acute Myeloid Leukemia","Hematopoietic","NPM1 WT FLT3 WT"
"36","SRP049408","SRX747621","Acute Myeloid Leukemia","Acute Myeloid Leukemia","Hematopoietic","NPM1 WT FLT3 WT"
"37","SRP049408","SRX747609","Acute Myeloid Leukemia","Acute Myeloid Leukemia","Hematopoietic","NPM1 WT FLT3 ITD"
"38","SRP049408","SRX747596","Acute Myeloid Leukemia","Acute Myeloid Leukemia","Hematopoietic","NPM1+ FLT3 ITD"
"39","SRP049408","SRX747604","Acute Myeloid Leukemia","Acute Myeloid Leukemia","Hematopoietic","NPM1+ FLT3 WT"
"40","SRP049408","SRX747626","Acute Myeloid Leukemia","Acute Myeloid Leukemia","Hematopoietic","NPM1 WT FLT3 WT"
