"","study.accession","experiment.accession","source_name","sample.type"
"1","SRP028282","SRX328459","prostate cancer cells","vehicle control"
"2","SRP028282","SRX328455","prostate cancer cells","<U+03B2>-catenin knockdown"
"3","SRP028282","SRX328457","prostate cancer cells","control"
"4","SRP028282","SRX328454","prostate cancer cells","AR knockdown"
"5","SRP028282","SRX328460","prostate cancer cells","vehicle control"
"6","SRP028282","SRX328452","prostate cancer cells","Wnt inhibitor (C3) treated"
"7","SRP028282","SRX328451","prostate cancer cells","Wnt inhibitor (C3) treated"
"8","SRP028282","SRX328458","prostate cancer cells","control"
"9","SRP028282","SRX328453","prostate cancer cells","AR knockdown"
"10","SRP028282","SRX328456","prostate cancer cells","<U+03B2>-catenin knockdown"
