"","study.accession","experiment.accession","source_name","cell.line","tissue","sirna","parental.cell.line"
"1","SRP061243","SRX1099563","MCF-7M cells","MCF-7M","breast","LIN28","MCF-7"
"2","SRP061243","SRX1099566","MCF-7M cells","MCF-7M","breast","LIN28 +A1 (LIN28A1)","MCF-7"
"3","SRP061243","SRX1099565","MCF-7M cells","MCF-7M","breast","hnRNP A1 (A1)","MCF-7"
"4","SRP061243","SRX1099564","MCF-7M cells","MCF-7M","breast","hnRNP A1 (A1)","MCF-7"
"5","SRP061243","SRX1099560","MCF-7M cells","MCF-7M","breast","non Targeting Control (NT)","MCF-7"
"6","SRP061243","SRX1099562","MCF-7M cells","MCF-7M","breast","LIN28","MCF-7"
"7","SRP061243","SRX1099567","MCF-7M cells","MCF-7M","breast","LIN28 +A1 (LIN28A1)","MCF-7"
"8","SRP061243","SRX1099561","MCF-7M cells","MCF-7M","breast","non Targeting Control (NT)","MCF-7"
