"","study.accession","experiment.accession","source_name","phenotype","cell.type"
"1","SRP026620","SRX318841","TICs from the CALU cell line","tumo initiating cells","TICs from the CALU cell line"
"2","SRP026620","SRX318835","TICs from the H1299 cell line","tumo initiating cells","TICs from the H1299 cell line"
"3","SRP026620","SRX318832","TICs from the H1703 cell line (PRKCI knock down)","tumo initiating cells","TICs from the H1703 cell line (PRKCI knock down)"
"4","SRP026620","SRX318839","TICs from the CHAGO cell line (PRKCI knock down)","tumo initiating cells","TICs from the CHAGO cell line (PRKCI knock down)"
"5","SRP026620","SRX318840","Adherent/parental cells from the CALU cell line","adehrent cells","Adherent/parental cells from the CALU cell line"
"6","SRP026620","SRX318833","Adherent/parental cells from the H1703 cell line","adehrent cells","Adherent/parental cells from the H1703 cell line"
"7","SRP026620","SRX318842","TICs from the CALU cell line (PRKCI knock down)","tumo initiating cells","TICs from the CALU cell line (PRKCI knock down)"
"8","SRP026620","SRX318838","TICs from the CHAGO cell line","tumo initiating cells","TICs from the CHAGO cell line"
"9","SRP026620","SRX318834","Adherent/parental cells from the H1299 cell line","adehrent cells","Adherent/parental cells from the H1299 cell line"
"10","SRP026620","SRX318831","TICs from the H1703 cell line","tumo initiating cells","TICs from the H1703 cell line"
"11","SRP026620","SRX318836","TICs from the H1299 cell line (PRKCI knock down)","tumo initiating cells","TICs from the H1299 cell line (PRKCI knock down)"
"12","SRP026620","SRX318837","Adherent/parental cells from the CHAGO cell line","adehrent cells","Adherent/parental cells from the CHAGO cell line"
