"","study.accession","experiment.accession","source_name","cell.line","cell.type","treated.with"
"1","SRP057758","SRX1012780","MCF7_E2","MCF7","ER+ breast cancer cell line","E2"
"2","SRP057758","SRX1012810","T47D_E2+Progesterone_3hr","T47D","ER+ breast cancer cell line","E2+Progesterone_3hr"
"3","SRP057758","SRX1012800","T47D_E2+Progesterone_3hr","T47D","ER+ breast cancer cell line","E2+Progesterone_3hr"
"4","SRP057758","SRX1012810","T47D_E2+Progesterone_3hr","T47D","ER+ breast cancer cell line","E2+Progesterone_3hr"
"5","SRP057758","SRX1012789","MCF7_E2","MCF7","ER+ breast cancer cell line","E2"
"6","SRP057758","SRX1012808","T47D_E2+R5020_3hr","T47D","ER+ breast cancer cell line","E2+R5020_3hr"
"7","SRP057758","SRX1012779","MCF7_E2+R5020_3hr","MCF7","ER+ breast cancer cell line","E2+R5020_3hr"
"8","SRP057758","SRX1012814","T47D_E2","T47D","ER+ breast cancer cell line","E2"
"9","SRP057758","SRX1012784","MCF7_E2+R5020_3hr","MCF7","ER+ breast cancer cell line","E2+R5020_3hr"
"10","SRP057758","SRX1012783","MCF7_E2+R5020_3hr","MCF7","ER+ breast cancer cell line","E2+R5020_3hr"
"11","SRP057758","SRX1012798","T47D_E2+Progesterone_3hr","T47D","ER+ breast cancer cell line","E2+Progesterone_3hr"
"12","SRP057758","SRX1012795","MCF7_E2","MCF7","ER+ breast cancer cell line","E2"
"13","SRP057758","SRX1012794","MCF7_E2+Progesterone_3hr","MCF7","ER+ breast cancer cell line","E2+Progesterone_3hr"
"14","SRP057758","SRX1012818","T47D_E2+R5020_3hr","T47D","ER+ breast cancer cell line","E2+R5020_3hr"
"15","SRP057758","SRX1012775","MCF7_E2+Progesterone_3hr","MCF7","ER+ breast cancer cell line","E2+Progesterone_3hr"
"16","SRP057758","SRX1012806","T47D_E2+R5020_3hr","T47D","ER+ breast cancer cell line","E2+R5020_3hr"
"17","SRP057758","SRX1012816","T47D_E2","T47D","ER+ breast cancer cell line","E2"
"18","SRP057758","SRX1012790","MCF7_E2+R5020_3hr","MCF7","ER+ breast cancer cell line","E2+R5020_3hr"
"19","SRP057758","SRX1012805","T47D_E2","T47D","ER+ breast cancer cell line","E2"
"20","SRP057758","SRX1012773","MCF7_E2+R5020_3hr","MCF7","ER+ breast cancer cell line","E2+R5020_3hr"
"21","SRP057758","SRX1012773","MCF7_E2+R5020_3hr","MCF7","ER+ breast cancer cell line","E2+R5020_3hr"
"22","SRP057758","SRX1012788","MCF7_E2+R5020_3hr","MCF7","ER+ breast cancer cell line","E2+R5020_3hr"
"23","SRP057758","SRX1012805","T47D_E2","T47D","ER+ breast cancer cell line","E2"
"24","SRP057758","SRX1012803","T47D_E2+R5020_3hr","T47D","ER+ breast cancer cell line","E2+R5020_3hr"
"25","SRP057758","SRX1012804","T47D_E2+Progesterone_3hr","T47D","ER+ breast cancer cell line","E2+Progesterone_3hr"
"26","SRP057758","SRX1012791","MCF7_E2+R5020_3hr","MCF7","ER+ breast cancer cell line","E2+R5020_3hr"
"27","SRP057758","SRX1012791","MCF7_E2+R5020_3hr","MCF7","ER+ breast cancer cell line","E2+R5020_3hr"
"28","SRP057758","SRX1012805","T47D_E2","T47D","ER+ breast cancer cell line","E2"
"29","SRP057758","SRX1012790","MCF7_E2+R5020_3hr","MCF7","ER+ breast cancer cell line","E2+R5020_3hr"
"30","SRP057758","SRX1012797","T47D_E2+R5020_3hr","T47D","ER+ breast cancer cell line","E2+R5020_3hr"
"31","SRP057758","SRX1012816","T47D_E2","T47D","ER+ breast cancer cell line","E2"
"32","SRP057758","SRX1012773","MCF7_E2+R5020_3hr","MCF7","ER+ breast cancer cell line","E2+R5020_3hr"
"33","SRP057758","SRX1012814","T47D_E2","T47D","ER+ breast cancer cell line","E2"
"34","SRP057758","SRX1012786","MCF7_E2+Progesterone_3hr","MCF7","ER+ breast cancer cell line","E2+Progesterone_3hr"
"35","SRP057758","SRX1012781","MCF7_E2","MCF7","ER+ breast cancer cell line","E2"
"36","SRP057758","SRX1012783","MCF7_E2+R5020_3hr","MCF7","ER+ breast cancer cell line","E2+R5020_3hr"
"37","SRP057758","SRX1012776","MCF7_E2","MCF7","ER+ breast cancer cell line","E2"
"38","SRP057758","SRX1012788","MCF7_E2+R5020_3hr","MCF7","ER+ breast cancer cell line","E2+R5020_3hr"
"39","SRP057758","SRX1012797","T47D_E2+R5020_3hr","T47D","ER+ breast cancer cell line","E2+R5020_3hr"
"40","SRP057758","SRX1012818","T47D_E2+R5020_3hr","T47D","ER+ breast cancer cell line","E2+R5020_3hr"
"41","SRP057758","SRX1012785","MCF7_E2","MCF7","ER+ breast cancer cell line","E2"
"42","SRP057758","SRX1012806","T47D_E2+R5020_3hr","T47D","ER+ breast cancer cell line","E2+R5020_3hr"
"43","SRP057758","SRX1012792","MCF7_E2+Progesterone_3hr","MCF7","ER+ breast cancer cell line","E2+Progesterone_3hr"
"44","SRP057758","SRX1012774","MCF7_E2+Progesterone_3hr","MCF7","ER+ breast cancer cell line","E2+Progesterone_3hr"
"45","SRP057758","SRX1012809","T47D_E2+R5020_3hr","T47D","ER+ breast cancer cell line","E2+R5020_3hr"
"46","SRP057758","SRX1012776","MCF7_E2","MCF7","ER+ breast cancer cell line","E2"
"47","SRP057758","SRX1012818","T47D_E2+R5020_3hr","T47D","ER+ breast cancer cell line","E2+R5020_3hr"
"48","SRP057758","SRX1012802","T47D_E2","T47D","ER+ breast cancer cell line","E2"
"49","SRP057758","SRX1012811","T47D_E2","T47D","ER+ breast cancer cell line","E2"
"50","SRP057758","SRX1012808","T47D_E2+R5020_3hr","T47D","ER+ breast cancer cell line","E2+R5020_3hr"
"51","SRP057758","SRX1012772","MCF7_E2","MCF7","ER+ breast cancer cell line","E2"
"52","SRP057758","SRX1012819","T47D_E2+Progesterone_3hr","T47D","ER+ breast cancer cell line","E2+Progesterone_3hr"
"53","SRP057758","SRX1012787","MCF7_E2+Progesterone_3hr","MCF7","ER+ breast cancer cell line","E2+Progesterone_3hr"
"54","SRP057758","SRX1012772","MCF7_E2","MCF7","ER+ breast cancer cell line","E2"
"55","SRP057758","SRX1012809","T47D_E2+R5020_3hr","T47D","ER+ breast cancer cell line","E2+R5020_3hr"
"56","SRP057758","SRX1012786","MCF7_E2+Progesterone_3hr","MCF7","ER+ breast cancer cell line","E2+Progesterone_3hr"
"57","SRP057758","SRX1012811","T47D_E2","T47D","ER+ breast cancer cell line","E2"
"58","SRP057758","SRX1012772","MCF7_E2","MCF7","ER+ breast cancer cell line","E2"
"59","SRP057758","SRX1012819","T47D_E2+Progesterone_3hr","T47D","ER+ breast cancer cell line","E2+Progesterone_3hr"
"60","SRP057758","SRX1012778","MCF7_E2+R5020_3hr","MCF7","ER+ breast cancer cell line","E2+R5020_3hr"
"61","SRP057758","SRX1012815","T47D_E2+R5020_3hr","T47D","ER+ breast cancer cell line","E2+R5020_3hr"
"62","SRP057758","SRX1012796","T47D_E2","T47D","ER+ breast cancer cell line","E2"
"63","SRP057758","SRX1012799","T47D_E2+Progesterone_3hr","T47D","ER+ breast cancer cell line","E2+Progesterone_3hr"
"64","SRP057758","SRX1012807","T47D_E2+Progesterone_3hr","T47D","ER+ breast cancer cell line","E2+Progesterone_3hr"
"65","SRP057758","SRX1012811","T47D_E2","T47D","ER+ breast cancer cell line","E2"
"66","SRP057758","SRX1012781","MCF7_E2","MCF7","ER+ breast cancer cell line","E2"
"67","SRP057758","SRX1012812","T47D_E2","T47D","ER+ breast cancer cell line","E2"
"68","SRP057758","SRX1012789","MCF7_E2","MCF7","ER+ breast cancer cell line","E2"
"69","SRP057758","SRX1012786","MCF7_E2+Progesterone_3hr","MCF7","ER+ breast cancer cell line","E2+Progesterone_3hr"
"70","SRP057758","SRX1012801","T47D_E2","T47D","ER+ breast cancer cell line","E2"
"71","SRP057758","SRX1012782","MCF7_E2","MCF7","ER+ breast cancer cell line","E2"
"72","SRP057758","SRX1012779","MCF7_E2+R5020_3hr","MCF7","ER+ breast cancer cell line","E2+R5020_3hr"
"73","SRP057758","SRX1012818","T47D_E2+R5020_3hr","T47D","ER+ breast cancer cell line","E2+R5020_3hr"
"74","SRP057758","SRX1012803","T47D_E2+R5020_3hr","T47D","ER+ breast cancer cell line","E2+R5020_3hr"
"75","SRP057758","SRX1012794","MCF7_E2+Progesterone_3hr","MCF7","ER+ breast cancer cell line","E2+Progesterone_3hr"
"76","SRP057758","SRX1012786","MCF7_E2+Progesterone_3hr","MCF7","ER+ breast cancer cell line","E2+Progesterone_3hr"
"77","SRP057758","SRX1012777","MCF7_E2+Progesterone_3hr","MCF7","ER+ breast cancer cell line","E2+Progesterone_3hr"
"78","SRP057758","SRX1012799","T47D_E2+Progesterone_3hr","T47D","ER+ breast cancer cell line","E2+Progesterone_3hr"
"79","SRP057758","SRX1012809","T47D_E2+R5020_3hr","T47D","ER+ breast cancer cell line","E2+R5020_3hr"
"80","SRP057758","SRX1012775","MCF7_E2+Progesterone_3hr","MCF7","ER+ breast cancer cell line","E2+Progesterone_3hr"
"81","SRP057758","SRX1012808","T47D_E2+R5020_3hr","T47D","ER+ breast cancer cell line","E2+R5020_3hr"
"82","SRP057758","SRX1012797","T47D_E2+R5020_3hr","T47D","ER+ breast cancer cell line","E2+R5020_3hr"
"83","SRP057758","SRX1012776","MCF7_E2","MCF7","ER+ breast cancer cell line","E2"
"84","SRP057758","SRX1012799","T47D_E2+Progesterone_3hr","T47D","ER+ breast cancer cell line","E2+Progesterone_3hr"
"85","SRP057758","SRX1012785","MCF7_E2","MCF7","ER+ breast cancer cell line","E2"
"86","SRP057758","SRX1012802","T47D_E2","T47D","ER+ breast cancer cell line","E2"
"87","SRP057758","SRX1012795","MCF7_E2","MCF7","ER+ breast cancer cell line","E2"
"88","SRP057758","SRX1012792","MCF7_E2+Progesterone_3hr","MCF7","ER+ breast cancer cell line","E2+Progesterone_3hr"
"89","SRP057758","SRX1012817","T47D_E2+Progesterone_3hr","T47D","ER+ breast cancer cell line","E2+Progesterone_3hr"
"90","SRP057758","SRX1012796","T47D_E2","T47D","ER+ breast cancer cell line","E2"
"91","SRP057758","SRX1012810","T47D_E2+Progesterone_3hr","T47D","ER+ breast cancer cell line","E2+Progesterone_3hr"
"92","SRP057758","SRX1012779","MCF7_E2+R5020_3hr","MCF7","ER+ breast cancer cell line","E2+R5020_3hr"
"93","SRP057758","SRX1012793","MCF7_E2+Progesterone_3hr","MCF7","ER+ breast cancer cell line","E2+Progesterone_3hr"
"94","SRP057758","SRX1012819","T47D_E2+Progesterone_3hr","T47D","ER+ breast cancer cell line","E2+Progesterone_3hr"
"95","SRP057758","SRX1012774","MCF7_E2+Progesterone_3hr","MCF7","ER+ breast cancer cell line","E2+Progesterone_3hr"
"96","SRP057758","SRX1012777","MCF7_E2+Progesterone_3hr","MCF7","ER+ breast cancer cell line","E2+Progesterone_3hr"
"97","SRP057758","SRX1012792","MCF7_E2+Progesterone_3hr","MCF7","ER+ breast cancer cell line","E2+Progesterone_3hr"
"98","SRP057758","SRX1012791","MCF7_E2+R5020_3hr","MCF7","ER+ breast cancer cell line","E2+R5020_3hr"
"99","SRP057758","SRX1012784","MCF7_E2+R5020_3hr","MCF7","ER+ breast cancer cell line","E2+R5020_3hr"
"100","SRP057758","SRX1012807","T47D_E2+Progesterone_3hr","T47D","ER+ breast cancer cell line","E2+Progesterone_3hr"
"101","SRP057758","SRX1012784","MCF7_E2+R5020_3hr","MCF7","ER+ breast cancer cell line","E2+R5020_3hr"
"102","SRP057758","SRX1012806","T47D_E2+R5020_3hr","T47D","ER+ breast cancer cell line","E2+R5020_3hr"
"103","SRP057758","SRX1012812","T47D_E2","T47D","ER+ breast cancer cell line","E2"
"104","SRP057758","SRX1012778","MCF7_E2+R5020_3hr","MCF7","ER+ breast cancer cell line","E2+R5020_3hr"
"105","SRP057758","SRX1012819","T47D_E2+Progesterone_3hr","T47D","ER+ breast cancer cell line","E2+Progesterone_3hr"
"106","SRP057758","SRX1012807","T47D_E2+Progesterone_3hr","T47D","ER+ breast cancer cell line","E2+Progesterone_3hr"
"107","SRP057758","SRX1012810","T47D_E2+Progesterone_3hr","T47D","ER+ breast cancer cell line","E2+Progesterone_3hr"
"108","SRP057758","SRX1012774","MCF7_E2+Progesterone_3hr","MCF7","ER+ breast cancer cell line","E2+Progesterone_3hr"
"109","SRP057758","SRX1012789","MCF7_E2","MCF7","ER+ breast cancer cell line","E2"
"110","SRP057758","SRX1012784","MCF7_E2+R5020_3hr","MCF7","ER+ breast cancer cell line","E2+R5020_3hr"
"111","SRP057758","SRX1012796","T47D_E2","T47D","ER+ breast cancer cell line","E2"
"112","SRP057758","SRX1012812","T47D_E2","T47D","ER+ breast cancer cell line","E2"
"113","SRP057758","SRX1012790","MCF7_E2+R5020_3hr","MCF7","ER+ breast cancer cell line","E2+R5020_3hr"
"114","SRP057758","SRX1012802","T47D_E2","T47D","ER+ breast cancer cell line","E2"
"115","SRP057758","SRX1012800","T47D_E2+Progesterone_3hr","T47D","ER+ breast cancer cell line","E2+Progesterone_3hr"
"116","SRP057758","SRX1012797","T47D_E2+R5020_3hr","T47D","ER+ breast cancer cell line","E2+R5020_3hr"
"117","SRP057758","SRX1012806","T47D_E2+R5020_3hr","T47D","ER+ breast cancer cell line","E2+R5020_3hr"
"118","SRP057758","SRX1012813","T47D_E2+R5020_3hr","T47D","ER+ breast cancer cell line","E2+R5020_3hr"
"119","SRP057758","SRX1012801","T47D_E2","T47D","ER+ breast cancer cell line","E2"
"120","SRP057758","SRX1012800","T47D_E2+Progesterone_3hr","T47D","ER+ breast cancer cell line","E2+Progesterone_3hr"
"121","SRP057758","SRX1012807","T47D_E2+Progesterone_3hr","T47D","ER+ breast cancer cell line","E2+Progesterone_3hr"
"122","SRP057758","SRX1012780","MCF7_E2","MCF7","ER+ breast cancer cell line","E2"
"123","SRP057758","SRX1012790","MCF7_E2+R5020_3hr","MCF7","ER+ breast cancer cell line","E2+R5020_3hr"
"124","SRP057758","SRX1012783","MCF7_E2+R5020_3hr","MCF7","ER+ breast cancer cell line","E2+R5020_3hr"
"125","SRP057758","SRX1012792","MCF7_E2+Progesterone_3hr","MCF7","ER+ breast cancer cell line","E2+Progesterone_3hr"
"126","SRP057758","SRX1012813","T47D_E2+R5020_3hr","T47D","ER+ breast cancer cell line","E2+R5020_3hr"
"127","SRP057758","SRX1012804","T47D_E2+Progesterone_3hr","T47D","ER+ breast cancer cell line","E2+Progesterone_3hr"
"128","SRP057758","SRX1012813","T47D_E2+R5020_3hr","T47D","ER+ breast cancer cell line","E2+R5020_3hr"
"129","SRP057758","SRX1012808","T47D_E2+R5020_3hr","T47D","ER+ breast cancer cell line","E2+R5020_3hr"
"130","SRP057758","SRX1012815","T47D_E2+R5020_3hr","T47D","ER+ breast cancer cell line","E2+R5020_3hr"
"131","SRP057758","SRX1012789","MCF7_E2","MCF7","ER+ breast cancer cell line","E2"
"132","SRP057758","SRX1012805","T47D_E2","T47D","ER+ breast cancer cell line","E2"
"133","SRP057758","SRX1012809","T47D_E2+R5020_3hr","T47D","ER+ breast cancer cell line","E2+R5020_3hr"
"134","SRP057758","SRX1012780","MCF7_E2","MCF7","ER+ breast cancer cell line","E2"
"135","SRP057758","SRX1012779","MCF7_E2+R5020_3hr","MCF7","ER+ breast cancer cell line","E2+R5020_3hr"
"136","SRP057758","SRX1012788","MCF7_E2+R5020_3hr","MCF7","ER+ breast cancer cell line","E2+R5020_3hr"
"137","SRP057758","SRX1012772","MCF7_E2","MCF7","ER+ breast cancer cell line","E2"
"138","SRP057758","SRX1012793","MCF7_E2+Progesterone_3hr","MCF7","ER+ breast cancer cell line","E2+Progesterone_3hr"
"139","SRP057758","SRX1012794","MCF7_E2+Progesterone_3hr","MCF7","ER+ breast cancer cell line","E2+Progesterone_3hr"
"140","SRP057758","SRX1012817","T47D_E2+Progesterone_3hr","T47D","ER+ breast cancer cell line","E2+Progesterone_3hr"
"141","SRP057758","SRX1012798","T47D_E2+Progesterone_3hr","T47D","ER+ breast cancer cell line","E2+Progesterone_3hr"
"142","SRP057758","SRX1012776","MCF7_E2","MCF7","ER+ breast cancer cell line","E2"
"143","SRP057758","SRX1012782","MCF7_E2","MCF7","ER+ breast cancer cell line","E2"
"144","SRP057758","SRX1012778","MCF7_E2+R5020_3hr","MCF7","ER+ breast cancer cell line","E2+R5020_3hr"
"145","SRP057758","SRX1012795","MCF7_E2","MCF7","ER+ breast cancer cell line","E2"
"146","SRP057758","SRX1012780","MCF7_E2","MCF7","ER+ breast cancer cell line","E2"
"147","SRP057758","SRX1012814","T47D_E2","T47D","ER+ breast cancer cell line","E2"
"148","SRP057758","SRX1012812","T47D_E2","T47D","ER+ breast cancer cell line","E2"
"149","SRP057758","SRX1012815","T47D_E2+R5020_3hr","T47D","ER+ breast cancer cell line","E2+R5020_3hr"
"150","SRP057758","SRX1012782","MCF7_E2","MCF7","ER+ breast cancer cell line","E2"
"151","SRP057758","SRX1012788","MCF7_E2+R5020_3hr","MCF7","ER+ breast cancer cell line","E2+R5020_3hr"
"152","SRP057758","SRX1012785","MCF7_E2","MCF7","ER+ breast cancer cell line","E2"
"153","SRP057758","SRX1012773","MCF7_E2+R5020_3hr","MCF7","ER+ breast cancer cell line","E2+R5020_3hr"
"154","SRP057758","SRX1012782","MCF7_E2","MCF7","ER+ breast cancer cell line","E2"
"155","SRP057758","SRX1012816","T47D_E2","T47D","ER+ breast cancer cell line","E2"
"156","SRP057758","SRX1012817","T47D_E2+Progesterone_3hr","T47D","ER+ breast cancer cell line","E2+Progesterone_3hr"
"157","SRP057758","SRX1012803","T47D_E2+R5020_3hr","T47D","ER+ breast cancer cell line","E2+R5020_3hr"
"158","SRP057758","SRX1012787","MCF7_E2+Progesterone_3hr","MCF7","ER+ breast cancer cell line","E2+Progesterone_3hr"
"159","SRP057758","SRX1012777","MCF7_E2+Progesterone_3hr","MCF7","ER+ breast cancer cell line","E2+Progesterone_3hr"
"160","SRP057758","SRX1012775","MCF7_E2+Progesterone_3hr","MCF7","ER+ breast cancer cell line","E2+Progesterone_3hr"
"161","SRP057758","SRX1012796","T47D_E2","T47D","ER+ breast cancer cell line","E2"
"162","SRP057758","SRX1012793","MCF7_E2+Progesterone_3hr","MCF7","ER+ breast cancer cell line","E2+Progesterone_3hr"
"163","SRP057758","SRX1012815","T47D_E2+R5020_3hr","T47D","ER+ breast cancer cell line","E2+R5020_3hr"
"164","SRP057758","SRX1012816","T47D_E2","T47D","ER+ breast cancer cell line","E2"
"165","SRP057758","SRX1012804","T47D_E2+Progesterone_3hr","T47D","ER+ breast cancer cell line","E2+Progesterone_3hr"
"166","SRP057758","SRX1012774","MCF7_E2+Progesterone_3hr","MCF7","ER+ breast cancer cell line","E2+Progesterone_3hr"
"167","SRP057758","SRX1012794","MCF7_E2+Progesterone_3hr","MCF7","ER+ breast cancer cell line","E2+Progesterone_3hr"
"168","SRP057758","SRX1012801","T47D_E2","T47D","ER+ breast cancer cell line","E2"
"169","SRP057758","SRX1012813","T47D_E2+R5020_3hr","T47D","ER+ breast cancer cell line","E2+R5020_3hr"
"170","SRP057758","SRX1012787","MCF7_E2+Progesterone_3hr","MCF7","ER+ breast cancer cell line","E2+Progesterone_3hr"
"171","SRP057758","SRX1012801","T47D_E2","T47D","ER+ breast cancer cell line","E2"
"172","SRP057758","SRX1012777","MCF7_E2+Progesterone_3hr","MCF7","ER+ breast cancer cell line","E2+Progesterone_3hr"
"173","SRP057758","SRX1012814","T47D_E2","T47D","ER+ breast cancer cell line","E2"
"174","SRP057758","SRX1012798","T47D_E2+Progesterone_3hr","T47D","ER+ breast cancer cell line","E2+Progesterone_3hr"
"175","SRP057758","SRX1012798","T47D_E2+Progesterone_3hr","T47D","ER+ breast cancer cell line","E2+Progesterone_3hr"
"176","SRP057758","SRX1012804","T47D_E2+Progesterone_3hr","T47D","ER+ breast cancer cell line","E2+Progesterone_3hr"
"177","SRP057758","SRX1012803","T47D_E2+R5020_3hr","T47D","ER+ breast cancer cell line","E2+R5020_3hr"
"178","SRP057758","SRX1012799","T47D_E2+Progesterone_3hr","T47D","ER+ breast cancer cell line","E2+Progesterone_3hr"
"179","SRP057758","SRX1012785","MCF7_E2","MCF7","ER+ breast cancer cell line","E2"
"180","SRP057758","SRX1012811","T47D_E2","T47D","ER+ breast cancer cell line","E2"
"181","SRP057758","SRX1012778","MCF7_E2+R5020_3hr","MCF7","ER+ breast cancer cell line","E2+R5020_3hr"
"182","SRP057758","SRX1012783","MCF7_E2+R5020_3hr","MCF7","ER+ breast cancer cell line","E2+R5020_3hr"
"183","SRP057758","SRX1012787","MCF7_E2+Progesterone_3hr","MCF7","ER+ breast cancer cell line","E2+Progesterone_3hr"
"184","SRP057758","SRX1012795","MCF7_E2","MCF7","ER+ breast cancer cell line","E2"
"185","SRP057758","SRX1012781","MCF7_E2","MCF7","ER+ breast cancer cell line","E2"
"186","SRP057758","SRX1012775","MCF7_E2+Progesterone_3hr","MCF7","ER+ breast cancer cell line","E2+Progesterone_3hr"
"187","SRP057758","SRX1012800","T47D_E2+Progesterone_3hr","T47D","ER+ breast cancer cell line","E2+Progesterone_3hr"
"188","SRP057758","SRX1012791","MCF7_E2+R5020_3hr","MCF7","ER+ breast cancer cell line","E2+R5020_3hr"
"189","SRP057758","SRX1012802","T47D_E2","T47D","ER+ breast cancer cell line","E2"
"190","SRP057758","SRX1012793","MCF7_E2+Progesterone_3hr","MCF7","ER+ breast cancer cell line","E2+Progesterone_3hr"
"191","SRP057758","SRX1012817","T47D_E2+Progesterone_3hr","T47D","ER+ breast cancer cell line","E2+Progesterone_3hr"
"192","SRP057758","SRX1012781","MCF7_E2","MCF7","ER+ breast cancer cell line","E2"
