"","study.accession","experiment.accession","source_name","tissue","cell.line","cell.type","origin"
"1","SRP006731","SRX062035","LNCaP","Prostate","LNCaP","Cancer Cell Line","Cell Line"
"2","SRP006731","SRX062039","PrEC","Prostate","PrEC","Normal Cell Line","Cell Line"
"3","SRP006731","SRX062037","PrEC","Prostate","PrEC","Normal Cell Line","Cell Line"
"4","SRP006731","SRX062032","LNCaP","Prostate","LNCaP","Cancer Cell Line","Cell Line"
"5","SRP006731","SRX062038","PrEC","Prostate","PrEC","Normal Cell Line","Cell Line"
"6","SRP006731","SRX062030","LNCaP","Prostate","LNCaP","Cancer Cell Line","Cell Line"
"7","SRP006731","SRX062029","LNCaP","Prostate","LNCaP","Cancer Cell Line","Cell Line"
"8","SRP006731","SRX062033","LNCaP","Prostate","LNCaP","Cancer Cell Line","Cell Line"
"9","SRP006731","SRX062034","LNCaP","Prostate","LNCaP","Cancer Cell Line","Cell Line"
"10","SRP006731","SRX062031","LNCaP","Prostate","LNCaP","Cancer Cell Line","Cell Line"
"11","SRP006731","SRX062036","PrEC","Prostate","PrEC","Normal Cell Line","Cell Line"
