"","study.accession","experiment.accession","source_name","tissue","cell.line"
"1","SRP047459","SRX709606","MCF10A cells_ginkgolic acid","breast","MCF10A"
"2","SRP047459","SRX709608","MCF10A_NOTCH_ cells_DMSO","breast","MCF10A"
"3","SRP047459","SRX709609","MCF10A_NOTCH_ cells_DMSO","breast","MCF10A"
"4","SRP047459","SRX709610","MCF10A_NOTCH_ cells_ginkgolic acid","breast","MCF10A"
"5","SRP047459","SRX709607","MCF10A cells_ginkgolic acid","breast","MCF10A"
"6","SRP047459","SRX709605","MCF10A cells_DMSO","breast","MCF10A"
"7","SRP047459","SRX709611","MCF10A_NOTCH_ cells_ginkgolic acid","breast","MCF10A"
"8","SRP047459","SRX709604","MCF10A cells_DMSO","breast","MCF10A"
