"","study.accession","experiment.accession","cell_line","disease","label"
"1","SRP028530","SRX332547","C4-4","ovarian cancer","C4-4"
"2","SRP028530","SRX332310","PEO1","ovarian cancer","PEO1"
"3","SRP028530","SRX332560","C4-4","ovarian cancer","C4-4"
"4","SRP028530","SRX331765","C4-4","ovarian cancer","C4-4"
"5","SRP028530","SRX332196","PEO1","ovarian cancer","PEO1"
"6","SRP028530","SRX332340","PEO1","ovarian cancer","PEO1"
"7","SRP028530","SRX332391","PEO1","ovarian cancer","PEO1"
"8","SRP028530","SRX332171","PEO1","ovarian cancer","PEO1"
"9","SRP028530","SRX332372","PEO1","ovarian cancer","PEO1"
"10","SRP028530","SRX332172","PEO1","ovarian cancer","PEO1"
"11","SRP028530","SRX331764","PEO1","ovarian cancer","PEO1"
"12","SRP028530","SRX332369","PEO1","ovarian cancer","PEO1"
"13","SRP028530","SRX332563","C4-4","ovarian cancer","C4-4"
"14","SRP028530","SRX332578","C4-4","ovarian cancer","C4-4"
"15","SRP028530","SRX332562","C4-4","ovarian cancer","C4-4"
"16","SRP028530","SRX332545","C4-4","ovarian cancer","C4-4"
"17","SRP028530","SRX331762","PEO1","ovarian cancer","PEO1"
"18","SRP028530","SRX332195","PEO1","ovarian cancer","PEO1"
"19","SRP028530","SRX332366","PEO1","ovarian cancer","PEO1"
"20","SRP028530","SRX332559","C4-4","ovarian cancer","C4-4"
"21","SRP028530","SRX331826","C4-4","ovarian cancer","C4-4"
"22","SRP028530","SRX332173","PEO1","ovarian cancer","PEO1"
"23","SRP028530","SRX332395","PEO1","ovarian cancer","PEO1"
"24","SRP028530","SRX332580","C4-4","ovarian cancer","C4-4"
"25","SRP028530","SRX331824","C4-4","ovarian cancer","C4-4"
"26","SRP028530","SRX332375","PEO1","ovarian cancer","PEO1"
"27","SRP028530","SRX332577","C4-4","ovarian cancer","C4-4"
"28","SRP028530","SRX332341","PEO1","ovarian cancer","PEO1"
"29","SRP028530","SRX332561","C4-4","ovarian cancer","C4-4"
"30","SRP028530","SRX332579","C4-4","ovarian cancer","C4-4"
"31","SRP028530","SRX331754","PEO1","ovarian cancer","PEO1"
"32","SRP028530","SRX332556","C4-4","ovarian cancer","C4-4"
"33","SRP028530","SRX331825","C4-4","ovarian cancer","C4-4"
"34","SRP028530","SRX332558","C4-4","ovarian cancer","C4-4"
"35","SRP028530","SRX332370","PEO1","ovarian cancer","PEO1"
"36","SRP028530","SRX331763","PEO1","ovarian cancer","PEO1"
"37","SRP028530","SRX332555","C4-4","ovarian cancer","C4-4"
"38","SRP028530","SRX332557","C4-4","ovarian cancer","C4-4"
"39","SRP028530","SRX332576","C4-4","ovarian cancer","C4-4"
"40","SRP028530","SRX332397","PEO1","ovarian cancer","PEO1"
