"","study.accession","experiment.accession","isolate","age","biomaterial_provider","sex","tissue","BioSampleModel"
"1","SRP045645","SRX684794","stage I endometrioid endometrial","32","Qingping Jiang","female","adjacent non-tumorous","Human"
"2","SRP045645","SRX684972","stage I endometrioid endometrial","47","Qingping Jiang","female","adjacent non-tumorous","Human"
"3","SRP045645","SRX685270","stage I endometrioid endometrial","46","Qingping Jiang","female","tumor","Human"
"4","SRP045645","SRX685275","stage I endometrioid endometrial","47","Qingping Jiang","female","adjacent non-tumorous","Human"
"5","SRP045645","SRX684193","stage I endometrioid endometrial","46","Qingping Jiang","female","tumor","Human"
"6","SRP045645","SRX685274","stage I endometrioid endometrial","47","Qingping Jiang","female","tumor","Human"
"7","SRP045645","SRX684793","stage I endometrioid endometrial","32","Qingping Jiang","female","tumor","Human"
"8","SRP045645","SRX685273","stage I endometrioid endometrial","32","Qingping Jiang","female","adjacent non-tumorous","Human"
"9","SRP045645","SRX684392","stage I endometrioid endometrial","46","Qingping Jiang","female","adjacent non-tumorous","Human"
"10","SRP045645","SRX685271","stage I endometrioid endometrial","46","Qingping Jiang","female","adjacent non-tumorous","Human"
"11","SRP045645","SRX684971","stage I endometrioid endometrial","47","Qingping Jiang","female","tumor","Human"
"12","SRP045645","SRX685272","stage I endometrioid endometrial","32","Qingping Jiang","female","tumor","Human"
