"","study.accession","experiment.accession","source_name","tissue","age","Sex","tumor.stage","genotype.variation"
"1","SRP027530","SRX323589","Thyroid tumor","Thyroid cancer","57","female","T1bN0M0","BRAF-mut"
"2","SRP027530","SRX323603","Thyroid tumor","Thyroid cancer","57","female","T1bN0M0","BRAF-mut"
"3","SRP027530","SRX323599","Thyroid tumor","Thyroid cancer","44","female","T1bN1aM0","BRAF-wt"
"4","SRP027530","SRX323591","Thyroid tumor","Thyroid cancer","51","male","T1bN1aM0","BRAF-mut"
"5","SRP027530","SRX323590","Thyroid tumor","Thyroid cancer","79","male","T1bN0M0","BRAF-mut"
"6","SRP027530","SRX323606","Thyroid tumor","Thyroid cancer","35","female","T2N1aM0","BRAF - mut"
"7","SRP027530","SRX323593","Thyroid tumor","Thyroid cancer","41","female","T1bN0M0","BRAF-wt"
"8","SRP027530","SRX323594","Thyroid tumor","Thyroid cancer","31","female","T3N1aM0","BRAF-mut"
"9","SRP027530","SRX323596","Thyroid tumor","Thyroid cancer","61","female","T1bN0M0","BRAF-mut"
"10","SRP027530","SRX323588","Thyroid tumor","Thyroid cancer","41","female","T3N1aM0","BRAF-mut"
"11","SRP027530","SRX323604","Thyroid tumor","Thyroid cancer","33","female","T3N1bM0","BRAF-wt"
"12","SRP027530","SRX323595","Thyroid tumor","Thyroid cancer","34","female","T1bN0M0","BRAF-wt"
"13","SRP027530","SRX323607","Thyroid tumor","Thyroid cancer","43","male","T2N0M0","BRAF-wt"
"14","SRP027530","SRX323597","Thyroid tumor","Thyroid cancer","55","male","T1bN0M0","BRAF-wt"
"15","SRP027530","SRX323592","Thyroid tumor","Thyroid cancer","39","male","T2N1aM0","BRAF-mut"
"16","SRP027530","SRX323605","Thyroid tumor","Thyroid cancer","63","female","T1bN1aM0","BRAF - mut"
"17","SRP027530","SRX323602","Thyroid tumor","Thyroid cancer","35","female","T1bN0M0","BRAF-wt"
"18","SRP027530","SRX323598","Thyroid tumor","Thyroid cancer","81","female","T3N1bM0","BRAF-mut"
"19","SRP027530","SRX323600","Thyroid tumor","Thyroid cancer","38","male","T2N0M0","BRAF-wt"
"20","SRP027530","SRX323601","Thyroid tumor","Thyroid cancer","38","female","T2N1aM0","BRAF-mut"
