"","study.accession","experiment.accession","source_name","cell.type","cell.line","treatment"
"1","SRP056498","SRX967541","Cell lines","Pancreatic adenocarcinoma epithelial cells","Panc.04.03","control siRNA with 6h IFNg"
"2","SRP056498","SRX967535","Cell lines","Bronchial epithelial cells","Beas-2B","SUZ12 siRNA with 6h IFNg"
"3","SRP056498","SRX967537","Cell lines","Prostate carcinoma cells","PC-3","control siRNA with 6h IFNg"
"4","SRP056498","SRX967505","Cell lines","Pancreatic adenocarcinoma cells","AsPC1","control siRNA with 6h IFNg"
"5","SRP056498","SRX967540","Cell lines","Pancreatic adenocarcinoma epithelial cells","Panc.04.03","control siRNA without IFNg treatment"
"6","SRP056498","SRX967538","Cell lines","Prostate carcinoma cells","PC-3","SUZ12 siRNA without IFNg treatment"
"7","SRP056498","SRX967534","Cell lines","Bronchial epithelial cells","Beas-2B","SUZ12 siRNA without IFNg treatment"
"8","SRP056498","SRX967514","Cell lines","Breast cancer cells","MDA-MB-231","SUZ12 siRNA without IFNg treatment"
"9","SRP056498","SRX967520","Cell lines","Non-small cell lung cancer cells","A549","control siRNA without IFNg treatment"
"10","SRP056498","SRX967546","Cell lines","Adrenocortical carcinoma cells","SW13","SUZ12 siRNA without IFNg treatment"
"11","SRP056498","SRX967524","Cell lines","Non-transformed prostatic epithelial cells","BPH-1","control siRNA without IFNg treatment"
"12","SRP056498","SRX967508","Cell lines","Cervical cancer cells","HeLa","control siRNA without IFNg treatment"
"13","SRP056498","SRX967516","Cell lines","Breast epithelial cells","184A1","control siRNA without IFNg treatment"
"14","SRP056498","SRX967512","Cell lines","Breast cancer cells","MDA-MB-231","control siRNA without IFNg treatment"
"15","SRP056498","SRX967528","Cell lines","Breast cancer cells","MCF-7","control siRNA without IFNg treatment"
"16","SRP056498","SRX967519","Cell lines","Breast epithelial cells","184A1","SUZ12 siRNA with 6h IFNg"
"17","SRP056498","SRX967547","Cell lines","Adrenocortical carcinoma cells","SW13","SUZ12 siRNA with 6h IFNg"
"18","SRP056498","SRX967521","Cell lines","Non-small cell lung cancer cells","A549","control siRNA with 6h IFNg"
"19","SRP056498","SRX967532","Cell lines","Bronchial epithelial cells","Beas-2B","control siRNA without IFNg treatment"
"20","SRP056498","SRX967531","Cell lines","Breast cancer cells","MCF-7","SUZ12 siRNA with 6h IFNg"
"21","SRP056498","SRX967543","Cell lines","Pancreatic adenocarcinoma epithelial cells","Panc.04.03","SUZ12 siRNA with 6h IFNg"
"22","SRP056498","SRX967523","Cell lines","Non-small cell lung cancer cells","A549","SUZ12 siRNA with 6h IFNg"
"23","SRP056498","SRX967522","Cell lines","Non-small cell lung cancer cells","A549","SUZ12 siRNA without IFNg treatment"
"24","SRP056498","SRX967545","Cell lines","Adrenocortical carcinoma cells","SW13","control siRNA with 6h IFNg"
"25","SRP056498","SRX967515","Cell lines","Breast cancer cells","MDA-MB-231","SUZ12 siRNA with 6h IFNg"
"26","SRP056498","SRX967526","Cell lines","Non-transformed prostatic epithelial cells","BPH-1","SUZ12 siRNA without IFNg treatment"
"27","SRP056498","SRX967513","Cell lines","Breast cancer cells","MDA-MB-231","control siRNA with 6h IFNg"
"28","SRP056498","SRX967527","Cell lines","Non-transformed prostatic epithelial cells","BPH-1","SUZ12 siRNA with 6h IFNg"
"29","SRP056498","SRX967504","Cell lines","Pancreatic adenocarcinoma cells","AsPC1","control siRNA without IFNg treatment"
"30","SRP056498","SRX967518","Cell lines","Breast epithelial cells","184A1","SUZ12 siRNA without IFNg treatment"
"31","SRP056498","SRX967509","Cell lines","Cervical cancer cells","HeLa","control siRNA with 6h IFNg"
"32","SRP056498","SRX967517","Cell lines","Breast epithelial cells","184A1","control siRNA with 6h IFNg"
"33","SRP056498","SRX967529","Cell lines","Breast cancer cells","MCF-7","control siRNA with 6h IFNg"
"34","SRP056498","SRX967544","Cell lines","Adrenocortical carcinoma cells","SW13","control siRNA without IFNg treatment"
"35","SRP056498","SRX967506","Cell lines","Pancreatic adenocarcinoma cells","AsPC1","SUZ12 siRNA without IFNg treatment"
"36","SRP056498","SRX967539","Cell lines","Prostate carcinoma cells","PC-3","SUZ12 siRNA with 6h IFNg"
"37","SRP056498","SRX967530","Cell lines","Breast cancer cells","MCF-7","SUZ12 siRNA without IFNg treatment"
"38","SRP056498","SRX967511","Cell lines","Cervical cancer cells","HeLa","SUZ12 siRNA with 6h IFNg"
"39","SRP056498","SRX967533","Cell lines","Bronchial epithelial cells","Beas-2B","control siRNA with 6h IFNg"
"40","SRP056498","SRX967542","Cell lines","Pancreatic adenocarcinoma epithelial cells","Panc.04.03","SUZ12 siRNA without IFNg treatment"
"41","SRP056498","SRX967536","Cell lines","Prostate carcinoma cells","PC-3","control siRNA without IFNg treatment"
"42","SRP056498","SRX967525","Cell lines","Non-transformed prostatic epithelial cells","BPH-1","control siRNA with 6h IFNg"
"43","SRP056498","SRX967507","Cell lines","Pancreatic adenocarcinoma cells","AsPC1","SUZ12 siRNA with 6h IFNg"
"44","SRP056498","SRX967510","Cell lines","Cervical cancer cells","HeLa","SUZ12 siRNA without IFNg treatment"
