"","study.accession","experiment.accession","source_name","cell.type","cell.origin","treatment"
"1","SRP045234","SRX669200","induced pluripotent stem cell-derived hematopoietic cells","lin-CD34+CD45+","BM1K","5 uM imatinib"
"2","SRP045234","SRX669203","induced pluripotent stem cell-derived hematopoietic cells","lin-CD34+CD45+","CML17","5 uM imatinib"
"3","SRP045234","SRX669201","induced pluripotent stem cell-derived hematopoietic cells","lin-CD34+CD45+","BM9","5 uM imatinib"
"4","SRP045234","SRX669196","induced pluripotent stem cell-derived hematopoietic cells","lin-CD34+CD45+","BM1K","DMSO"
"5","SRP045234","SRX669197","induced pluripotent stem cell-derived hematopoietic cells","lin-CD34+CD45+","BM9","DMSO"
"6","SRP045234","SRX669202","induced pluripotent stem cell-derived hematopoietic cells","lin-CD34+CD45+","CML15","5 uM imatinib"
"7","SRP045234","SRX669199","induced pluripotent stem cell-derived hematopoietic cells","lin-CD34+CD45+","CML17","DMSO"
"8","SRP045234","SRX669198","induced pluripotent stem cell-derived hematopoietic cells","lin-CD34+CD45+","CML15","DMSO"
