"","study.accession","experiment.accession","source_name","tumor.type"
"1","SRP032789","SRX374863","Primary Tumor","HER2 Positive Breast Tumor"
"2","SRP032789","SRX374867","normal human breast organoids","Normal Breast Organoids"
"3","SRP032789","SRX374860","Primary Tumor","Non-TNBC Breast Tumor"
"4","SRP032789","SRX374856","Primary Tumor","Non-TNBC Breast Tumor"
"5","SRP032789","SRX374853","Primary Tumor","TNBC Breast Tumor"
"6","SRP032789","SRX374854","Primary Tumor","TNBC Breast Tumor"
"7","SRP032789","SRX374857","Primary Tumor","Non-TNBC Breast Tumor"
"8","SRP032789","SRX374850","Primary Tumor","TNBC Breast Tumor"
"9","SRP032789","SRX374868","normal human breast organoids","Normal Breast Organoids"
"10","SRP032789","SRX374861","Primary Tumor","Non-TNBC Breast Tumor"
"11","SRP032789","SRX374866","Primary Tumor","HER2 Positive Breast Tumor"
"12","SRP032789","SRX374864","Primary Tumor","HER2 Positive Breast Tumor"
"13","SRP032789","SRX374851","Primary Tumor","TNBC Breast Tumor"
"14","SRP032789","SRX374869","normal human breast organoids","Normal Breast Organoids"
"15","SRP032789","SRX374859","Primary Tumor","Non-TNBC Breast Tumor"
"16","SRP032789","SRX374858","Primary Tumor","Non-TNBC Breast Tumor"
"17","SRP032789","SRX374862","Primary Tumor","HER2 Positive Breast Tumor"
"18","SRP032789","SRX374855","Primary Tumor","TNBC Breast Tumor"
"19","SRP032789","SRX374852","Primary Tumor","TNBC Breast Tumor"
"20","SRP032789","SRX374865","Primary Tumor","HER2 Positive Breast Tumor"
