"","study.accession","experiment.accession","source_name","cell.line","antibody","antibody.manufacturer","antibody.catalog.number","antibody.lot.number"
"1","SRP044171","SRX648225","Ls174T cells","Ls174T",NA,NA,NA,NA
"2","SRP044171","SRX648239","Ls174T cells","Ls174T",NA,NA,NA,NA
"3","SRP044171","SRX648241","Ls174T cells","Ls174T","none",NA,NA,NA
"4","SRP044171","SRX648228","Ls174T cells","Ls174T",NA,NA,NA,NA
"5","SRP044171","SRX648234","Ls174T cells","Ls174T",NA,NA,NA,NA
"6","SRP044171","SRX648227","Ls174T cells","Ls174T",NA,NA,NA,NA
"7","SRP044171","SRX648244","Ls174T cells","Ls174T","none",NA,NA,NA
"8","SRP044171","SRX648246","Ls174T cells","Ls174T","N262","Santa Cruz","sc764","D0413"
"9","SRP044171","SRX648231","Ls174T cells","Ls174T",NA,NA,NA,NA
"10","SRP044171","SRX648242","Ls174T cells","Ls174T","10E2",NA,NA,NA
"11","SRP044171","SRX648233","Ls174T cells","Ls174T",NA,NA,NA,NA
"12","SRP044171","SRX648236","Ls174T cells","Ls174T",NA,NA,NA,NA
"13","SRP044171","SRX648245","Ls174T cells","Ls174T","10E2",NA,NA,NA
"14","SRP044171","SRX648226","Ls174T cells","Ls174T",NA,NA,NA,NA
"15","SRP044171","SRX648237","Ls174T cells","Ls174T",NA,NA,NA,NA
"16","SRP044171","SRX648243","Ls174T cells","Ls174T","N262","Santa Cruz","sc764","D0413"
"17","SRP044171","SRX648240","Ls174T cells","Ls174T",NA,NA,NA,NA
"18","SRP044171","SRX648238","Ls174T cells","Ls174T",NA,NA,NA,NA
"19","SRP044171","SRX648229","Ls174T cells","Ls174T",NA,NA,NA,NA
"20","SRP044171","SRX648230","Ls174T cells","Ls174T",NA,NA,NA,NA
"21","SRP044171","SRX648232","Ls174T cells","Ls174T",NA,NA,NA,NA
"22","SRP044171","SRX648235","Ls174T cells","Ls174T",NA,NA,NA,NA
