"","study.accession","experiment.accession","source_name","strain","cell.type","condition.treatment"
"1","SRP018218","SRX219906","human PSCs","C57Bl6/J","human pancreatic stellate cells","primary PSCs from control patient"
"2","SRP018218","SRX219902","human PSCs","C57Bl6/J","human pancreatic stellate cells","primary PSCs from cancer patient"
"3","SRP018218","SRX219917","mouse PSCs","C57Bl6/J","mouse  primary pancreatic  stellate cells","day 7 calcipotriol treated"
"4","SRP018218","SRX219905","human PSCs","C57Bl6/J","human pancreatic stellate cells","primary PSCs from control patient"
"5","SRP018218","SRX219904","human PSCs","C57Bl6/J","human pancreatic stellate cells","primary PSCs from cancer patient"
"6","SRP018218","SRX219915","mouse PSCs","C57Bl6/J","mouse  primary pancreatic  stellate cells","day 3 calcipotriol treated"
"7","SRP018218","SRX219910","MiaPaCa-2","C57Bl6/J","human pancreatic adenocarcinoma cell line","DMEM"
"8","SRP018218","SRX219909","human PSCs","C57Bl6/J","human pancreatic stellate cells","primary PSCs from control patient"
"9","SRP018218","SRX219914","mouse PSCs","C57Bl6/J","mouse  primary pancreatic  stellate cells","day 3 untreated"
"10","SRP018218","SRX219904","human PSCs","C57Bl6/J","human pancreatic stellate cells","primary PSCs from cancer patient"
"11","SRP018218","SRX219916","mouse PSCs","C57Bl6/J","mouse  primary pancreatic  stellate cells","day 7 untreated"
"12","SRP018218","SRX219908","human PSCs","C57Bl6/J","human pancreatic stellate cells","primary PSCs from control patient"
"13","SRP018218","SRX219907","human PSCs","C57Bl6/J","human pancreatic stellate cells","primary PSCs from control patient"
"14","SRP018218","SRX219911","MiaPaCa-2","C57Bl6/J","human pancreatic adenocarcinoma cell line","100nM calcipotriol"
"15","SRP018218","SRX219903","human PSCs","C57Bl6/J","human pancreatic stellate cells","primary PSCs from cancer patient"
"16","SRP018218","SRX219907","human PSCs","C57Bl6/J","human pancreatic stellate cells","primary PSCs from control patient"
"17","SRP018218","SRX219901","human PSCs","C57Bl6/J","human pancreatic stellate cells","primary PSCs from cancer patient"
"18","SRP018218","SRX219917","mouse PSCs","C57Bl6/J","mouse  primary pancreatic  stellate cells","day 7 calcipotriol treated"
"19","SRP018218","SRX219906","human PSCs","C57Bl6/J","human pancreatic stellate cells","primary PSCs from control patient"
"20","SRP018218","SRX219914","mouse PSCs","C57Bl6/J","mouse  primary pancreatic  stellate cells","day 3 untreated"
"21","SRP018218","SRX219903","human PSCs","C57Bl6/J","human pancreatic stellate cells","primary PSCs from cancer patient"
"22","SRP018218","SRX219901","human PSCs","C57Bl6/J","human pancreatic stellate cells","primary PSCs from cancer patient"
"23","SRP018218","SRX219908","human PSCs","C57Bl6/J","human pancreatic stellate cells","primary PSCs from control patient"
"24","SRP018218","SRX219910","MiaPaCa-2","C57Bl6/J","human pancreatic adenocarcinoma cell line","DMEM"
"25","SRP018218","SRX219905","human PSCs","C57Bl6/J","human pancreatic stellate cells","primary PSCs from control patient"
"26","SRP018218","SRX219912","MiaPaCa-2","C57Bl6/J","human pancreatic adenocarcinoma cell line","conditioned media from untreated cells"
"27","SRP018218","SRX219915","mouse PSCs","C57Bl6/J","mouse  primary pancreatic  stellate cells","day 3 calcipotriol treated"
"28","SRP018218","SRX219904","human PSCs","C57Bl6/J","human pancreatic stellate cells","primary PSCs from cancer patient"
"29","SRP018218","SRX219911","MiaPaCa-2","C57Bl6/J","human pancreatic adenocarcinoma cell line","100nM calcipotriol"
"30","SRP018218","SRX219913","MiaPaCa-2","C57Bl6/J","human pancreatic adenocarcinoma cell line","conditioned media from calcipotriol-treated cells"
"31","SRP018218","SRX219913","MiaPaCa-2","C57Bl6/J","human pancreatic adenocarcinoma cell line","conditioned media from calcipotriol-treated cells"
"32","SRP018218","SRX219912","MiaPaCa-2","C57Bl6/J","human pancreatic adenocarcinoma cell line","conditioned media from untreated cells"
"33","SRP018218","SRX219902","human PSCs","C57Bl6/J","human pancreatic stellate cells","primary PSCs from cancer patient"
