"","study.accession","experiment.accession","source_name","cell.line","sirna"
"1","SRP050497","SRX795022","PANC1","pancreatic ductal carcinoma cell line","control siRNA"
"2","SRP050497","SRX795024","PANC1","pancreatic ductal carcinoma cell line","TCF7L2 siRNA"
"3","SRP050497","SRX795023","PANC1","pancreatic ductal carcinoma cell line","control siRNA"
"4","SRP050497","SRX795025","PANC1","pancreatic ductal carcinoma cell line","TCF7L2 siRNA"
"5","SRP050497","SRX795026","PANC1","pancreatic ductal carcinoma cell line","TCF7L2 siRNA"
"6","SRP050497","SRX795021","PANC1","pancreatic ductal carcinoma cell line","control siRNA"
