"","study.accession","experiment.accession","source_name","cell.line","tissue"
"1","SRP062068","SRX1134146","prostate cancer cell line_miR-141","Du145","prostate"
"2","SRP062068","SRX1134150","prostate cancer cell line_miR-141","LAPC9","prostate"
"3","SRP062068","SRX1134145","prostate cancer cell line_negative_control","Du145","prostate"
"4","SRP062068","SRX1134144","prostate cancer cell line_negative_control","Du145","prostate"
"5","SRP062068","SRX1134149","prostate cancer cell line_miR-141","LAPC9","prostate"
"6","SRP062068","SRX1134147","prostate cancer cell line_miR-141","Du145","prostate"
"7","SRP062068","SRX1134148","prostate cancer cell line_negative_control","LAPC9","prostate"
