"","study.accession","experiment.accession","source_name","cell.type","passages","cell.line","antibody","antibody.vendor","antibody.catalog"
"1","SRP049953","SRX761056","lung cancer cell","lung cancer cell","8-12","PC9",NA,NA,NA
"2","SRP049953","SRX761059","lung cancer cell","lung cancer cell","8-12","PC9R","H3K4me2","Abcam","ab7766"
"3","SRP049953","SRX761058","lung cancer cell","lung cancer cell","8-12","PC9R",NA,NA,NA
"4","SRP049953","SRX761054","lung cancer cell","lung cancer cell","8-12","PC9",NA,NA,NA
"5","SRP049953","SRX761057","lung cancer cell","lung cancer cell","8-12","PC9",NA,NA,NA
"6","SRP049953","SRX761061","lung cancer cell","lung cancer cell","8-12","PC9R",NA,NA,NA
"7","SRP049953","SRX761055","lung cancer cell","lung cancer cell","8-12","PC9","H3K4me2","Abcam","ab7766"
"8","SRP049953","SRX761060","lung cancer cell","lung cancer cell","8-12","PC9R",NA,NA,NA
