"","study.accession","experiment.accession","isolate","age","biomaterial_provider","sex","tissue","cell_line","cell_type","disease","sample_type","treatment","BioSampleModel"
"1","SRP062973","SRX1169156","total RNA","39","ATCC","female","lung","HCC-827","epithelial","adenocarcinoma","HCC827_1","none","Human"
"2","SRP062973","SRX1169157","total RNA","39","ATCC","female","lung","HCC-827","epithelial","adenocarcinoma","HCC827_2","none","Human"
"3","SRP062973","SRX1169153","total RNA","missing","ATCC","missing","brain","CHP-212","neuroblast","neuroblastoma","CHP212_1","none","Human"
"4","SRP062973","SRX1169157","total RNA","39","ATCC","female","lung","HCC-827","epithelial","adenocarcinoma","HCC827_2","none","Human"
"5","SRP062973","SRX1169158","total RNA","39","ATCC","female","lung","HCC-827","epithelial","adenocarcinoma","HCC827_3","none","Human"
"6","SRP062973","SRX1169156","total RNA","39","ATCC","female","lung","HCC-827","epithelial","adenocarcinoma","HCC827_1","none","Human"
"7","SRP062973","SRX1169155","total RNA","missing","ATCC","missing","brain","CHP-212","neuroblast","neuroblastoma","CHP212_3","none","Human"
"8","SRP062973","SRX1169153","total RNA","missing","ATCC","missing","brain","CHP-212","neuroblast","neuroblastoma","CHP212_1","none","Human"
"9","SRP062973","SRX1169158","total RNA","39","ATCC","female","lung","HCC-827","epithelial","adenocarcinoma","HCC827_3","none","Human"
"10","SRP062973","SRX1169155","total RNA","missing","ATCC","missing","brain","CHP-212","neuroblast","neuroblastoma","CHP212_3","none","Human"
"11","SRP062973","SRX1169153","total RNA","missing","ATCC","missing","brain","CHP-212","neuroblast","neuroblastoma","CHP212_1","none","Human"
"12","SRP062973","SRX1169157","total RNA","39","ATCC","female","lung","HCC-827","epithelial","adenocarcinoma","HCC827_2","none","Human"
"13","SRP062973","SRX1169154","total RNA","missing","ATCC","missing","brain","CHP-212","neuroblast","neuroblastoma","CHP212_2","none","Human"
"14","SRP062973","SRX1169156","total RNA","39","ATCC","female","lung","HCC-827","epithelial","adenocarcinoma","HCC827_1","none","Human"
"15","SRP062973","SRX1169158","total RNA","39","ATCC","female","lung","HCC-827","epithelial","adenocarcinoma","HCC827_3","none","Human"
"16","SRP062973","SRX1169154","total RNA","missing","ATCC","missing","brain","CHP-212","neuroblast","neuroblastoma","CHP212_2","none","Human"
"17","SRP062973","SRX1169158","total RNA","39","ATCC","female","lung","HCC-827","epithelial","adenocarcinoma","HCC827_3","none","Human"
"18","SRP062973","SRX1169153","total RNA","missing","ATCC","missing","brain","CHP-212","neuroblast","neuroblastoma","CHP212_1","none","Human"
"19","SRP062973","SRX1169154","total RNA","missing","ATCC","missing","brain","CHP-212","neuroblast","neuroblastoma","CHP212_2","none","Human"
"20","SRP062973","SRX1169156","total RNA","39","ATCC","female","lung","HCC-827","epithelial","adenocarcinoma","HCC827_1","none","Human"
"21","SRP062973","SRX1169155","total RNA","missing","ATCC","missing","brain","CHP-212","neuroblast","neuroblastoma","CHP212_3","none","Human"
"22","SRP062973","SRX1169157","total RNA","39","ATCC","female","lung","HCC-827","epithelial","adenocarcinoma","HCC827_2","none","Human"
