"","study.accession","experiment.accession","source_name","tissue"
"1","SRP050223","SRX767309","T cell acute lymphoblastic leukemia","T cell acute lymphoblastic leukemia"
"2","SRP050223","SRX767309","T cell acute lymphoblastic leukemia","T cell acute lymphoblastic leukemia"
"3","SRP050223","SRX767311","T cell acute lymphoblastic leukemia","T cell acute lymphoblastic leukemia"
"4","SRP050223","SRX767304","T cell acute lymphoblastic leukemia","T cell acute lymphoblastic leukemia"
"5","SRP050223","SRX767308","T cell acute lymphoblastic leukemia","T cell acute lymphoblastic leukemia"
"6","SRP050223","SRX767309","T cell acute lymphoblastic leukemia","T cell acute lymphoblastic leukemia"
"7","SRP050223","SRX767304","T cell acute lymphoblastic leukemia","T cell acute lymphoblastic leukemia"
"8","SRP050223","SRX767310","T cell acute lymphoblastic leukemia","T cell acute lymphoblastic leukemia"
"9","SRP050223","SRX767302","normal thymus","normal thymus"
"10","SRP050223","SRX767305","T cell acute lymphoblastic leukemia","T cell acute lymphoblastic leukemia"
"11","SRP050223","SRX767300","normal thymus","normal thymus"
"12","SRP050223","SRX767305","T cell acute lymphoblastic leukemia","T cell acute lymphoblastic leukemia"
"13","SRP050223","SRX767312","T cell acute lymphoblastic leukemia","T cell acute lymphoblastic leukemia"
"14","SRP050223","SRX767303","normal thymus","normal thymus"
"15","SRP050223","SRX767304","T cell acute lymphoblastic leukemia","T cell acute lymphoblastic leukemia"
"16","SRP050223","SRX767305","T cell acute lymphoblastic leukemia","T cell acute lymphoblastic leukemia"
"17","SRP050223","SRX767311","T cell acute lymphoblastic leukemia","T cell acute lymphoblastic leukemia"
"18","SRP050223","SRX767308","T cell acute lymphoblastic leukemia","T cell acute lymphoblastic leukemia"
"19","SRP050223","SRX767309","T cell acute lymphoblastic leukemia","T cell acute lymphoblastic leukemia"
"20","SRP050223","SRX767307","T cell acute lymphoblastic leukemia","T cell acute lymphoblastic leukemia"
"21","SRP050223","SRX767310","T cell acute lymphoblastic leukemia","T cell acute lymphoblastic leukemia"
"22","SRP050223","SRX767309","T cell acute lymphoblastic leukemia","T cell acute lymphoblastic leukemia"
"23","SRP050223","SRX767308","T cell acute lymphoblastic leukemia","T cell acute lymphoblastic leukemia"
"24","SRP050223","SRX767301","normal thymus","normal thymus"
"25","SRP050223","SRX767301","normal thymus","normal thymus"
"26","SRP050223","SRX767306","T cell acute lymphoblastic leukemia","T cell acute lymphoblastic leukemia"
"27","SRP050223","SRX767310","T cell acute lymphoblastic leukemia","T cell acute lymphoblastic leukemia"
"28","SRP050223","SRX767300","normal thymus","normal thymus"
"29","SRP050223","SRX767301","normal thymus","normal thymus"
"30","SRP050223","SRX767310","T cell acute lymphoblastic leukemia","T cell acute lymphoblastic leukemia"
"31","SRP050223","SRX767309","T cell acute lymphoblastic leukemia","T cell acute lymphoblastic leukemia"
"32","SRP050223","SRX767303","normal thymus","normal thymus"
"33","SRP050223","SRX767312","T cell acute lymphoblastic leukemia","T cell acute lymphoblastic leukemia"
"34","SRP050223","SRX767306","T cell acute lymphoblastic leukemia","T cell acute lymphoblastic leukemia"
"35","SRP050223","SRX767305","T cell acute lymphoblastic leukemia","T cell acute lymphoblastic leukemia"
"36","SRP050223","SRX767310","T cell acute lymphoblastic leukemia","T cell acute lymphoblastic leukemia"
"37","SRP050223","SRX767312","T cell acute lymphoblastic leukemia","T cell acute lymphoblastic leukemia"
"38","SRP050223","SRX767302","normal thymus","normal thymus"
"39","SRP050223","SRX767307","T cell acute lymphoblastic leukemia","T cell acute lymphoblastic leukemia"
"40","SRP050223","SRX767307","T cell acute lymphoblastic leukemia","T cell acute lymphoblastic leukemia"
"41","SRP050223","SRX767301","normal thymus","normal thymus"
"42","SRP050223","SRX767305","T cell acute lymphoblastic leukemia","T cell acute lymphoblastic leukemia"
"43","SRP050223","SRX767303","normal thymus","normal thymus"
"44","SRP050223","SRX767302","normal thymus","normal thymus"
"45","SRP050223","SRX767311","T cell acute lymphoblastic leukemia","T cell acute lymphoblastic leukemia"
"46","SRP050223","SRX767308","T cell acute lymphoblastic leukemia","T cell acute lymphoblastic leukemia"
"47","SRP050223","SRX767301","normal thymus","normal thymus"
"48","SRP050223","SRX767308","T cell acute lymphoblastic leukemia","T cell acute lymphoblastic leukemia"
"49","SRP050223","SRX767311","T cell acute lymphoblastic leukemia","T cell acute lymphoblastic leukemia"
"50","SRP050223","SRX767303","normal thymus","normal thymus"
"51","SRP050223","SRX767303","normal thymus","normal thymus"
"52","SRP050223","SRX767306","T cell acute lymphoblastic leukemia","T cell acute lymphoblastic leukemia"
"53","SRP050223","SRX767312","T cell acute lymphoblastic leukemia","T cell acute lymphoblastic leukemia"
"54","SRP050223","SRX767311","T cell acute lymphoblastic leukemia","T cell acute lymphoblastic leukemia"
"55","SRP050223","SRX767307","T cell acute lymphoblastic leukemia","T cell acute lymphoblastic leukemia"
"56","SRP050223","SRX767312","T cell acute lymphoblastic leukemia","T cell acute lymphoblastic leukemia"
"57","SRP050223","SRX767311","T cell acute lymphoblastic leukemia","T cell acute lymphoblastic leukemia"
"58","SRP050223","SRX767305","T cell acute lymphoblastic leukemia","T cell acute lymphoblastic leukemia"
"59","SRP050223","SRX767312","T cell acute lymphoblastic leukemia","T cell acute lymphoblastic leukemia"
"60","SRP050223","SRX767307","T cell acute lymphoblastic leukemia","T cell acute lymphoblastic leukemia"
"61","SRP050223","SRX767305","T cell acute lymphoblastic leukemia","T cell acute lymphoblastic leukemia"
"62","SRP050223","SRX767312","T cell acute lymphoblastic leukemia","T cell acute lymphoblastic leukemia"
"63","SRP050223","SRX767302","normal thymus","normal thymus"
"64","SRP050223","SRX767306","T cell acute lymphoblastic leukemia","T cell acute lymphoblastic leukemia"
"65","SRP050223","SRX767308","T cell acute lymphoblastic leukemia","T cell acute lymphoblastic leukemia"
"66","SRP050223","SRX767305","T cell acute lymphoblastic leukemia","T cell acute lymphoblastic leukemia"
"67","SRP050223","SRX767303","normal thymus","normal thymus"
"68","SRP050223","SRX767303","normal thymus","normal thymus"
"69","SRP050223","SRX767301","normal thymus","normal thymus"
"70","SRP050223","SRX767305","T cell acute lymphoblastic leukemia","T cell acute lymphoblastic leukemia"
"71","SRP050223","SRX767307","T cell acute lymphoblastic leukemia","T cell acute lymphoblastic leukemia"
"72","SRP050223","SRX767310","T cell acute lymphoblastic leukemia","T cell acute lymphoblastic leukemia"
"73","SRP050223","SRX767300","normal thymus","normal thymus"
"74","SRP050223","SRX767311","T cell acute lymphoblastic leukemia","T cell acute lymphoblastic leukemia"
"75","SRP050223","SRX767310","T cell acute lymphoblastic leukemia","T cell acute lymphoblastic leukemia"
"76","SRP050223","SRX767302","normal thymus","normal thymus"
"77","SRP050223","SRX767308","T cell acute lymphoblastic leukemia","T cell acute lymphoblastic leukemia"
"78","SRP050223","SRX767306","T cell acute lymphoblastic leukemia","T cell acute lymphoblastic leukemia"
"79","SRP050223","SRX767303","normal thymus","normal thymus"
"80","SRP050223","SRX767305","T cell acute lymphoblastic leukemia","T cell acute lymphoblastic leukemia"
"81","SRP050223","SRX767305","T cell acute lymphoblastic leukemia","T cell acute lymphoblastic leukemia"
"82","SRP050223","SRX767310","T cell acute lymphoblastic leukemia","T cell acute lymphoblastic leukemia"
"83","SRP050223","SRX767309","T cell acute lymphoblastic leukemia","T cell acute lymphoblastic leukemia"
"84","SRP050223","SRX767307","T cell acute lymphoblastic leukemia","T cell acute lymphoblastic leukemia"
"85","SRP050223","SRX767303","normal thymus","normal thymus"
"86","SRP050223","SRX767303","normal thymus","normal thymus"
"87","SRP050223","SRX767311","T cell acute lymphoblastic leukemia","T cell acute lymphoblastic leukemia"
"88","SRP050223","SRX767307","T cell acute lymphoblastic leukemia","T cell acute lymphoblastic leukemia"
"89","SRP050223","SRX767304","T cell acute lymphoblastic leukemia","T cell acute lymphoblastic leukemia"
"90","SRP050223","SRX767305","T cell acute lymphoblastic leukemia","T cell acute lymphoblastic leukemia"
"91","SRP050223","SRX767312","T cell acute lymphoblastic leukemia","T cell acute lymphoblastic leukemia"
"92","SRP050223","SRX767302","normal thymus","normal thymus"
"93","SRP050223","SRX767305","T cell acute lymphoblastic leukemia","T cell acute lymphoblastic leukemia"
"94","SRP050223","SRX767312","T cell acute lymphoblastic leukemia","T cell acute lymphoblastic leukemia"
"95","SRP050223","SRX767301","normal thymus","normal thymus"
"96","SRP050223","SRX767307","T cell acute lymphoblastic leukemia","T cell acute lymphoblastic leukemia"
"97","SRP050223","SRX767303","normal thymus","normal thymus"
"98","SRP050223","SRX767308","T cell acute lymphoblastic leukemia","T cell acute lymphoblastic leukemia"
"99","SRP050223","SRX767308","T cell acute lymphoblastic leukemia","T cell acute lymphoblastic leukemia"
"100","SRP050223","SRX767311","T cell acute lymphoblastic leukemia","T cell acute lymphoblastic leukemia"
"101","SRP050223","SRX767308","T cell acute lymphoblastic leukemia","T cell acute lymphoblastic leukemia"
"102","SRP050223","SRX767308","T cell acute lymphoblastic leukemia","T cell acute lymphoblastic leukemia"
"103","SRP050223","SRX767310","T cell acute lymphoblastic leukemia","T cell acute lymphoblastic leukemia"
"104","SRP050223","SRX767306","T cell acute lymphoblastic leukemia","T cell acute lymphoblastic leukemia"
"105","SRP050223","SRX767311","T cell acute lymphoblastic leukemia","T cell acute lymphoblastic leukemia"
"106","SRP050223","SRX767302","normal thymus","normal thymus"
"107","SRP050223","SRX767306","T cell acute lymphoblastic leukemia","T cell acute lymphoblastic leukemia"
"108","SRP050223","SRX767304","T cell acute lymphoblastic leukemia","T cell acute lymphoblastic leukemia"
"109","SRP050223","SRX767304","T cell acute lymphoblastic leukemia","T cell acute lymphoblastic leukemia"
"110","SRP050223","SRX767311","T cell acute lymphoblastic leukemia","T cell acute lymphoblastic leukemia"
"111","SRP050223","SRX767303","normal thymus","normal thymus"
"112","SRP050223","SRX767302","normal thymus","normal thymus"
"113","SRP050223","SRX767305","T cell acute lymphoblastic leukemia","T cell acute lymphoblastic leukemia"
"114","SRP050223","SRX767309","T cell acute lymphoblastic leukemia","T cell acute lymphoblastic leukemia"
"115","SRP050223","SRX767302","normal thymus","normal thymus"
"116","SRP050223","SRX767301","normal thymus","normal thymus"
"117","SRP050223","SRX767306","T cell acute lymphoblastic leukemia","T cell acute lymphoblastic leukemia"
"118","SRP050223","SRX767306","T cell acute lymphoblastic leukemia","T cell acute lymphoblastic leukemia"
"119","SRP050223","SRX767304","T cell acute lymphoblastic leukemia","T cell acute lymphoblastic leukemia"
"120","SRP050223","SRX767304","T cell acute lymphoblastic leukemia","T cell acute lymphoblastic leukemia"
"121","SRP050223","SRX767310","T cell acute lymphoblastic leukemia","T cell acute lymphoblastic leukemia"
"122","SRP050223","SRX767307","T cell acute lymphoblastic leukemia","T cell acute lymphoblastic leukemia"
"123","SRP050223","SRX767305","T cell acute lymphoblastic leukemia","T cell acute lymphoblastic leukemia"
"124","SRP050223","SRX767311","T cell acute lymphoblastic leukemia","T cell acute lymphoblastic leukemia"
"125","SRP050223","SRX767302","normal thymus","normal thymus"
"126","SRP050223","SRX767302","normal thymus","normal thymus"
"127","SRP050223","SRX767301","normal thymus","normal thymus"
"128","SRP050223","SRX767307","T cell acute lymphoblastic leukemia","T cell acute lymphoblastic leukemia"
"129","SRP050223","SRX767303","normal thymus","normal thymus"
"130","SRP050223","SRX767303","normal thymus","normal thymus"
"131","SRP050223","SRX767306","T cell acute lymphoblastic leukemia","T cell acute lymphoblastic leukemia"
"132","SRP050223","SRX767305","T cell acute lymphoblastic leukemia","T cell acute lymphoblastic leukemia"
"133","SRP050223","SRX767300","normal thymus","normal thymus"
"134","SRP050223","SRX767300","normal thymus","normal thymus"
"135","SRP050223","SRX767308","T cell acute lymphoblastic leukemia","T cell acute lymphoblastic leukemia"
"136","SRP050223","SRX767304","T cell acute lymphoblastic leukemia","T cell acute lymphoblastic leukemia"
"137","SRP050223","SRX767311","T cell acute lymphoblastic leukemia","T cell acute lymphoblastic leukemia"
"138","SRP050223","SRX767305","T cell acute lymphoblastic leukemia","T cell acute lymphoblastic leukemia"
"139","SRP050223","SRX767309","T cell acute lymphoblastic leukemia","T cell acute lymphoblastic leukemia"
"140","SRP050223","SRX767310","T cell acute lymphoblastic leukemia","T cell acute lymphoblastic leukemia"
"141","SRP050223","SRX767308","T cell acute lymphoblastic leukemia","T cell acute lymphoblastic leukemia"
"142","SRP050223","SRX767311","T cell acute lymphoblastic leukemia","T cell acute lymphoblastic leukemia"
"143","SRP050223","SRX767306","T cell acute lymphoblastic leukemia","T cell acute lymphoblastic leukemia"
"144","SRP050223","SRX767311","T cell acute lymphoblastic leukemia","T cell acute lymphoblastic leukemia"
"145","SRP050223","SRX767305","T cell acute lymphoblastic leukemia","T cell acute lymphoblastic leukemia"
"146","SRP050223","SRX767307","T cell acute lymphoblastic leukemia","T cell acute lymphoblastic leukemia"
"147","SRP050223","SRX767312","T cell acute lymphoblastic leukemia","T cell acute lymphoblastic leukemia"
"148","SRP050223","SRX767300","normal thymus","normal thymus"
"149","SRP050223","SRX767310","T cell acute lymphoblastic leukemia","T cell acute lymphoblastic leukemia"
"150","SRP050223","SRX767309","T cell acute lymphoblastic leukemia","T cell acute lymphoblastic leukemia"
"151","SRP050223","SRX767307","T cell acute lymphoblastic leukemia","T cell acute lymphoblastic leukemia"
"152","SRP050223","SRX767307","T cell acute lymphoblastic leukemia","T cell acute lymphoblastic leukemia"
"153","SRP050223","SRX767306","T cell acute lymphoblastic leukemia","T cell acute lymphoblastic leukemia"
"154","SRP050223","SRX767310","T cell acute lymphoblastic leukemia","T cell acute lymphoblastic leukemia"
"155","SRP050223","SRX767311","T cell acute lymphoblastic leukemia","T cell acute lymphoblastic leukemia"
"156","SRP050223","SRX767305","T cell acute lymphoblastic leukemia","T cell acute lymphoblastic leukemia"
"157","SRP050223","SRX767312","T cell acute lymphoblastic leukemia","T cell acute lymphoblastic leukemia"
"158","SRP050223","SRX767300","normal thymus","normal thymus"
"159","SRP050223","SRX767305","T cell acute lymphoblastic leukemia","T cell acute lymphoblastic leukemia"
"160","SRP050223","SRX767310","T cell acute lymphoblastic leukemia","T cell acute lymphoblastic leukemia"
"161","SRP050223","SRX767306","T cell acute lymphoblastic leukemia","T cell acute lymphoblastic leukemia"
"162","SRP050223","SRX767301","normal thymus","normal thymus"
"163","SRP050223","SRX767304","T cell acute lymphoblastic leukemia","T cell acute lymphoblastic leukemia"
"164","SRP050223","SRX767306","T cell acute lymphoblastic leukemia","T cell acute lymphoblastic leukemia"
"165","SRP050223","SRX767312","T cell acute lymphoblastic leukemia","T cell acute lymphoblastic leukemia"
"166","SRP050223","SRX767303","normal thymus","normal thymus"
"167","SRP050223","SRX767307","T cell acute lymphoblastic leukemia","T cell acute lymphoblastic leukemia"
"168","SRP050223","SRX767311","T cell acute lymphoblastic leukemia","T cell acute lymphoblastic leukemia"
"169","SRP050223","SRX767310","T cell acute lymphoblastic leukemia","T cell acute lymphoblastic leukemia"
"170","SRP050223","SRX767312","T cell acute lymphoblastic leukemia","T cell acute lymphoblastic leukemia"
"171","SRP050223","SRX767302","normal thymus","normal thymus"
"172","SRP050223","SRX767306","T cell acute lymphoblastic leukemia","T cell acute lymphoblastic leukemia"
"173","SRP050223","SRX767307","T cell acute lymphoblastic leukemia","T cell acute lymphoblastic leukemia"
"174","SRP050223","SRX767307","T cell acute lymphoblastic leukemia","T cell acute lymphoblastic leukemia"
"175","SRP050223","SRX767302","normal thymus","normal thymus"
"176","SRP050223","SRX767307","T cell acute lymphoblastic leukemia","T cell acute lymphoblastic leukemia"
"177","SRP050223","SRX767302","normal thymus","normal thymus"
"178","SRP050223","SRX767301","normal thymus","normal thymus"
"179","SRP050223","SRX767301","normal thymus","normal thymus"
"180","SRP050223","SRX767306","T cell acute lymphoblastic leukemia","T cell acute lymphoblastic leukemia"
"181","SRP050223","SRX767306","T cell acute lymphoblastic leukemia","T cell acute lymphoblastic leukemia"
"182","SRP050223","SRX767310","T cell acute lymphoblastic leukemia","T cell acute lymphoblastic leukemia"
"183","SRP050223","SRX767308","T cell acute lymphoblastic leukemia","T cell acute lymphoblastic leukemia"
"184","SRP050223","SRX767308","T cell acute lymphoblastic leukemia","T cell acute lymphoblastic leukemia"
"185","SRP050223","SRX767303","normal thymus","normal thymus"
"186","SRP050223","SRX767306","T cell acute lymphoblastic leukemia","T cell acute lymphoblastic leukemia"
"187","SRP050223","SRX767311","T cell acute lymphoblastic leukemia","T cell acute lymphoblastic leukemia"
"188","SRP050223","SRX767307","T cell acute lymphoblastic leukemia","T cell acute lymphoblastic leukemia"
"189","SRP050223","SRX767305","T cell acute lymphoblastic leukemia","T cell acute lymphoblastic leukemia"
"190","SRP050223","SRX767311","T cell acute lymphoblastic leukemia","T cell acute lymphoblastic leukemia"
"191","SRP050223","SRX767310","T cell acute lymphoblastic leukemia","T cell acute lymphoblastic leukemia"
"192","SRP050223","SRX767308","T cell acute lymphoblastic leukemia","T cell acute lymphoblastic leukemia"
"193","SRP050223","SRX767301","normal thymus","normal thymus"
"194","SRP050223","SRX767312","T cell acute lymphoblastic leukemia","T cell acute lymphoblastic leukemia"
"195","SRP050223","SRX767300","normal thymus","normal thymus"
"196","SRP050223","SRX767311","T cell acute lymphoblastic leukemia","T cell acute lymphoblastic leukemia"
"197","SRP050223","SRX767301","normal thymus","normal thymus"
"198","SRP050223","SRX767308","T cell acute lymphoblastic leukemia","T cell acute lymphoblastic leukemia"
"199","SRP050223","SRX767307","T cell acute lymphoblastic leukemia","T cell acute lymphoblastic leukemia"
"200","SRP050223","SRX767309","T cell acute lymphoblastic leukemia","T cell acute lymphoblastic leukemia"
"201","SRP050223","SRX767300","normal thymus","normal thymus"
"202","SRP050223","SRX767308","T cell acute lymphoblastic leukemia","T cell acute lymphoblastic leukemia"
"203","SRP050223","SRX767307","T cell acute lymphoblastic leukemia","T cell acute lymphoblastic leukemia"
"204","SRP050223","SRX767300","normal thymus","normal thymus"
"205","SRP050223","SRX767302","normal thymus","normal thymus"
"206","SRP050223","SRX767303","normal thymus","normal thymus"
"207","SRP050223","SRX767300","normal thymus","normal thymus"
"208","SRP050223","SRX767300","normal thymus","normal thymus"
"209","SRP050223","SRX767309","T cell acute lymphoblastic leukemia","T cell acute lymphoblastic leukemia"
"210","SRP050223","SRX767310","T cell acute lymphoblastic leukemia","T cell acute lymphoblastic leukemia"
"211","SRP050223","SRX767305","T cell acute lymphoblastic leukemia","T cell acute lymphoblastic leukemia"
"212","SRP050223","SRX767311","T cell acute lymphoblastic leukemia","T cell acute lymphoblastic leukemia"
"213","SRP050223","SRX767307","T cell acute lymphoblastic leukemia","T cell acute lymphoblastic leukemia"
"214","SRP050223","SRX767301","normal thymus","normal thymus"
"215","SRP050223","SRX767306","T cell acute lymphoblastic leukemia","T cell acute lymphoblastic leukemia"
"216","SRP050223","SRX767300","normal thymus","normal thymus"
"217","SRP050223","SRX767304","T cell acute lymphoblastic leukemia","T cell acute lymphoblastic leukemia"
"218","SRP050223","SRX767301","normal thymus","normal thymus"
"219","SRP050223","SRX767300","normal thymus","normal thymus"
"220","SRP050223","SRX767308","T cell acute lymphoblastic leukemia","T cell acute lymphoblastic leukemia"
"221","SRP050223","SRX767304","T cell acute lymphoblastic leukemia","T cell acute lymphoblastic leukemia"
"222","SRP050223","SRX767306","T cell acute lymphoblastic leukemia","T cell acute lymphoblastic leukemia"
"223","SRP050223","SRX767300","normal thymus","normal thymus"
"224","SRP050223","SRX767308","T cell acute lymphoblastic leukemia","T cell acute lymphoblastic leukemia"
"225","SRP050223","SRX767310","T cell acute lymphoblastic leukemia","T cell acute lymphoblastic leukemia"
"226","SRP050223","SRX767312","T cell acute lymphoblastic leukemia","T cell acute lymphoblastic leukemia"
"227","SRP050223","SRX767308","T cell acute lymphoblastic leukemia","T cell acute lymphoblastic leukemia"
"228","SRP050223","SRX767308","T cell acute lymphoblastic leukemia","T cell acute lymphoblastic leukemia"
"229","SRP050223","SRX767303","normal thymus","normal thymus"
"230","SRP050223","SRX767306","T cell acute lymphoblastic leukemia","T cell acute lymphoblastic leukemia"
"231","SRP050223","SRX767305","T cell acute lymphoblastic leukemia","T cell acute lymphoblastic leukemia"
"232","SRP050223","SRX767306","T cell acute lymphoblastic leukemia","T cell acute lymphoblastic leukemia"
"233","SRP050223","SRX767309","T cell acute lymphoblastic leukemia","T cell acute lymphoblastic leukemia"
"234","SRP050223","SRX767307","T cell acute lymphoblastic leukemia","T cell acute lymphoblastic leukemia"
"235","SRP050223","SRX767311","T cell acute lymphoblastic leukemia","T cell acute lymphoblastic leukemia"
"236","SRP050223","SRX767308","T cell acute lymphoblastic leukemia","T cell acute lymphoblastic leukemia"
"237","SRP050223","SRX767312","T cell acute lymphoblastic leukemia","T cell acute lymphoblastic leukemia"
"238","SRP050223","SRX767304","T cell acute lymphoblastic leukemia","T cell acute lymphoblastic leukemia"
"239","SRP050223","SRX767303","normal thymus","normal thymus"
"240","SRP050223","SRX767302","normal thymus","normal thymus"
"241","SRP050223","SRX767305","T cell acute lymphoblastic leukemia","T cell acute lymphoblastic leukemia"
"242","SRP050223","SRX767302","normal thymus","normal thymus"
"243","SRP050223","SRX767309","T cell acute lymphoblastic leukemia","T cell acute lymphoblastic leukemia"
"244","SRP050223","SRX767302","normal thymus","normal thymus"
"245","SRP050223","SRX767304","T cell acute lymphoblastic leukemia","T cell acute lymphoblastic leukemia"
"246","SRP050223","SRX767312","T cell acute lymphoblastic leukemia","T cell acute lymphoblastic leukemia"
"247","SRP050223","SRX767300","normal thymus","normal thymus"
"248","SRP050223","SRX767310","T cell acute lymphoblastic leukemia","T cell acute lymphoblastic leukemia"
"249","SRP050223","SRX767301","normal thymus","normal thymus"
"250","SRP050223","SRX767307","T cell acute lymphoblastic leukemia","T cell acute lymphoblastic leukemia"
"251","SRP050223","SRX767304","T cell acute lymphoblastic leukemia","T cell acute lymphoblastic leukemia"
"252","SRP050223","SRX767306","T cell acute lymphoblastic leukemia","T cell acute lymphoblastic leukemia"
"253","SRP050223","SRX767309","T cell acute lymphoblastic leukemia","T cell acute lymphoblastic leukemia"
"254","SRP050223","SRX767310","T cell acute lymphoblastic leukemia","T cell acute lymphoblastic leukemia"
"255","SRP050223","SRX767307","T cell acute lymphoblastic leukemia","T cell acute lymphoblastic leukemia"
"256","SRP050223","SRX767304","T cell acute lymphoblastic leukemia","T cell acute lymphoblastic leukemia"
"257","SRP050223","SRX767304","T cell acute lymphoblastic leukemia","T cell acute lymphoblastic leukemia"
"258","SRP050223","SRX767312","T cell acute lymphoblastic leukemia","T cell acute lymphoblastic leukemia"
"259","SRP050223","SRX767305","T cell acute lymphoblastic leukemia","T cell acute lymphoblastic leukemia"
"260","SRP050223","SRX767309","T cell acute lymphoblastic leukemia","T cell acute lymphoblastic leukemia"
"261","SRP050223","SRX767305","T cell acute lymphoblastic leukemia","T cell acute lymphoblastic leukemia"
"262","SRP050223","SRX767305","T cell acute lymphoblastic leukemia","T cell acute lymphoblastic leukemia"
"263","SRP050223","SRX767310","T cell acute lymphoblastic leukemia","T cell acute lymphoblastic leukemia"
"264","SRP050223","SRX767308","T cell acute lymphoblastic leukemia","T cell acute lymphoblastic leukemia"
"265","SRP050223","SRX767306","T cell acute lymphoblastic leukemia","T cell acute lymphoblastic leukemia"
"266","SRP050223","SRX767309","T cell acute lymphoblastic leukemia","T cell acute lymphoblastic leukemia"
"267","SRP050223","SRX767302","normal thymus","normal thymus"
"268","SRP050223","SRX767302","normal thymus","normal thymus"
"269","SRP050223","SRX767312","T cell acute lymphoblastic leukemia","T cell acute lymphoblastic leukemia"
"270","SRP050223","SRX767303","normal thymus","normal thymus"
"271","SRP050223","SRX767312","T cell acute lymphoblastic leukemia","T cell acute lymphoblastic leukemia"
"272","SRP050223","SRX767301","normal thymus","normal thymus"
"273","SRP050223","SRX767302","normal thymus","normal thymus"
"274","SRP050223","SRX767310","T cell acute lymphoblastic leukemia","T cell acute lymphoblastic leukemia"
"275","SRP050223","SRX767309","T cell acute lymphoblastic leukemia","T cell acute lymphoblastic leukemia"
"276","SRP050223","SRX767303","normal thymus","normal thymus"
"277","SRP050223","SRX767302","normal thymus","normal thymus"
"278","SRP050223","SRX767300","normal thymus","normal thymus"
"279","SRP050223","SRX767301","normal thymus","normal thymus"
"280","SRP050223","SRX767302","normal thymus","normal thymus"
"281","SRP050223","SRX767312","T cell acute lymphoblastic leukemia","T cell acute lymphoblastic leukemia"
"282","SRP050223","SRX767304","T cell acute lymphoblastic leukemia","T cell acute lymphoblastic leukemia"
"283","SRP050223","SRX767312","T cell acute lymphoblastic leukemia","T cell acute lymphoblastic leukemia"
"284","SRP050223","SRX767310","T cell acute lymphoblastic leukemia","T cell acute lymphoblastic leukemia"
"285","SRP050223","SRX767312","T cell acute lymphoblastic leukemia","T cell acute lymphoblastic leukemia"
"286","SRP050223","SRX767309","T cell acute lymphoblastic leukemia","T cell acute lymphoblastic leukemia"
"287","SRP050223","SRX767305","T cell acute lymphoblastic leukemia","T cell acute lymphoblastic leukemia"
"288","SRP050223","SRX767301","normal thymus","normal thymus"
"289","SRP050223","SRX767305","T cell acute lymphoblastic leukemia","T cell acute lymphoblastic leukemia"
"290","SRP050223","SRX767311","T cell acute lymphoblastic leukemia","T cell acute lymphoblastic leukemia"
"291","SRP050223","SRX767301","normal thymus","normal thymus"
"292","SRP050223","SRX767308","T cell acute lymphoblastic leukemia","T cell acute lymphoblastic leukemia"
"293","SRP050223","SRX767304","T cell acute lymphoblastic leukemia","T cell acute lymphoblastic leukemia"
"294","SRP050223","SRX767304","T cell acute lymphoblastic leukemia","T cell acute lymphoblastic leukemia"
"295","SRP050223","SRX767310","T cell acute lymphoblastic leukemia","T cell acute lymphoblastic leukemia"
"296","SRP050223","SRX767309","T cell acute lymphoblastic leukemia","T cell acute lymphoblastic leukemia"
"297","SRP050223","SRX767309","T cell acute lymphoblastic leukemia","T cell acute lymphoblastic leukemia"
"298","SRP050223","SRX767305","T cell acute lymphoblastic leukemia","T cell acute lymphoblastic leukemia"
"299","SRP050223","SRX767304","T cell acute lymphoblastic leukemia","T cell acute lymphoblastic leukemia"
"300","SRP050223","SRX767312","T cell acute lymphoblastic leukemia","T cell acute lymphoblastic leukemia"
"301","SRP050223","SRX767304","T cell acute lymphoblastic leukemia","T cell acute lymphoblastic leukemia"
"302","SRP050223","SRX767311","T cell acute lymphoblastic leukemia","T cell acute lymphoblastic leukemia"
"303","SRP050223","SRX767312","T cell acute lymphoblastic leukemia","T cell acute lymphoblastic leukemia"
"304","SRP050223","SRX767301","normal thymus","normal thymus"
"305","SRP050223","SRX767303","normal thymus","normal thymus"
"306","SRP050223","SRX767311","T cell acute lymphoblastic leukemia","T cell acute lymphoblastic leukemia"
"307","SRP050223","SRX767308","T cell acute lymphoblastic leukemia","T cell acute lymphoblastic leukemia"
"308","SRP050223","SRX767312","T cell acute lymphoblastic leukemia","T cell acute lymphoblastic leukemia"
"309","SRP050223","SRX767309","T cell acute lymphoblastic leukemia","T cell acute lymphoblastic leukemia"
"310","SRP050223","SRX767310","T cell acute lymphoblastic leukemia","T cell acute lymphoblastic leukemia"
"311","SRP050223","SRX767312","T cell acute lymphoblastic leukemia","T cell acute lymphoblastic leukemia"
"312","SRP050223","SRX767308","T cell acute lymphoblastic leukemia","T cell acute lymphoblastic leukemia"
"313","SRP050223","SRX767310","T cell acute lymphoblastic leukemia","T cell acute lymphoblastic leukemia"
"314","SRP050223","SRX767309","T cell acute lymphoblastic leukemia","T cell acute lymphoblastic leukemia"
"315","SRP050223","SRX767310","T cell acute lymphoblastic leukemia","T cell acute lymphoblastic leukemia"
"316","SRP050223","SRX767310","T cell acute lymphoblastic leukemia","T cell acute lymphoblastic leukemia"
"317","SRP050223","SRX767301","normal thymus","normal thymus"
"318","SRP050223","SRX767301","normal thymus","normal thymus"
"319","SRP050223","SRX767312","T cell acute lymphoblastic leukemia","T cell acute lymphoblastic leukemia"
"320","SRP050223","SRX767303","normal thymus","normal thymus"
"321","SRP050223","SRX767304","T cell acute lymphoblastic leukemia","T cell acute lymphoblastic leukemia"
"322","SRP050223","SRX767311","T cell acute lymphoblastic leukemia","T cell acute lymphoblastic leukemia"
"323","SRP050223","SRX767308","T cell acute lymphoblastic leukemia","T cell acute lymphoblastic leukemia"
"324","SRP050223","SRX767302","normal thymus","normal thymus"
"325","SRP050223","SRX767306","T cell acute lymphoblastic leukemia","T cell acute lymphoblastic leukemia"
"326","SRP050223","SRX767310","T cell acute lymphoblastic leukemia","T cell acute lymphoblastic leukemia"
"327","SRP050223","SRX767306","T cell acute lymphoblastic leukemia","T cell acute lymphoblastic leukemia"
"328","SRP050223","SRX767306","T cell acute lymphoblastic leukemia","T cell acute lymphoblastic leukemia"
"329","SRP050223","SRX767303","normal thymus","normal thymus"
"330","SRP050223","SRX767312","T cell acute lymphoblastic leukemia","T cell acute lymphoblastic leukemia"
"331","SRP050223","SRX767310","T cell acute lymphoblastic leukemia","T cell acute lymphoblastic leukemia"
"332","SRP050223","SRX767306","T cell acute lymphoblastic leukemia","T cell acute lymphoblastic leukemia"
"333","SRP050223","SRX767303","normal thymus","normal thymus"
"334","SRP050223","SRX767300","normal thymus","normal thymus"
"335","SRP050223","SRX767304","T cell acute lymphoblastic leukemia","T cell acute lymphoblastic leukemia"
"336","SRP050223","SRX767310","T cell acute lymphoblastic leukemia","T cell acute lymphoblastic leukemia"
"337","SRP050223","SRX767305","T cell acute lymphoblastic leukemia","T cell acute lymphoblastic leukemia"
"338","SRP050223","SRX767301","normal thymus","normal thymus"
"339","SRP050223","SRX767306","T cell acute lymphoblastic leukemia","T cell acute lymphoblastic leukemia"
"340","SRP050223","SRX767304","T cell acute lymphoblastic leukemia","T cell acute lymphoblastic leukemia"
"341","SRP050223","SRX767307","T cell acute lymphoblastic leukemia","T cell acute lymphoblastic leukemia"
"342","SRP050223","SRX767302","normal thymus","normal thymus"
"343","SRP050223","SRX767305","T cell acute lymphoblastic leukemia","T cell acute lymphoblastic leukemia"
"344","SRP050223","SRX767305","T cell acute lymphoblastic leukemia","T cell acute lymphoblastic leukemia"
"345","SRP050223","SRX767312","T cell acute lymphoblastic leukemia","T cell acute lymphoblastic leukemia"
"346","SRP050223","SRX767311","T cell acute lymphoblastic leukemia","T cell acute lymphoblastic leukemia"
"347","SRP050223","SRX767304","T cell acute lymphoblastic leukemia","T cell acute lymphoblastic leukemia"
"348","SRP050223","SRX767301","normal thymus","normal thymus"
"349","SRP050223","SRX767302","normal thymus","normal thymus"
"350","SRP050223","SRX767311","T cell acute lymphoblastic leukemia","T cell acute lymphoblastic leukemia"
"351","SRP050223","SRX767303","normal thymus","normal thymus"
"352","SRP050223","SRX767301","normal thymus","normal thymus"
"353","SRP050223","SRX767312","T cell acute lymphoblastic leukemia","T cell acute lymphoblastic leukemia"
"354","SRP050223","SRX767301","normal thymus","normal thymus"
"355","SRP050223","SRX767301","normal thymus","normal thymus"
"356","SRP050223","SRX767307","T cell acute lymphoblastic leukemia","T cell acute lymphoblastic leukemia"
"357","SRP050223","SRX767308","T cell acute lymphoblastic leukemia","T cell acute lymphoblastic leukemia"
"358","SRP050223","SRX767300","normal thymus","normal thymus"
"359","SRP050223","SRX767307","T cell acute lymphoblastic leukemia","T cell acute lymphoblastic leukemia"
"360","SRP050223","SRX767303","normal thymus","normal thymus"
"361","SRP050223","SRX767306","T cell acute lymphoblastic leukemia","T cell acute lymphoblastic leukemia"
"362","SRP050223","SRX767305","T cell acute lymphoblastic leukemia","T cell acute lymphoblastic leukemia"
"363","SRP050223","SRX767307","T cell acute lymphoblastic leukemia","T cell acute lymphoblastic leukemia"
"364","SRP050223","SRX767302","normal thymus","normal thymus"
"365","SRP050223","SRX767305","T cell acute lymphoblastic leukemia","T cell acute lymphoblastic leukemia"
"366","SRP050223","SRX767309","T cell acute lymphoblastic leukemia","T cell acute lymphoblastic leukemia"
"367","SRP050223","SRX767302","normal thymus","normal thymus"
"368","SRP050223","SRX767306","T cell acute lymphoblastic leukemia","T cell acute lymphoblastic leukemia"
"369","SRP050223","SRX767306","T cell acute lymphoblastic leukemia","T cell acute lymphoblastic leukemia"
"370","SRP050223","SRX767303","normal thymus","normal thymus"
"371","SRP050223","SRX767312","T cell acute lymphoblastic leukemia","T cell acute lymphoblastic leukemia"
"372","SRP050223","SRX767311","T cell acute lymphoblastic leukemia","T cell acute lymphoblastic leukemia"
"373","SRP050223","SRX767309","T cell acute lymphoblastic leukemia","T cell acute lymphoblastic leukemia"
"374","SRP050223","SRX767309","T cell acute lymphoblastic leukemia","T cell acute lymphoblastic leukemia"
"375","SRP050223","SRX767304","T cell acute lymphoblastic leukemia","T cell acute lymphoblastic leukemia"
"376","SRP050223","SRX767309","T cell acute lymphoblastic leukemia","T cell acute lymphoblastic leukemia"
"377","SRP050223","SRX767306","T cell acute lymphoblastic leukemia","T cell acute lymphoblastic leukemia"
"378","SRP050223","SRX767310","T cell acute lymphoblastic leukemia","T cell acute lymphoblastic leukemia"
"379","SRP050223","SRX767308","T cell acute lymphoblastic leukemia","T cell acute lymphoblastic leukemia"
"380","SRP050223","SRX767304","T cell acute lymphoblastic leukemia","T cell acute lymphoblastic leukemia"
"381","SRP050223","SRX767304","T cell acute lymphoblastic leukemia","T cell acute lymphoblastic leukemia"
"382","SRP050223","SRX767302","normal thymus","normal thymus"
"383","SRP050223","SRX767303","normal thymus","normal thymus"
"384","SRP050223","SRX767312","T cell acute lymphoblastic leukemia","T cell acute lymphoblastic leukemia"
"385","SRP050223","SRX767312","T cell acute lymphoblastic leukemia","T cell acute lymphoblastic leukemia"
"386","SRP050223","SRX767306","T cell acute lymphoblastic leukemia","T cell acute lymphoblastic leukemia"
"387","SRP050223","SRX767307","T cell acute lymphoblastic leukemia","T cell acute lymphoblastic leukemia"
"388","SRP050223","SRX767303","normal thymus","normal thymus"
"389","SRP050223","SRX767305","T cell acute lymphoblastic leukemia","T cell acute lymphoblastic leukemia"
"390","SRP050223","SRX767309","T cell acute lymphoblastic leukemia","T cell acute lymphoblastic leukemia"
"391","SRP050223","SRX767310","T cell acute lymphoblastic leukemia","T cell acute lymphoblastic leukemia"
"392","SRP050223","SRX767309","T cell acute lymphoblastic leukemia","T cell acute lymphoblastic leukemia"
"393","SRP050223","SRX767306","T cell acute lymphoblastic leukemia","T cell acute lymphoblastic leukemia"
"394","SRP050223","SRX767310","T cell acute lymphoblastic leukemia","T cell acute lymphoblastic leukemia"
"395","SRP050223","SRX767306","T cell acute lymphoblastic leukemia","T cell acute lymphoblastic leukemia"
"396","SRP050223","SRX767311","T cell acute lymphoblastic leukemia","T cell acute lymphoblastic leukemia"
"397","SRP050223","SRX767301","normal thymus","normal thymus"
"398","SRP050223","SRX767309","T cell acute lymphoblastic leukemia","T cell acute lymphoblastic leukemia"
"399","SRP050223","SRX767300","normal thymus","normal thymus"
"400","SRP050223","SRX767302","normal thymus","normal thymus"
"401","SRP050223","SRX767310","T cell acute lymphoblastic leukemia","T cell acute lymphoblastic leukemia"
"402","SRP050223","SRX767304","T cell acute lymphoblastic leukemia","T cell acute lymphoblastic leukemia"
