"","study.accession","experiment.accession","source_name","patient.id","tissue.source","tissue.type"
"1","SRP032833","SRX375496","Tumor cells","2","laser micro-dissected archival FFPE tissue specimens","non-invasive adenocarcinoma in situ (ais)"
"2","SRP032833","SRX375502","Tumor cells","4","laser micro-dissected archival FFPE tissue specimens","non-invasive adenocarcinoma in situ (ais)"
"3","SRP032833","SRX375510","Normal cells","6","laser micro-dissected archival FFPE tissue specimens","surrounding normal lung (nor)"
"4","SRP032833","SRX375500","Tumor cells","3","laser micro-dissected archival FFPE tissue specimens","invasive lung carcinoma (inv)"
"5","SRP032833","SRX375494","Tumor cells","1","laser micro-dissected archival FFPE tissue specimens","invasive lung carcinoma (inv)"
"6","SRP032833","SRX375509","Tumor cells","6","laser micro-dissected archival FFPE tissue specimens","invasive lung carcinoma (inv)"
"7","SRP032833","SRX375498","Normal cells","2","laser micro-dissected archival FFPE tissue specimens","surrounding normal lung (nor)"
"8","SRP032833","SRX375507","Normal cells","5","laser micro-dissected archival FFPE tissue specimens","surrounding normal lung (nor)"
"9","SRP032833","SRX375508","Tumor cells","6","laser micro-dissected archival FFPE tissue specimens","non-invasive adenocarcinoma in situ (ais)"
"10","SRP032833","SRX375505","Tumor cells","5","laser micro-dissected archival FFPE tissue specimens","non-invasive adenocarcinoma in situ (ais)"
"11","SRP032833","SRX375501","Normal cells","3","laser micro-dissected archival FFPE tissue specimens","surrounding normal lung (nor)"
"12","SRP032833","SRX375499","Tumor cells","3","laser micro-dissected archival FFPE tissue specimens","non-invasive adenocarcinoma in situ (ais)"
"13","SRP032833","SRX375495","Normal cells","1","laser micro-dissected archival FFPE tissue specimens","surrounding normal lung (nor)"
"14","SRP032833","SRX375493","Tumor cells","1","laser micro-dissected archival FFPE tissue specimens","non-invasive adenocarcinoma in situ (ais)"
"15","SRP032833","SRX375504","Normal cells","4","laser micro-dissected archival FFPE tissue specimens","surrounding normal lung (nor)"
"16","SRP032833","SRX375506","Tumor cells","5","laser micro-dissected archival FFPE tissue specimens","invasive lung carcinoma (inv)"
"17","SRP032833","SRX375497","Tumor cells","2","laser micro-dissected archival FFPE tissue specimens","invasive lung carcinoma (inv)"
"18","SRP032833","SRX375503","Tumor cells","4","laser micro-dissected archival FFPE tissue specimens","invasive lung carcinoma (inv)"
