"","study.accession","experiment.accession","source_name","cell.line","cell.type","cell.type.1","transfected.with"
"1","SRP050246","SRX767454","MDA-MB-231_si-REST-003","MDA-MB-231","Breast cancer cell line","highly invasive","REST-003 siRNA"
"2","SRP050246","SRX767453","MDA-MB-231_si-control","MDA-MB-231","Breast cancer cell line","highly invasive","control siRNA"
"3","SRP050246","SRX767455","MDA-MB-231_si-REST-003","MDA-MB-231","Breast cancer cell line","highly invasive","REST-003 siRNA"
"4","SRP050246","SRX767452","MDA-MB-231_si-control","MDA-MB-231","Breast cancer cell line","highly invasive","control siRNA"
