"","study.accession","experiment.accession","source_name","disease.state","dlbcl.subtype","cell.line"
"1","SRP029739","SRX347414","B cells","diffuse large B cell lymphoma (DLBCL)","GCB","SU-DHL4"
"2","SRP029739","SRX347410","B cells","diffuse large B cell lymphoma (DLBCL)","ABC","OCI-Ly3"
"3","SRP029739","SRX347411","B cells","diffuse large B cell lymphoma (DLBCL)","GCB","OCI-Ly7"
"4","SRP029739","SRX347408","B cells","diffuse large B cell lymphoma (DLBCL)","ABC","OCI-Ly10"
"5","SRP029739","SRX347409","B cells","diffuse large B cell lymphoma (DLBCL)","GCB+EBV","OCI-Ly19"
"6","SRP029739","SRX347415","B cells","diffuse large B cell lymphoma (DLBCL)","GCB","SU-DHL6"
"7","SRP029739","SRX347415","B cells","diffuse large B cell lymphoma (DLBCL)","GCB","SU-DHL6"
"8","SRP029739","SRX347409","B cells","diffuse large B cell lymphoma (DLBCL)","GCB+EBV","OCI-Ly19"
"9","SRP029739","SRX347410","B cells","diffuse large B cell lymphoma (DLBCL)","ABC","OCI-Ly3"
"10","SRP029739","SRX347412","B cells","diffuse large B cell lymphoma (DLBCL)","GCB","SU-DHL10"
"11","SRP029739","SRX347416","B cells","diffuse large B cell lymphoma (DLBCL)","ABC","U-2932"
"12","SRP029739","SRX347416","B cells","diffuse large B cell lymphoma (DLBCL)","ABC","U-2932"
"13","SRP029739","SRX347414","B cells","diffuse large B cell lymphoma (DLBCL)","GCB","SU-DHL4"
"14","SRP029739","SRX347411","B cells","diffuse large B cell lymphoma (DLBCL)","GCB","OCI-Ly7"
"15","SRP029739","SRX347413","B cells","diffuse large B cell lymphoma (DLBCL)","ABC","SU-DHL2"
"16","SRP029739","SRX347413","B cells","diffuse large B cell lymphoma (DLBCL)","ABC","SU-DHL2"
"17","SRP029739","SRX347408","B cells","diffuse large B cell lymphoma (DLBCL)","ABC","OCI-Ly10"
"18","SRP029739","SRX347412","B cells","diffuse large B cell lymphoma (DLBCL)","GCB","SU-DHL10"
