"","study.accession","experiment.accession","source_name","tissue"
"1","SRP043320","SRX608341","Treated Patient-Derived Xenograft (PDX)","Human ovarian PDX tumor"
"2","SRP043320","SRX608336","Untreated Patient-Derived Xenograft (PDX)","Human ovarian PDX tumor"
"3","SRP043320","SRX608340","Untreated Patient-Derived Xenograft (PDX)","Human ovarian PDX tumor"
"4","SRP043320","SRX608335","Treated Patient-Derived Xenograft (PDX)","Human ovarian PDX tumor"
"5","SRP043320","SRX608338","Untreated Patient-Derived Xenograft (PDX)","Human ovarian PDX tumor"
"6","SRP043320","SRX608339","Treated Patient-Derived Xenograft (PDX)","Human ovarian PDX tumor"
"7","SRP043320","SRX608334","Untreated Patient-Derived Xenograft (PDX)","Human ovarian PDX tumor"
"8","SRP043320","SRX608331","Treated Patient-Derived Xenograft (PDX)","Human ovarian PDX tumor"
"9","SRP043320","SRX608332","Untreated Patient-Derived Xenograft (PDX)","Human ovarian PDX tumor"
"10","SRP043320","SRX608337","Treated Patient-Derived Xenograft (PDX)","Human ovarian PDX tumor"
"11","SRP043320","SRX608330","Untreated Patient-Derived Xenograft (PDX)","Human ovarian PDX tumor"
"12","SRP043320","SRX608333","Treated Patient-Derived Xenograft (PDX)","Human ovarian PDX tumor"
