"","study.accession","experiment.accession","source_name","cell.line","cell.type","passage","treatment"
"1","SRP044917","SRX663179","HCC1599","HCC1599","Triple negative breast cancer cell line containing an activating Notch1 mutation, grown in suspension","--","GSI 72 hrs"
"2","SRP044917","SRX663191","REC1","REC1","Mantle cell lymphoma cell line containing an activating Notch1 mutation","--","GSI 72 hrs"
"3","SRP044917","SRX663195","REC1","REC1","Mantle cell lymphoma cell line containing an activating Notch1 mutation","--","GSI 72 hrs, wash out 4 hrs"
"4","SRP044917","SRX663182","HCC1599","HCC1599","Triple negative breast cancer cell line containing an activating Notch1 mutation, grown in suspension","--","GSI 72 hrs"
"5","SRP044917","SRX663192","REC1","REC1","Mantle cell lymphoma cell line containing an activating Notch1 mutation","--","GSI 72 hrs, wash out 4 hrs"
"6","SRP044917","SRX663190","REC1","REC1","Mantle cell lymphoma cell line containing an activating Notch1 mutation","--","vehicle"
"7","SRP044917","SRX663183","HCC1599","HCC1599","Triple negative breast cancer cell line containing an activating Notch1 mutation, grown in suspension","--","GSI 72 hrs, wash out 4 hrs"
"8","SRP044917","SRX663175","CUTLL1","CUTLL1","T-ALL cell line containing a t(7;9) rearrangement and aberrant NOTCH1 activation","<20","GSI 72 hrs, wash out 4 hrs"
"9","SRP044917","SRX663194","REC1","REC1","Mantle cell lymphoma cell line containing an activating Notch1 mutation","--","GSI 72 hrs"
"10","SRP044917","SRX663187","REC1","REC1","Mantle cell lymphoma cell line containing an activating Notch1 mutation","--","vehicle"
"11","SRP044917","SRX663193","REC1","REC1","Mantle cell lymphoma cell line containing an activating Notch1 mutation","--","vehicle"
"12","SRP044917","SRX663176","CUTLL1","CUTLL1","T-ALL cell line containing a t(7;9) rearrangement and aberrant NOTCH1 activation","<20","GSI 72 hrs, wash out 4 hrs"
"13","SRP044917","SRX663184","HCC1599","HCC1599","Triple negative breast cancer cell line containing an activating Notch1 mutation, grown in suspension","--","vehicle"
"14","SRP044917","SRX663173","CUTLL1","CUTLL1","T-ALL cell line containing a t(7;9) rearrangement and aberrant NOTCH1 activation","<20","GSI 72 hrs"
"15","SRP044917","SRX663171","CUTLL1","CUTLL1","T-ALL cell line containing a t(7;9) rearrangement and aberrant NOTCH1 activation","<20","vehicle"
"16","SRP044917","SRX663185","HCC1599","HCC1599","Triple negative breast cancer cell line containing an activating Notch1 mutation, grown in suspension","--","GSI 72 hrs"
"17","SRP044917","SRX663169","CUTLL1","CUTLL1","T-ALL cell line containing a t(7;9) rearrangement and aberrant NOTCH1 activation","<20","vehicle"
"18","SRP044917","SRX663177","CUTLL1","CUTLL1","T-ALL cell line containing a t(7;9) rearrangement and aberrant NOTCH1 activation","<20","GSI 72 hrs, wash out 4 hrs"
"19","SRP044917","SRX663188","REC1","REC1","Mantle cell lymphoma cell line containing an activating Notch1 mutation","--","GSI 72 hrs"
"20","SRP044917","SRX663174","CUTLL1","CUTLL1","T-ALL cell line containing a t(7;9) rearrangement and aberrant NOTCH1 activation","<20","GSI 72 hrs"
"21","SRP044917","SRX663170","CUTLL1","CUTLL1","T-ALL cell line containing a t(7;9) rearrangement and aberrant NOTCH1 activation","<20","vehicle"
"22","SRP044917","SRX663186","HCC1599","HCC1599","Triple negative breast cancer cell line containing an activating Notch1 mutation, grown in suspension","--","GSI 72 hrs, wash out 4 hrs"
"23","SRP044917","SRX663172","CUTLL1","CUTLL1","T-ALL cell line containing a t(7;9) rearrangement and aberrant NOTCH1 activation","<20","GSI 72 hrs"
"24","SRP044917","SRX663189","REC1","REC1","Mantle cell lymphoma cell line containing an activating Notch1 mutation","--","GSI 72 hrs, wash out 4 hrs"
"25","SRP044917","SRX663180","HCC1599","HCC1599","Triple negative breast cancer cell line containing an activating Notch1 mutation, grown in suspension","--","GSI 72 hrs, wash out 4 hrs"
"26","SRP044917","SRX663178","HCC1599","HCC1599","Triple negative breast cancer cell line containing an activating Notch1 mutation, grown in suspension","--","vehicle"
"27","SRP044917","SRX663181","HCC1599","HCC1599","Triple negative breast cancer cell line containing an activating Notch1 mutation, grown in suspension","--","vehicle"
