"","study.accession","experiment.accession","source_name","cell.type","ar.v7.status","therapy"
"1","SRP041094","SRX515055","Metastatic castration resistant prostate cancer","Metastatic castration resistant prostate cancer","Negative","Castration"
"2","SRP041094","SRX515056","Metastatic castration resistant prostate cancer","Metastatic castration resistant prostate cancer","Positive","Enzalutamide"
"3","SRP041094","SRX515057","Metastatic castration resistant prostate cancer","Metastatic castration resistant prostate cancer","Positive","Enzalutamide"
"4","SRP041094","SRX515054","Metastatic castration resistant prostate cancer","Metastatic castration resistant prostate cancer","Negative","Castration"
