"","study.accession","experiment.accession","gap_accession","submitter.handle","biospecimen.repository","study.name","study.design","biospecimen.repository.sample.id","submitted.sample.id","submitted.subject.id","gap_sample_id","gap_subject_id","study.disease","body.site","analyte.type","is.tumor","subject.is.affected","gap_consent_code","gap_consent_short_name"
"1","SRP014789","SRX174553","phs000513","MAST_Kinase_Notch_Gene_Breast_Cancer","MAST_Kinase_Notch_Gene_Breast_Cancer","MAST Kinase and Notch Gene Families in Breast Cancer","Case-Control","MCTP_S70","MCTP_S70","70","772438","629688","Breast Neoplasms","Breast","RNA","Yes","Yes","1","CRGM"
"2","SRP014789","SRX174525","phs000513","MAST_Kinase_Notch_Gene_Breast_Cancer","MAST_Kinase_Notch_Gene_Breast_Cancer","MAST Kinase and Notch Gene Families in Breast Cancer","Case-Control","MCTP_S42","MCTP_S42","42","772407","629660",NA,"Breast","RNA","No","No","1","CRGM"
"3","SRP014789","SRX174568","phs000513","MAST_Kinase_Notch_Gene_Breast_Cancer","MAST_Kinase_Notch_Gene_Breast_Cancer","MAST Kinase and Notch Gene Families in Breast Cancer","Case-Control","MCTP_S85","MCTP_S85","85","772454","629703","Breast Neoplasms","Breast","RNA","Yes","Yes","1","CRGM"
"4","SRP014789","SRX174557","phs000513","MAST_Kinase_Notch_Gene_Breast_Cancer","MAST_Kinase_Notch_Gene_Breast_Cancer","MAST Kinase and Notch Gene Families in Breast Cancer","Case-Control","MCTP_S74","MCTP_S74","74","772442","629692","Breast Neoplasms","Breast","RNA","Yes","Yes","1","CRGM"
"5","SRP014789","SRX174531","phs000513","MAST_Kinase_Notch_Gene_Breast_Cancer","MAST_Kinase_Notch_Gene_Breast_Cancer","MAST Kinase and Notch Gene Families in Breast Cancer","Case-Control","MCTP_S48","MCTP_S48","48","772413","629666",NA,"Breast","RNA","No","No","1","CRGM"
"6","SRP014789","SRX174528","phs000513","MAST_Kinase_Notch_Gene_Breast_Cancer","MAST_Kinase_Notch_Gene_Breast_Cancer","MAST Kinase and Notch Gene Families in Breast Cancer","Case-Control","MCTP_S45","MCTP_S45","45","772410","629663",NA,"Breast","RNA","No","No","1","CRGM"
"7","SRP014789","SRX174493","phs000513","MAST_Kinase_Notch_Gene_Breast_Cancer","MAST_Kinase_Notch_Gene_Breast_Cancer","MAST Kinase and Notch Gene Families in Breast Cancer","Case-Control","MCTP_S10","MCTP_S10","10","772372","629628","Breast Neoplasms","Breast","RNA","No","Yes","1","CRGM"
"8","SRP014789","SRX174567","phs000513","MAST_Kinase_Notch_Gene_Breast_Cancer","MAST_Kinase_Notch_Gene_Breast_Cancer","MAST Kinase and Notch Gene Families in Breast Cancer","Case-Control","MCTP_S84","MCTP_S84","84","772453","629702","Breast Neoplasms","Breast","RNA","Yes","Yes","1","CRGM"
"9","SRP014789","SRX174542","phs000513","MAST_Kinase_Notch_Gene_Breast_Cancer","MAST_Kinase_Notch_Gene_Breast_Cancer","MAST Kinase and Notch Gene Families in Breast Cancer","Case-Control","MCTP_S59","MCTP_S59","59","772425","629677","Breast Neoplasms","Breast","RNA","Yes","Yes","1","CRGM"
"10","SRP014789","SRX174541","phs000513","MAST_Kinase_Notch_Gene_Breast_Cancer","MAST_Kinase_Notch_Gene_Breast_Cancer","MAST Kinase and Notch Gene Families in Breast Cancer","Case-Control","MCTP_S58","MCTP_S58","58","772424","629676","Breast Neoplasms","Breast","RNA","Yes","Yes","1","CRGM"
"11","SRP014789","SRX174538","phs000513","MAST_Kinase_Notch_Gene_Breast_Cancer","MAST_Kinase_Notch_Gene_Breast_Cancer","MAST Kinase and Notch Gene Families in Breast Cancer","Case-Control","MCTP_S55","MCTP_S55","55","772421","629673","Breast Neoplasms","Breast","RNA","Yes","Yes","1","CRGM"
"12","SRP014789","SRX174485","phs000513","MAST_Kinase_Notch_Gene_Breast_Cancer","MAST_Kinase_Notch_Gene_Breast_Cancer","MAST Kinase and Notch Gene Families in Breast Cancer","Case-Control","MCTP_S2","MCTP_S2","2","772382","629620","Breast Neoplasms","Breast","RNA","Yes","Yes","1","CRGM"
"13","SRP014789","SRX174551","phs000513","MAST_Kinase_Notch_Gene_Breast_Cancer","MAST_Kinase_Notch_Gene_Breast_Cancer","MAST Kinase and Notch Gene Families in Breast Cancer","Case-Control","MCTP_S68","MCTP_S68","68","772435","629686","Breast Neoplasms","Breast","RNA","Yes","Yes","1","CRGM"
"14","SRP014789","SRX174521","phs000513","MAST_Kinase_Notch_Gene_Breast_Cancer","MAST_Kinase_Notch_Gene_Breast_Cancer","MAST Kinase and Notch Gene Families in Breast Cancer","Case-Control","MCTP_S38","MCTP_S38","38","772402","629656","Breast Neoplasms","Breast","RNA","Yes","Yes","1","CRGM"
"15","SRP014789","SRX174572","phs000513","MAST_Kinase_Notch_Gene_Breast_Cancer","MAST_Kinase_Notch_Gene_Breast_Cancer","MAST Kinase and Notch Gene Families in Breast Cancer","Case-Control","MCTP_S89","MCTP_S89","89","772458","629707","Breast Neoplasms","Breast","RNA","Yes","Yes","1","CRGM"
"16","SRP014789","SRX174503","phs000513","MAST_Kinase_Notch_Gene_Breast_Cancer","MAST_Kinase_Notch_Gene_Breast_Cancer","MAST Kinase and Notch Gene Families in Breast Cancer","Case-Control","MCTP_S20","MCTP_S20","20","772383","629638","Breast Neoplasms","Breast","RNA","Yes","Yes","1","CRGM"
"17","SRP014789","SRX174524","phs000513","MAST_Kinase_Notch_Gene_Breast_Cancer","MAST_Kinase_Notch_Gene_Breast_Cancer","MAST Kinase and Notch Gene Families in Breast Cancer","Case-Control","MCTP_S41","MCTP_S41","41","772406","629659","Breast Neoplasms","Breast","RNA","Yes","Yes","1","CRGM"
"18","SRP014789","SRX174500","phs000513","MAST_Kinase_Notch_Gene_Breast_Cancer","MAST_Kinase_Notch_Gene_Breast_Cancer","MAST Kinase and Notch Gene Families in Breast Cancer","Case-Control","MCTP_S17","MCTP_S17","17","772379","629635","Breast Neoplasms","Breast","RNA","Yes","Yes","1","CRGM"
"19","SRP014789","SRX174537","phs000513","MAST_Kinase_Notch_Gene_Breast_Cancer","MAST_Kinase_Notch_Gene_Breast_Cancer","MAST Kinase and Notch Gene Families in Breast Cancer","Case-Control","MCTP_S54","MCTP_S54","54","772420","629672","Breast Neoplasms","Breast","RNA","Yes","Yes","1","CRGM"
"20","SRP014789","SRX174499","phs000513","MAST_Kinase_Notch_Gene_Breast_Cancer","MAST_Kinase_Notch_Gene_Breast_Cancer","MAST Kinase and Notch Gene Families in Breast Cancer","Case-Control","MCTP_S16","MCTP_S16","16","772378","629634","Breast Neoplasms","Breast","RNA","Yes","Yes","1","CRGM"
"21","SRP014789","SRX174520","phs000513","MAST_Kinase_Notch_Gene_Breast_Cancer","MAST_Kinase_Notch_Gene_Breast_Cancer","MAST Kinase and Notch Gene Families in Breast Cancer","Case-Control","MCTP_S37","MCTP_S37","37","772401","629655","Breast Neoplasms","Breast","RNA","No","Yes","1","CRGM"
"22","SRP014789","SRX174554","phs000513","MAST_Kinase_Notch_Gene_Breast_Cancer","MAST_Kinase_Notch_Gene_Breast_Cancer","MAST Kinase and Notch Gene Families in Breast Cancer","Case-Control","MCTP_S71","MCTP_S71","71","772439","629689","Breast Neoplasms","Breast","RNA","Yes","Yes","1","CRGM"
"23","SRP014789","SRX174562","phs000513","MAST_Kinase_Notch_Gene_Breast_Cancer","MAST_Kinase_Notch_Gene_Breast_Cancer","MAST Kinase and Notch Gene Families in Breast Cancer","Case-Control","MCTP_S79","MCTP_S79","79","772447","629697","Breast Neoplasms","Breast","RNA","Yes","Yes","1","CRGM"
"24","SRP014789","SRX174514","phs000513","MAST_Kinase_Notch_Gene_Breast_Cancer","MAST_Kinase_Notch_Gene_Breast_Cancer","MAST Kinase and Notch Gene Families in Breast Cancer","Case-Control","MCTP_S31","MCTP_S31","31","772395","629649","Breast Neoplasms","Breast","RNA","No","Yes","1","CRGM"
"25","SRP014789","SRX174569","phs000513","MAST_Kinase_Notch_Gene_Breast_Cancer","MAST_Kinase_Notch_Gene_Breast_Cancer","MAST Kinase and Notch Gene Families in Breast Cancer","Case-Control","MCTP_S86","MCTP_S86","86","772455","629704","Breast Neoplasms","Breast","RNA","Yes","Yes","1","CRGM"
"26","SRP014789","SRX174506","phs000513","MAST_Kinase_Notch_Gene_Breast_Cancer","MAST_Kinase_Notch_Gene_Breast_Cancer","MAST Kinase and Notch Gene Families in Breast Cancer","Case-Control","MCTP_S23","MCTP_S23","23","772386","629641","Breast Neoplasms","Breast","RNA","Yes","Yes","1","CRGM"
"27","SRP014789","SRX174571","phs000513","MAST_Kinase_Notch_Gene_Breast_Cancer","MAST_Kinase_Notch_Gene_Breast_Cancer","MAST Kinase and Notch Gene Families in Breast Cancer","Case-Control","MCTP_S88","MCTP_S88","88","772457","629706","Breast Neoplasms","Breast","RNA","Yes","Yes","1","CRGM"
"28","SRP014789","SRX174501","phs000513","MAST_Kinase_Notch_Gene_Breast_Cancer","MAST_Kinase_Notch_Gene_Breast_Cancer","MAST Kinase and Notch Gene Families in Breast Cancer","Case-Control","MCTP_S18","MCTP_S18","18","772380","629636","Breast Neoplasms","Breast","RNA","No","Yes","1","CRGM"
"29","SRP014789","SRX174565","phs000513","MAST_Kinase_Notch_Gene_Breast_Cancer","MAST_Kinase_Notch_Gene_Breast_Cancer","MAST Kinase and Notch Gene Families in Breast Cancer","Case-Control","MCTP_S82","MCTP_S82","82","772451","629700","Breast Neoplasms","Breast","RNA","Yes","Yes","1","CRGM"
"30","SRP014789","SRX174530","phs000513","MAST_Kinase_Notch_Gene_Breast_Cancer","MAST_Kinase_Notch_Gene_Breast_Cancer","MAST Kinase and Notch Gene Families in Breast Cancer","Case-Control","MCTP_S47","MCTP_S47","47","772412","629665",NA,"Breast","RNA","No","No","1","CRGM"
"31","SRP014789","SRX174532","phs000513","MAST_Kinase_Notch_Gene_Breast_Cancer","MAST_Kinase_Notch_Gene_Breast_Cancer","MAST Kinase and Notch Gene Families in Breast Cancer","Case-Control","MCTP_S49","MCTP_S49","49","772414","629667",NA,"Breast","RNA","No","No","1","CRGM"
"32","SRP014789","SRX174560","phs000513","MAST_Kinase_Notch_Gene_Breast_Cancer","MAST_Kinase_Notch_Gene_Breast_Cancer","MAST Kinase and Notch Gene Families in Breast Cancer","Case-Control","MCTP_S77","MCTP_S77","77","772445","629695","Breast Neoplasms","Breast","RNA","Yes","Yes","1","CRGM"
"33","SRP014789","SRX174511","phs000513","MAST_Kinase_Notch_Gene_Breast_Cancer","MAST_Kinase_Notch_Gene_Breast_Cancer","MAST Kinase and Notch Gene Families in Breast Cancer","Case-Control","MCTP_S28","MCTP_S28","28","772391","629646","Breast Neoplasms","Breast","RNA","Yes","Yes","1","CRGM"
"34","SRP014789","SRX174488","phs000513","MAST_Kinase_Notch_Gene_Breast_Cancer","MAST_Kinase_Notch_Gene_Breast_Cancer","MAST Kinase and Notch Gene Families in Breast Cancer","Case-Control","MCTP_S5","MCTP_S5","5","772415","629623","Breast Neoplasms","Breast","RNA","Yes","Yes","1","CRGM"
"35","SRP014789","SRX174535","phs000513","MAST_Kinase_Notch_Gene_Breast_Cancer","MAST_Kinase_Notch_Gene_Breast_Cancer","MAST Kinase and Notch Gene Families in Breast Cancer","Case-Control","MCTP_S52","MCTP_S52","52","772418","629670","Breast Neoplasms","Breast","RNA","Yes","Yes","1","CRGM"
"36","SRP014789","SRX174502","phs000513","MAST_Kinase_Notch_Gene_Breast_Cancer","MAST_Kinase_Notch_Gene_Breast_Cancer","MAST Kinase and Notch Gene Families in Breast Cancer","Case-Control","MCTP_S19","MCTP_S19","19","772381","629637","Breast Neoplasms","Breast","RNA","No","Yes","1","CRGM"
"37","SRP014789","SRX174490","phs000513","MAST_Kinase_Notch_Gene_Breast_Cancer","MAST_Kinase_Notch_Gene_Breast_Cancer","MAST Kinase and Notch Gene Families in Breast Cancer","Case-Control","MCTP_S7","MCTP_S7","7","772437","629625","Breast Neoplasms","Breast","RNA","Yes","Yes","1","CRGM"
"38","SRP014789","SRX174508","phs000513","MAST_Kinase_Notch_Gene_Breast_Cancer","MAST_Kinase_Notch_Gene_Breast_Cancer","MAST Kinase and Notch Gene Families in Breast Cancer","Case-Control","MCTP_S25","MCTP_S25","25","772388","629643","Breast Neoplasms","Breast","RNA","Yes","Yes","1","CRGM"
"39","SRP014789","SRX174533","phs000513","MAST_Kinase_Notch_Gene_Breast_Cancer","MAST_Kinase_Notch_Gene_Breast_Cancer","MAST Kinase and Notch Gene Families in Breast Cancer","Case-Control","MCTP_S50","MCTP_S50","50","772416","629668",NA,"Breast","RNA","No","No","1","CRGM"
"40","SRP014789","SRX174496","phs000513","MAST_Kinase_Notch_Gene_Breast_Cancer","MAST_Kinase_Notch_Gene_Breast_Cancer","MAST Kinase and Notch Gene Families in Breast Cancer","Case-Control","MCTP_S13","MCTP_S13","13","772375","629631","Breast Neoplasms","Breast","RNA","Yes","Yes","1","CRGM"
"41","SRP014789","SRX174547","phs000513","MAST_Kinase_Notch_Gene_Breast_Cancer","MAST_Kinase_Notch_Gene_Breast_Cancer","MAST Kinase and Notch Gene Families in Breast Cancer","Case-Control","MCTP_S64","MCTP_S64","64","772431","629682","Breast Neoplasms","Breast","RNA","Yes","Yes","1","CRGM"
"42","SRP014789","SRX174563","phs000513","MAST_Kinase_Notch_Gene_Breast_Cancer","MAST_Kinase_Notch_Gene_Breast_Cancer","MAST Kinase and Notch Gene Families in Breast Cancer","Case-Control","MCTP_S80","MCTP_S80","80","772449","629698","Breast Neoplasms","Breast","RNA","Yes","Yes","1","CRGM"
"43","SRP014789","SRX174494","phs000513","MAST_Kinase_Notch_Gene_Breast_Cancer","MAST_Kinase_Notch_Gene_Breast_Cancer","MAST Kinase and Notch Gene Families in Breast Cancer","Case-Control","MCTP_S11","MCTP_S11","11","772373","629629","Breast Neoplasms","Breast","RNA","Yes","Yes","1","CRGM"
"44","SRP014789","SRX174527","phs000513","MAST_Kinase_Notch_Gene_Breast_Cancer","MAST_Kinase_Notch_Gene_Breast_Cancer","MAST Kinase and Notch Gene Families in Breast Cancer","Case-Control","MCTP_S44","MCTP_S44","44","772409","629662",NA,"Breast","RNA","No","No","1","CRGM"
"45","SRP014789","SRX174552","phs000513","MAST_Kinase_Notch_Gene_Breast_Cancer","MAST_Kinase_Notch_Gene_Breast_Cancer","MAST Kinase and Notch Gene Families in Breast Cancer","Case-Control","MCTP_S69","MCTP_S69","69","772436","629687","Breast Neoplasms","Breast","RNA","Yes","Yes","1","CRGM"
"46","SRP014789","SRX174566","phs000513","MAST_Kinase_Notch_Gene_Breast_Cancer","MAST_Kinase_Notch_Gene_Breast_Cancer","MAST Kinase and Notch Gene Families in Breast Cancer","Case-Control","MCTP_S83","MCTP_S83","83","772452","629701","Breast Neoplasms","Breast","RNA","Yes","Yes","1","CRGM"
"47","SRP014789","SRX174495","phs000513","MAST_Kinase_Notch_Gene_Breast_Cancer","MAST_Kinase_Notch_Gene_Breast_Cancer","MAST Kinase and Notch Gene Families in Breast Cancer","Case-Control","MCTP_S12","MCTP_S12","12","772374","629630","Breast Neoplasms","Breast","RNA","Yes","Yes","1","CRGM"
"48","SRP014789","SRX174558","phs000513","MAST_Kinase_Notch_Gene_Breast_Cancer","MAST_Kinase_Notch_Gene_Breast_Cancer","MAST Kinase and Notch Gene Families in Breast Cancer","Case-Control","MCTP_S75","MCTP_S75","75","772443","629693","Breast Neoplasms","Breast","RNA","Yes","Yes","1","CRGM"
"49","SRP014789","SRX174540","phs000513","MAST_Kinase_Notch_Gene_Breast_Cancer","MAST_Kinase_Notch_Gene_Breast_Cancer","MAST Kinase and Notch Gene Families in Breast Cancer","Case-Control","MCTP_S57","MCTP_S57","57","772423","629675","Breast Neoplasms","Breast","RNA","Yes","Yes","1","CRGM"
"50","SRP014789","SRX174504","phs000513","MAST_Kinase_Notch_Gene_Breast_Cancer","MAST_Kinase_Notch_Gene_Breast_Cancer","MAST Kinase and Notch Gene Families in Breast Cancer","Case-Control","MCTP_S21","MCTP_S21","21","772384","629639","Breast Neoplasms","Breast","RNA","No","Yes","1","CRGM"
"51","SRP014789","SRX174489","phs000513","MAST_Kinase_Notch_Gene_Breast_Cancer","MAST_Kinase_Notch_Gene_Breast_Cancer","MAST Kinase and Notch Gene Families in Breast Cancer","Case-Control","MCTP_S6","MCTP_S6","6","772426","629624","Breast Neoplasms","Breast","RNA","Yes","Yes","1","CRGM"
"52","SRP014789","SRX174548","phs000513","MAST_Kinase_Notch_Gene_Breast_Cancer","MAST_Kinase_Notch_Gene_Breast_Cancer","MAST Kinase and Notch Gene Families in Breast Cancer","Case-Control","MCTP_S65","MCTP_S65","65","772432","629683","Breast Neoplasms","Breast","RNA","Yes","Yes","1","CRGM"
"53","SRP014789","SRX174544","phs000513","MAST_Kinase_Notch_Gene_Breast_Cancer","MAST_Kinase_Notch_Gene_Breast_Cancer","MAST Kinase and Notch Gene Families in Breast Cancer","Case-Control","MCTP_S61","MCTP_S61","61","772428","629679","Breast Neoplasms","Breast","RNA","Yes","Yes","1","CRGM"
"54","SRP014789","SRX174487","phs000513","MAST_Kinase_Notch_Gene_Breast_Cancer","MAST_Kinase_Notch_Gene_Breast_Cancer","MAST Kinase and Notch Gene Families in Breast Cancer","Case-Control","MCTP_S4","MCTP_S4","4","772404","629622","Breast Neoplasms","Breast","RNA","Yes","Yes","1","CRGM"
"55","SRP014789","SRX174492","phs000513","MAST_Kinase_Notch_Gene_Breast_Cancer","MAST_Kinase_Notch_Gene_Breast_Cancer","MAST Kinase and Notch Gene Families in Breast Cancer","Case-Control","MCTP_S9","MCTP_S9","9","772459","629627","Breast Neoplasms","Breast","RNA","Yes","Yes","1","CRGM"
"56","SRP014789","SRX174515","phs000513","MAST_Kinase_Notch_Gene_Breast_Cancer","MAST_Kinase_Notch_Gene_Breast_Cancer","MAST Kinase and Notch Gene Families in Breast Cancer","Case-Control","MCTP_S32","MCTP_S32","32","772396","629650","Breast Neoplasms","Breast","RNA","Yes","Yes","1","CRGM"
"57","SRP014789","SRX174559","phs000513","MAST_Kinase_Notch_Gene_Breast_Cancer","MAST_Kinase_Notch_Gene_Breast_Cancer","MAST Kinase and Notch Gene Families in Breast Cancer","Case-Control","MCTP_S76","MCTP_S76","76","772444","629694","Breast Neoplasms","Breast","RNA","Yes","Yes","1","CRGM"
"58","SRP014789","SRX174550","phs000513","MAST_Kinase_Notch_Gene_Breast_Cancer","MAST_Kinase_Notch_Gene_Breast_Cancer","MAST Kinase and Notch Gene Families in Breast Cancer","Case-Control","MCTP_S67","MCTP_S67","67","772434","629685","Breast Neoplasms","Breast","RNA","Yes","Yes","1","CRGM"
"59","SRP014789","SRX174510","phs000513","MAST_Kinase_Notch_Gene_Breast_Cancer","MAST_Kinase_Notch_Gene_Breast_Cancer","MAST Kinase and Notch Gene Families in Breast Cancer","Case-Control","MCTP_S27","MCTP_S27","27","772390","629645","Breast Neoplasms","Breast","RNA","Yes","Yes","1","CRGM"
"60","SRP014789","SRX174561","phs000513","MAST_Kinase_Notch_Gene_Breast_Cancer","MAST_Kinase_Notch_Gene_Breast_Cancer","MAST Kinase and Notch Gene Families in Breast Cancer","Case-Control","MCTP_S78","MCTP_S78","78","772446","629696","Breast Neoplasms","Breast","RNA","Yes","Yes","1","CRGM"
"61","SRP014789","SRX174522","phs000513","MAST_Kinase_Notch_Gene_Breast_Cancer","MAST_Kinase_Notch_Gene_Breast_Cancer","MAST Kinase and Notch Gene Families in Breast Cancer","Case-Control","MCTP_S39","MCTP_S39","39","772403","629657","Breast Neoplasms","Breast","RNA","Yes","Yes","1","CRGM"
"62","SRP014789","SRX174509","phs000513","MAST_Kinase_Notch_Gene_Breast_Cancer","MAST_Kinase_Notch_Gene_Breast_Cancer","MAST Kinase and Notch Gene Families in Breast Cancer","Case-Control","MCTP_S26","MCTP_S26","26","772389","629644","Breast Neoplasms","Breast","RNA","No","Yes","1","CRGM"
"63","SRP014789","SRX174491","phs000513","MAST_Kinase_Notch_Gene_Breast_Cancer","MAST_Kinase_Notch_Gene_Breast_Cancer","MAST Kinase and Notch Gene Families in Breast Cancer","Case-Control","MCTP_S8","MCTP_S8","8","772448","629626","Breast Neoplasms","Breast","RNA","Yes","Yes","1","CRGM"
"64","SRP014789","SRX174556","phs000513","MAST_Kinase_Notch_Gene_Breast_Cancer","MAST_Kinase_Notch_Gene_Breast_Cancer","MAST Kinase and Notch Gene Families in Breast Cancer","Case-Control","MCTP_S73","MCTP_S73","73","772441","629691","Breast Neoplasms","Breast","RNA","Yes","Yes","1","CRGM"
"65","SRP014789","SRX174497","phs000513","MAST_Kinase_Notch_Gene_Breast_Cancer","MAST_Kinase_Notch_Gene_Breast_Cancer","MAST Kinase and Notch Gene Families in Breast Cancer","Case-Control","MCTP_S14","MCTP_S14","14","772376","629632","Breast Neoplasms","Breast","RNA","Yes","Yes","1","CRGM"
"66","SRP014789","SRX174549","phs000513","MAST_Kinase_Notch_Gene_Breast_Cancer","MAST_Kinase_Notch_Gene_Breast_Cancer","MAST Kinase and Notch Gene Families in Breast Cancer","Case-Control","MCTP_S66","MCTP_S66","66","772433","629684","Breast Neoplasms","Breast","RNA","Yes","Yes","1","CRGM"
"67","SRP014789","SRX174486","phs000513","MAST_Kinase_Notch_Gene_Breast_Cancer","MAST_Kinase_Notch_Gene_Breast_Cancer","MAST Kinase and Notch Gene Families in Breast Cancer","Case-Control","MCTP_S3","MCTP_S3","3","772393","629621","Breast Neoplasms","Breast","RNA","Yes","Yes","1","CRGM"
"68","SRP014789","SRX174513","phs000513","MAST_Kinase_Notch_Gene_Breast_Cancer","MAST_Kinase_Notch_Gene_Breast_Cancer","MAST Kinase and Notch Gene Families in Breast Cancer","Case-Control","MCTP_S30","MCTP_S30","30","772394","629648","Breast Neoplasms","Breast","RNA","Yes","Yes","1","CRGM"
"69","SRP014789","SRX174545","phs000513","MAST_Kinase_Notch_Gene_Breast_Cancer","MAST_Kinase_Notch_Gene_Breast_Cancer","MAST Kinase and Notch Gene Families in Breast Cancer","Case-Control","MCTP_S62","MCTP_S62","62","772429","629680","Breast Neoplasms","Breast","RNA","Yes","Yes","1","CRGM"
"70","SRP014789","SRX174536","phs000513","MAST_Kinase_Notch_Gene_Breast_Cancer","MAST_Kinase_Notch_Gene_Breast_Cancer","MAST Kinase and Notch Gene Families in Breast Cancer","Case-Control","MCTP_S53","MCTP_S53","53","772419","629671","Breast Neoplasms","Breast","RNA","Yes","Yes","1","CRGM"
"71","SRP014789","SRX174507","phs000513","MAST_Kinase_Notch_Gene_Breast_Cancer","MAST_Kinase_Notch_Gene_Breast_Cancer","MAST Kinase and Notch Gene Families in Breast Cancer","Case-Control","MCTP_S24","MCTP_S24","24","772387","629642","Breast Neoplasms","Breast","RNA","Yes","Yes","1","CRGM"
"72","SRP014789","SRX174498","phs000513","MAST_Kinase_Notch_Gene_Breast_Cancer","MAST_Kinase_Notch_Gene_Breast_Cancer","MAST Kinase and Notch Gene Families in Breast Cancer","Case-Control","MCTP_S15","MCTP_S15","15","772377","629633","Breast Neoplasms","Breast","RNA","Yes","Yes","1","CRGM"
"73","SRP014789","SRX174555","phs000513","MAST_Kinase_Notch_Gene_Breast_Cancer","MAST_Kinase_Notch_Gene_Breast_Cancer","MAST Kinase and Notch Gene Families in Breast Cancer","Case-Control","MCTP_S72","MCTP_S72","72","772440","629690","Breast Neoplasms","Breast","RNA","Yes","Yes","1","CRGM"
"74","SRP014789","SRX174546","phs000513","MAST_Kinase_Notch_Gene_Breast_Cancer","MAST_Kinase_Notch_Gene_Breast_Cancer","MAST Kinase and Notch Gene Families in Breast Cancer","Case-Control","MCTP_S63","MCTP_S63","63","772430","629681","Breast Neoplasms","Breast","RNA","Yes","Yes","1","CRGM"
"75","SRP014789","SRX174516","phs000513","MAST_Kinase_Notch_Gene_Breast_Cancer","MAST_Kinase_Notch_Gene_Breast_Cancer","MAST Kinase and Notch Gene Families in Breast Cancer","Case-Control","MCTP_S33","MCTP_S33","33","772397","629651","Breast Neoplasms","Breast","RNA","Yes","Yes","1","CRGM"
"76","SRP014789","SRX174512","phs000513","MAST_Kinase_Notch_Gene_Breast_Cancer","MAST_Kinase_Notch_Gene_Breast_Cancer","MAST Kinase and Notch Gene Families in Breast Cancer","Case-Control","MCTP_S29","MCTP_S29","29","772392","629647","Breast Neoplasms","Breast","RNA","Yes","Yes","1","CRGM"
"77","SRP014789","SRX174529","phs000513","MAST_Kinase_Notch_Gene_Breast_Cancer","MAST_Kinase_Notch_Gene_Breast_Cancer","MAST Kinase and Notch Gene Families in Breast Cancer","Case-Control","MCTP_S46","MCTP_S46","46","772411","629664",NA,"Breast","RNA","No","No","1","CRGM"
"78","SRP014789","SRX174564","phs000513","MAST_Kinase_Notch_Gene_Breast_Cancer","MAST_Kinase_Notch_Gene_Breast_Cancer","MAST Kinase and Notch Gene Families in Breast Cancer","Case-Control","MCTP_S81","MCTP_S81","81","772450","629699","Breast Neoplasms","Breast","RNA","Yes","Yes","1","CRGM"
"79","SRP014789","SRX174523","phs000513","MAST_Kinase_Notch_Gene_Breast_Cancer","MAST_Kinase_Notch_Gene_Breast_Cancer","MAST Kinase and Notch Gene Families in Breast Cancer","Case-Control","MCTP_S40","MCTP_S40","40","772405","629658","Breast Neoplasms","Breast","RNA","No","Yes","1","CRGM"
"80","SRP014789","SRX174543","phs000513","MAST_Kinase_Notch_Gene_Breast_Cancer","MAST_Kinase_Notch_Gene_Breast_Cancer","MAST Kinase and Notch Gene Families in Breast Cancer","Case-Control","MCTP_S60","MCTP_S60","60","772427","629678","Breast Neoplasms","Breast","RNA","Yes","Yes","1","CRGM"
"81","SRP014789","SRX174517","phs000513","MAST_Kinase_Notch_Gene_Breast_Cancer","MAST_Kinase_Notch_Gene_Breast_Cancer","MAST Kinase and Notch Gene Families in Breast Cancer","Case-Control","MCTP_S34","MCTP_S34","34","772398","629652","Breast Neoplasms","Breast","RNA","Yes","Yes","1","CRGM"
"82","SRP014789","SRX174519","phs000513","MAST_Kinase_Notch_Gene_Breast_Cancer","MAST_Kinase_Notch_Gene_Breast_Cancer","MAST Kinase and Notch Gene Families in Breast Cancer","Case-Control","MCTP_S36","MCTP_S36","36","772400","629654","Breast Neoplasms","Breast","RNA","Yes","Yes","1","CRGM"
"83","SRP014789","SRX174518","phs000513","MAST_Kinase_Notch_Gene_Breast_Cancer","MAST_Kinase_Notch_Gene_Breast_Cancer","MAST Kinase and Notch Gene Families in Breast Cancer","Case-Control","MCTP_S35","MCTP_S35","35","772399","629653","Breast Neoplasms","Breast","RNA","Yes","Yes","1","CRGM"
"84","SRP014789","SRX174505","phs000513","MAST_Kinase_Notch_Gene_Breast_Cancer","MAST_Kinase_Notch_Gene_Breast_Cancer","MAST Kinase and Notch Gene Families in Breast Cancer","Case-Control","MCTP_S22","MCTP_S22","22","772385","629640","Breast Neoplasms","Breast","RNA","Yes","Yes","1","CRGM"
"85","SRP014789","SRX174534","phs000513","MAST_Kinase_Notch_Gene_Breast_Cancer","MAST_Kinase_Notch_Gene_Breast_Cancer","MAST Kinase and Notch Gene Families in Breast Cancer","Case-Control","MCTP_S51","MCTP_S51","51","772417","629669",NA,"Breast","RNA","No","No","1","CRGM"
"86","SRP014789","SRX174570","phs000513","MAST_Kinase_Notch_Gene_Breast_Cancer","MAST_Kinase_Notch_Gene_Breast_Cancer","MAST Kinase and Notch Gene Families in Breast Cancer","Case-Control","MCTP_S87","MCTP_S87","87","772456","629705","Breast Neoplasms","Breast","RNA","Yes","Yes","1","CRGM"
"87","SRP014789","SRX174484","phs000513","MAST_Kinase_Notch_Gene_Breast_Cancer","MAST_Kinase_Notch_Gene_Breast_Cancer","MAST Kinase and Notch Gene Families in Breast Cancer","Case-Control","MCTP_S1","MCTP_S1","1","772371","629619","Breast Neoplasms","Breast","RNA","Yes","Yes","1","CRGM"
"88","SRP014789","SRX174526","phs000513","MAST_Kinase_Notch_Gene_Breast_Cancer","MAST_Kinase_Notch_Gene_Breast_Cancer","MAST Kinase and Notch Gene Families in Breast Cancer","Case-Control","MCTP_S43","MCTP_S43","43","772408","629661",NA,"Breast","RNA","No","No","1","CRGM"
"89","SRP014789","SRX174539","phs000513","MAST_Kinase_Notch_Gene_Breast_Cancer","MAST_Kinase_Notch_Gene_Breast_Cancer","MAST Kinase and Notch Gene Families in Breast Cancer","Case-Control","MCTP_S56","MCTP_S56","56","772422","629674","Breast Neoplasms","Breast","RNA","Yes","Yes","1","CRGM"
