"","study.accession","experiment.accession","source_name","cell.line","cell.type","infected.with"
"1","SRP041100","SRX515071","CUTLL1 cells_short hairpin against JMJD3","CUTLL1","human T cell leukemia cells","retroviruses expressing short haiprin against JMJD3"
"2","SRP041100","SRX515074","CUTLL1 cells_short hairpin against UTX","CUTLL1","human T cell leukemia cells","retroviruses expressing short haiprin against UTX"
"3","SRP041100","SRX515078","CEM cells_short hairpin against JMJD3","CEM","human T cell leukemia cells","retroviruses expressing short haiprin against JMJD3"
"4","SRP041100","SRX515077","CUTLL1 cells_short hairpin against RENILLA","CUTLL1","human T cell leukemia cells","retroviruses expressing short haiprin against RENILLA"
"5","SRP041100","SRX515075","CUTLL1 cells_short hairpin against RENILLA","CUTLL1","human T cell leukemia cells","retroviruses expressing short haiprin against RENILLA"
"6","SRP041100","SRX515076","CUTLL1 cells_short hairpin against RENILLA","CUTLL1","human T cell leukemia cells","retroviruses expressing short haiprin against RENILLA"
"7","SRP041100","SRX515082","CEM cells_short hairpin against RENILLA","CEM","human T cell leukemia cells","retroviruses expressing short haiprin against RENILLA"
"8","SRP041100","SRX515081","CEM cells_short hairpin against UTX","CEM","human T cell leukemia cells","retroviruses expressing short haiprin against UTX"
"9","SRP041100","SRX515079","CEM cells_short hairpin against JMJD3","CEM","human T cell leukemia cells","retroviruses expressing short haiprin against JMJD3"
"10","SRP041100","SRX515072","CUTLL1 cells_short hairpin against JMJD3","CUTLL1","human T cell leukemia cells","retroviruses expressing short haiprin against JMJD3"
"11","SRP041100","SRX515073","CUTLL1 cells_short hairpin against UTX","CUTLL1","human T cell leukemia cells","retroviruses expressing short haiprin against UTX"
"12","SRP041100","SRX515080","CEM cells_short hairpin against UTX","CEM","human T cell leukemia cells","retroviruses expressing short haiprin against UTX"
"13","SRP041100","SRX515083","CEM cells_short hairpin against RENILLA","CEM","human T cell leukemia cells","retroviruses expressing short haiprin against RENILLA"
"14","SRP041100","SRX515070","CUTLL1 cells_short hairpin against JMJD3","CUTLL1","human T cell leukemia cells","retroviruses expressing short haiprin against JMJD3"
