"","study.accession","experiment.accession","source_name","tumor.subpopulation","tumor.state","cell.storage"
"1","SRP059732","SRX1067679","high grade serous ovarian cancer","CA125 positive","ascites","cryopreserved primary cells"
"2","SRP059732","SRX1067687","high grade serous ovarian cancer","CA125 positive","solid tumor","freshly isolatedprimary cells"
"3","SRP059732","SRX1067683","high grade serous ovarian cancer","CA125 positive","solid tumor","freshly isolatedprimary cells"
"4","SRP059732","SRX1067688","high grade serous ovarian cancer","CA125 negative","solid tumor","cryopreserved primary cells"
"5","SRP059732","SRX1067693","high grade serous ovarian cancer","CA125 positive","solid tumor","cryopreserved primary cells"
"6","SRP059732","SRX1067690","high grade serous ovarian cancer","CA125 negative","solid tumor","cryopreserved primary cells"
"7","SRP059732","SRX1067689","high grade serous ovarian cancer","CA125 positive","solid tumor","cryopreserved primary cells"
"8","SRP059732","SRX1067686","high grade serous ovarian cancer","CA125 negative","solid tumor","freshly isolated primary cells"
"9","SRP059732","SRX1067685","high grade serous ovarian cancer","CA125 positive","solid tumor","freshly isolatedprimary cells"
"10","SRP059732","SRX1067681","high grade serous ovarian cancer","CA125 positive","ascites","cryopreserved primary cells"
"11","SRP059732","SRX1067676","high grade serous ovarian cancer","CA125 negative","solid tumor","cryopreserved primary cells"
"12","SRP059732","SRX1067682","high grade serous ovarian cancer","CA125 negative","solid tumor","freshly isolated primary cells"
"13","SRP059732","SRX1067684","high grade serous ovarian cancer","CA125 negative","solid tumor","freshly isolated primary cells"
"14","SRP059732","SRX1067674","high grade serous ovarian cancer","CA125 negative","solid tumor","cryopreserved primary cells"
"15","SRP059732","SRX1067678","high grade serous ovarian cancer","CA125 negative","ascites","cryopreserved primary cells"
"16","SRP059732","SRX1067680","high grade serous ovarian cancer","CA125 negative","ascites","cryopreserved primary cells"
"17","SRP059732","SRX1067675","high grade serous ovarian cancer","CA125 positive","solid tumor","cryopreserved primary cells"
"18","SRP059732","SRX1067691","high grade serous ovarian cancer","CA125 positive","solid tumor","cryopreserved primary cells"
"19","SRP059732","SRX1067692","high grade serous ovarian cancer","CA125 negative","solid tumor","cryopreserved primary cells"
"20","SRP059732","SRX1067677","high grade serous ovarian cancer","CA125 positive","solid tumor","cryopreserved primary cells"
