"","study.accession","experiment.accession","source_name","biomaterial_provider","cell.line","er.status","confluency","mi63.treatment"
"1","SRP064131","SRX1281665","Breast Cancer Cell Line","ATCC","MCF-7","ER+","High","No"
"2","SRP064131","SRX1281666","Breast Cancer Cell Line","ATCC","MCF-7","ER+","Low","Yes"
"3","SRP064131","SRX1281664","Breast Cancer Cell Line","ATCC","MCF-7","ER+","Low","No"
"4","SRP064131","SRX1281666","Breast Cancer Cell Line","ATCC","MCF-7","ER+","Low","Yes"
"5","SRP064131","SRX1281664","Breast Cancer Cell Line","ATCC","MCF-7","ER+","Low","No"
"6","SRP064131","SRX1281664","Breast Cancer Cell Line","ATCC","MCF-7","ER+","Low","No"
"7","SRP064131","SRX1281664","Breast Cancer Cell Line","ATCC","MCF-7","ER+","Low","No"
"8","SRP064131","SRX1281665","Breast Cancer Cell Line","ATCC","MCF-7","ER+","High","No"
"9","SRP064131","SRX1281666","Breast Cancer Cell Line","ATCC","MCF-7","ER+","Low","Yes"
"10","SRP064131","SRX1281666","Breast Cancer Cell Line","ATCC","MCF-7","ER+","Low","Yes"
"11","SRP064131","SRX1281665","Breast Cancer Cell Line","ATCC","MCF-7","ER+","High","No"
"12","SRP064131","SRX1281665","Breast Cancer Cell Line","ATCC","MCF-7","ER+","High","No"
