"","study.accession","experiment.accession","source_name","donor","tissue","blood.draw","blood.processed.by"
"1","SRP015945","SRX190443","blood","healthy human donor 4","blood","1","IgG CTC chip"
"2","SRP015945","SRX190437","blood","healthy human donor 1","blood","1","IgG CTC chip"
"3","SRP015945","SRX190432","blood","human breast cancer patient 1","blood","4","EPCAM CTC chip"
"4","SRP015945","SRX190433","blood","human breast cancer patient 1","blood","4","IgG CTC chip"
"5","SRP015945","SRX190436","blood","healthy human donor 1","blood","1","EPCAM CTC chip"
"6","SRP015945","SRX190430","blood","human breast cancer patient 1","blood","3","EPCAM CTC chip"
"7","SRP015945","SRX190446","blood","healthy human donor 6","blood","1","EPCAM CTC chip"
"8","SRP015945","SRX190455","blood","healthy human donor 10","blood","1","IgG CTC chip"
"9","SRP015945","SRX190442","blood","healthy human donor 4","blood","1","EPCAM CTC chip"
"10","SRP015945","SRX190447","blood","healthy human donor 6","blood","1","IgG CTC chip"
"11","SRP015945","SRX190448","blood","healthy human donor 7","blood","1","EPCAM CTC chip"
"12","SRP015945","SRX190445","blood","healthy human donor 5","blood","1","IgG CTC chip"
"13","SRP015945","SRX190454","blood","healthy human donor 10","blood","1","EPCAM CTC chip"
"14","SRP015945","SRX190427","blood","human breast cancer patient 1","blood","1","IgG CTC chip"
"15","SRP015945","SRX190440","blood","healthy human donor 3","blood","1","EPCAM CTC chip"
"16","SRP015945","SRX190444","blood","healthy human donor 5","blood","1","EPCAM CTC chip"
"17","SRP015945","SRX190452","blood","healthy human donor 9","blood","1","EPCAM CTC chip"
"18","SRP015945","SRX190441","blood","healthy human donor 3","blood","1","IgG CTC chip"
"19","SRP015945","SRX190453","blood","healthy human donor 9","blood","1","IgG CTC chip"
"20","SRP015945","SRX190428","blood","human breast cancer patient 1","blood","2","EPCAM CTC chip"
"21","SRP015945","SRX190451","blood","healthy human donor 8","blood","1","IgG CTC chip"
"22","SRP015945","SRX190450","blood","healthy human donor 8","blood","1","EPCAM CTC chip"
"23","SRP015945","SRX190429","blood","human breast cancer patient 1","blood","2","IgG CTC chip"
"24","SRP015945","SRX190426","blood","human breast cancer patient 1","blood","1","EPCAM CTC chip"
"25","SRP015945","SRX190431","blood","human breast cancer patient 1","blood","3","IgG CTC chip"
"26","SRP015945","SRX190438","blood","healthy human donor 2","blood","1","EPCAM CTC chip"
"27","SRP015945","SRX190435","blood","human breast cancer patient 1","blood","5","IgG CTC chip"
"28","SRP015945","SRX190434","blood","human breast cancer patient 1","blood","5","EPCAM CTC chip"
"29","SRP015945","SRX190439","blood","healthy human donor 2","blood","1","IgG CTC chip"
"30","SRP015945","SRX190449","blood","healthy human donor 7","blood","1","IgG CTC chip"
