"","study.accession","experiment.accession","isolate","age","biomaterial_provider","sex","tissue","cell_line","disease","treatment","BioSampleModel"
"1","SRP056665","SRX972027","total RNA","24","NCI","female","Brain","SF268","glioblastoma","siYAP8 rep1","Human"
"2","SRP056665","SRX972006","total RNA","24","NCI","female","Brain","SF268","glioblastoma","siNon2 rep2","Human"
"3","SRP056665","SRX972010","total RNA","24","NCI","female","Brain","SF268","glioblastoma","siQ rep2","Human"
"4","SRP056665","SRX972008","total RNA","24","NCI","female","Brain","SF268","glioblastoma","siNon2 rep3","Human"
"5","SRP056665","SRX972009","total RNA","24","NCI","female","Brain","SF268","glioblastoma","siQ rep1","Human"
"6","SRP056665","SRX972012","total RNA","24","NCI","female","Brain","SF268","glioblastoma","siYAP6 rep1","Human"
"7","SRP056665","SRX972011","total RNA","24","NCI","female","Brain","SF268","glioblastoma","siQ rep3","Human"
"8","SRP056665","SRX972028","total RNA","24","NCI","female","Brain","SF268","glioblastoma","siYAP8 rep2","Human"
"9","SRP056665","SRX972013","total RNA","24","NCI","female","Brain","SF268","glioblastoma","siYAP6 rep2","Human"
"10","SRP056665","SRX972029","total RNA","24","NCI","female","Brain","SF268","glioblastoma","siYAP8 rep3","Human"
"11","SRP056665","SRX971972","total RNA","24","NCI","female","Brain","SF268","glioblastoma","siNon2 rep1","Human"
"12","SRP056665","SRX972026","total RNA","24","NCI","female","Brain","SF268","glioblastoma","siYAP6 rep3","Human"
