"","study.accession","experiment.accession","source_name","breast.cancer.patient","tissue"
"1","SRP014142","SRX157977","Breast","TAX577740","Normal"
"2","SRP014142","SRX157976","Breast","TAX577740","Tumor-adjacent"
"3","SRP014142","SRX157982","Breast","TAX577745","Tumor-adjacent"
"4","SRP014142","SRX157984","Breast","TAX577579","Tumor"
"5","SRP014142","SRX157989","Breast","TAX577580","Normal"
"6","SRP014142","SRX157983","Breast","TAX577745","Normal"
"7","SRP014142","SRX157981","Breast","TAX577745","Tumor"
"8","SRP014142","SRX157987","Breast","TAX577580","Tumor"
"9","SRP014142","SRX157988","Breast","TAX577580","Tumor-adjacent"
"10","SRP014142","SRX157980","Breast","TAX577453","Normal"
"11","SRP014142","SRX157985","Breast","TAX577579","Tumor-adjacent"
"12","SRP014142","SRX157979","Breast","TAX577453","Tumor-adjacent"
"13","SRP014142","SRX157978","Breast","TAX577453","Tumor"
"14","SRP014142","SRX157975","Breast","TAX577740","Tumor"
"15","SRP014142","SRX157986","Breast","TAX577579","Normal"
