"","study.accession","experiment.accession","source_name","genotype","cell.type"
"1","SRP060715","SRX1092545","Purified normal B cells","Normal","Purified normal B cells"
"2","SRP060715","SRX1092556","CLL leukemic cells","IGVH mutated CLL","CLL leukemic cells"
"3","SRP060715","SRX1092557","CLL leukemic cells","IGVH mutated CLL","CLL leukemic cells"
"4","SRP060715","SRX1092554","CLL leukemic cells","IGVH non-mutated CLL","CLL leukemic cells"
"5","SRP060715","SRX1092558","CLL leukemic cells","IGVH mutated CLL","CLL leukemic cells"
"6","SRP060715","SRX1092559","CLL leukemic cells","IGVH mutated CLL","CLL leukemic cells"
"7","SRP060715","SRX1092550","CLL leukemic cells","IGVH non-mutated CLL","CLL leukemic cells"
"8","SRP060715","SRX1092548","Purified normal B cells","Normal","Purified normal B cells"
"9","SRP060715","SRX1092549","Purified normal B cells","Normal","Purified normal B cells"
"10","SRP060715","SRX1092551","CLL leukemic cells","IGVH non-mutated CLL","CLL leukemic cells"
"11","SRP060715","SRX1092546","Purified normal B cells","Normal","Purified normal B cells"
"12","SRP060715","SRX1092555","CLL leukemic cells","IGVH non-mutated CLL","CLL leukemic cells"
"13","SRP060715","SRX1092552","CLL leukemic cells","IGVH non-mutated CLL","CLL leukemic cells"
"14","SRP060715","SRX1092547","Purified normal B cells","Normal","Purified normal B cells"
"15","SRP060715","SRX1092553","CLL leukemic cells","IGVH non-mutated CLL","CLL leukemic cells"
