"","study.accession","experiment.accession","source_name","cell.line","cell.type","treated.with"
"1","SRP041102","SRX515106","CUTLL1-untreated","CUTLL1","human T cell leukemia cells","none (untreated control)"
"2","SRP041102","SRX515096","CUTLL1-GSKJ4_24h","CUTLL1","human T cell leukemia cells","2<U+00B5>M GSKJ4 for 24hr"
"3","SRP041102","SRX515101","CUTLL1-GSKJ4_72h","CUTLL1","human T cell leukemia cells","2<U+00B5>M GSKJ4 for 72hr"
"4","SRP041102","SRX515097","CUTLL1-GSKJ4_24h","CUTLL1","human T cell leukemia cells","2<U+00B5>M GSKJ4 for 24hr"
"5","SRP041102","SRX515095","CUTLL1-GSKJ4_24h","CUTLL1","human T cell leukemia cells","2<U+00B5>M GSKJ4 for 24hr"
"6","SRP041102","SRX515100","CUTLL1-GSKJ4_48h","CUTLL1","human T cell leukemia cells","2<U+00B5>M GSKJ4 for 48hr"
"7","SRP041102","SRX515099","CUTLL1-GSKJ4_48h","CUTLL1","human T cell leukemia cells","2<U+00B5>M GSKJ4 for 48hr"
"8","SRP041102","SRX515104","CUTLL1-untreated","CUTLL1","human T cell leukemia cells","none (untreated control)"
"9","SRP041102","SRX515102","CUTLL1-GSKJ4_72h","CUTLL1","human T cell leukemia cells","2<U+00B5>M GSKJ4 for 72hr"
"10","SRP041102","SRX515105","CUTLL1-untreated","CUTLL1","human T cell leukemia cells","none (untreated control)"
"11","SRP041102","SRX515098","CUTLL1-GSKJ4_48h","CUTLL1","human T cell leukemia cells","2<U+00B5>M GSKJ4 for 48hr"
"12","SRP041102","SRX515103","CUTLL1-GSKJ4_72h","CUTLL1","human T cell leukemia cells","2<U+00B5>M GSKJ4 for 72hr"
