"","study.accession","experiment.accession","gap_accession","gap_parent_phs","submitter.handle","biospecimen.repository","study.name","study.design","biospecimen.repository.sample.id","submitted.sample.id","submitted.subject.id","gap_sample_id","gap_subject_id","sex","study.disease","body.site","histological.type","analyte.type","is.tumor","subject.is.affected","gap_consent_code","gap_consent_short_name"
"1","SRP018841","SRX219044","phs000529","phs000235","CGCI","CGCI","CGCI: HIV+ Tumor Molecular Characterization Project - Diffuse Large B-Cell Lymphoma (HTMCP - DLBCL)","Tumor vs. Matched-Normal","HTMCP-01-02-00017-01A-01R","HTMCP-01-02-00017-01A-01R","HTMCP-01-02-00017","915170","643414","male","Lymphoma, AIDS-Related","lymph node","DLBCL (HIV+)","RNA","Yes","Yes","1","DS-CA-MDS"
"2","SRP018841","SRX186125","phs000529","phs000235","CGCI","CGCI","CGCI: HIV+ Tumor Molecular Characterization Project - Diffuse Large B-Cell Lymphoma (HTMCP - DLBCL)","Tumor vs. Matched-Normal","HTMCP-01-01-00012-01A-01D","HTMCP-01-01-00012-01A-01D","HTMCP-01-01-00012","785053","643412","male","Lymphoma, AIDS-Related","brain","DLBCL (HIV+)","DNA","Yes","Yes","1","DS-CA-MDS"
"3","SRP018841","SRX219045","phs000529","phs000235","CGCI","CGCI","CGCI: HIV+ Tumor Molecular Characterization Project - Diffuse Large B-Cell Lymphoma (HTMCP - DLBCL)","Tumor vs. Matched-Normal","HTMCP-01-02-00013-01A-01R","HTMCP-01-02-00013-01A-01R","HTMCP-01-02-00013","915169","643413","male","Lymphoma, AIDS-Related","blood","DLBCL (HIV+)","RNA","Yes","Yes","1","DS-CA-MDS"
"4","SRP018841","SRX527896","phs000529","phs000235","CGCI","CGCI","CGCI: HIV+ Tumor Molecular Characterization Project - Diffuse Large B-Cell Lymphoma (HTMCP - DLBCL)","Tumor vs. Matched-Normal","HTMCP-01-01-00003-11A-01D","HTMCP-01-01-00003-11A-01D","HTMCP-01-01-00003","968086","736661","male","Lymphoma, AIDS-Related","lung","DLBCL (HIV+)","DNA","No","Yes","1","DS-CA-MDS"
"5","SRP018841","SRX540940","phs000529","phs000235","CGCI","CGCI","CGCI: HIV+ Tumor Molecular Characterization Project - Diffuse Large B-Cell Lymphoma (HTMCP - DLBCL)","Tumor vs. Matched-Normal","HTMCP-01-01-00003-01D-03R","HTMCP-01-01-00003-01D-03R","HTMCP-01-01-00003","968085","736661","male","Lymphoma, AIDS-Related","lymph node","DLBCL (HIV+)","RNA","Yes","Yes","1","DS-CA-MDS"
"6","SRP018841","SRX186124","phs000529","phs000235","CGCI","CGCI","CGCI: HIV+ Tumor Molecular Characterization Project - Diffuse Large B-Cell Lymphoma (HTMCP - DLBCL)","Tumor vs. Matched-Normal","HTMCP-01-02-00017-10A-01D","HTMCP-01-02-00017-10A-01D","HTMCP-01-02-00017","785058","643414","male","Lymphoma, AIDS-Related","blood","DLBCL (HIV+)","DNA","No","Yes","1","DS-CA-MDS"
"7","SRP018841","SRX464162","phs000529","phs000235","CGCI","CGCI","CGCI: HIV+ Tumor Molecular Characterization Project - Diffuse Large B-Cell Lymphoma (HTMCP - DLBCL)","Tumor vs. Matched-Normal","HTMCP-01-02-00017-01A-01R","HTMCP-01-02-00017-01A-01R","HTMCP-01-02-00017","915170","643414","male","Lymphoma, AIDS-Related","lymph node","DLBCL (HIV+)","RNA","Yes","Yes","1","DS-CA-MDS"
"8","SRP018841","SRX186123","phs000529","phs000235","CGCI","CGCI","CGCI: HIV+ Tumor Molecular Characterization Project - Diffuse Large B-Cell Lymphoma (HTMCP - DLBCL)","Tumor vs. Matched-Normal","HTMCP-01-02-00017-01A-01D","HTMCP-01-02-00017-01A-01D","HTMCP-01-02-00017","785057","643414","male","Lymphoma, AIDS-Related","lymph node","DLBCL (HIV+)","DNA","Yes","Yes","1","DS-CA-MDS"
"9","SRP018841","SRX527895","phs000529","phs000235","CGCI","CGCI","CGCI: HIV+ Tumor Molecular Characterization Project - Diffuse Large B-Cell Lymphoma (HTMCP - DLBCL)","Tumor vs. Matched-Normal","HTMCP-01-01-00003-01D-03D","HTMCP-01-01-00003-01D-03D","HTMCP-01-01-00003","968084","736661","male","Lymphoma, AIDS-Related","lymph node","DLBCL (HIV+)","DNA","Yes","Yes","1","DS-CA-MDS"
"10","SRP018841","SRX464161","phs000529","phs000235","CGCI","CGCI","CGCI: HIV+ Tumor Molecular Characterization Project - Diffuse Large B-Cell Lymphoma (HTMCP - DLBCL)","Tumor vs. Matched-Normal","HTMCP-01-02-00013-01A-01R","HTMCP-01-02-00013-01A-01R","HTMCP-01-02-00013","915169","643413","male","Lymphoma, AIDS-Related","blood","DLBCL (HIV+)","RNA","Yes","Yes","1","DS-CA-MDS"
"11","SRP018841","SRX464163","phs000529","phs000235","CGCI","CGCI","CGCI: HIV+ Tumor Molecular Characterization Project - Diffuse Large B-Cell Lymphoma (HTMCP - DLBCL)","Tumor vs. Matched-Normal","HTMCP-01-01-00003-01D-03R","HTMCP-01-01-00003-01D-03R","HTMCP-01-01-00003","968085","736661","male","Lymphoma, AIDS-Related","lymph node","DLBCL (HIV+)","RNA","Yes","Yes","1","DS-CA-MDS"
"12","SRP018841","SRX186126","phs000529","phs000235","CGCI","CGCI","CGCI: HIV+ Tumor Molecular Characterization Project - Diffuse Large B-Cell Lymphoma (HTMCP - DLBCL)","Tumor vs. Matched-Normal","HTMCP-01-02-00013-01A-01D","HTMCP-01-02-00013-01A-01D","HTMCP-01-02-00013","785055","643413","male","Lymphoma, AIDS-Related","mediastinal core biopsy","DLBCL (HIV+)","DNA","Yes","Yes","1","DS-CA-MDS"
"13","SRP018841","SRX186127","phs000529","phs000235","CGCI","CGCI","CGCI: HIV+ Tumor Molecular Characterization Project - Diffuse Large B-Cell Lymphoma (HTMCP - DLBCL)","Tumor vs. Matched-Normal","HTMCP-01-01-00012-11A-01D","HTMCP-01-01-00012-11A-01D","HTMCP-01-01-00012","785054","643412","male","Lymphoma, AIDS-Related","brain","DLBCL (HIV+)","DNA","No","Yes","1","DS-CA-MDS"
"14","SRP018841","SRX186128","phs000529","phs000235","CGCI","CGCI","CGCI: HIV+ Tumor Molecular Characterization Project - Diffuse Large B-Cell Lymphoma (HTMCP - DLBCL)","Tumor vs. Matched-Normal","HTMCP-01-02-00013-10A-01D","HTMCP-01-02-00013-10A-01D","HTMCP-01-02-00013","785056","643413","male","Lymphoma, AIDS-Related","blood","DLBCL (HIV+)","DNA","No","Yes","1","DS-CA-MDS"
