"","study.accession","experiment.accession","source_name","tissue","sample.type"
"1","SRP062170","SRX1136668","bone marrow","bone marrow","CD34 MLL-AF9 were injected into multiple NGS immunodeficient mice"
"2","SRP062170","SRX1136670","bone marrow","bone marrow","CD34 MLL-AF9 were injected into multiple NGS immunodeficient mice"
"3","SRP062170","SRX1136670","bone marrow","bone marrow","CD34 MLL-AF9 were injected into multiple NGS immunodeficient mice"
"4","SRP062170","SRX1136665","bone marrow","bone marrow","CD34 MLL-AF9 were injected into multiple NGS immunodeficient mice"
"5","SRP062170","SRX1136672","bone marrow","bone marrow","CD34 MLL-AF9 were injected into multiple NGS immunodeficient mice"
"6","SRP062170","SRX1136672","bone marrow","bone marrow","CD34 MLL-AF9 were injected into multiple NGS immunodeficient mice"
"7","SRP062170","SRX1136670","bone marrow","bone marrow","CD34 MLL-AF9 were injected into multiple NGS immunodeficient mice"
"8","SRP062170","SRX1136669","bone marrow","bone marrow","CD34 MLL-AF9 were injected into multiple NGS immunodeficient mice"
"9","SRP062170","SRX1136672","bone marrow","bone marrow","CD34 MLL-AF9 were injected into multiple NGS immunodeficient mice"
"10","SRP062170","SRX1136668","bone marrow","bone marrow","CD34 MLL-AF9 were injected into multiple NGS immunodeficient mice"
"11","SRP062170","SRX1136668","bone marrow","bone marrow","CD34 MLL-AF9 were injected into multiple NGS immunodeficient mice"
"12","SRP062170","SRX1136666","bone marrow","bone marrow","CD34 MLL-AF9 were injected into multiple NGS immunodeficient mice"
"13","SRP062170","SRX1136669","bone marrow","bone marrow","CD34 MLL-AF9 were injected into multiple NGS immunodeficient mice"
"14","SRP062170","SRX1136669","bone marrow","bone marrow","CD34 MLL-AF9 were injected into multiple NGS immunodeficient mice"
"15","SRP062170","SRX1136672","bone marrow","bone marrow","CD34 MLL-AF9 were injected into multiple NGS immunodeficient mice"
"16","SRP062170","SRX1136670","bone marrow","bone marrow","CD34 MLL-AF9 were injected into multiple NGS immunodeficient mice"
"17","SRP062170","SRX1136668","bone marrow","bone marrow","CD34 MLL-AF9 were injected into multiple NGS immunodeficient mice"
"18","SRP062170","SRX1136664","bone marrow","bone marrow","CD34 MLL-AF9 were injected into multiple NGS immunodeficient mice"
"19","SRP062170","SRX1136672","bone marrow","bone marrow","CD34 MLL-AF9 were injected into multiple NGS immunodeficient mice"
"20","SRP062170","SRX1136672","bone marrow","bone marrow","CD34 MLL-AF9 were injected into multiple NGS immunodeficient mice"
"21","SRP062170","SRX1136667","bone marrow","bone marrow","CD34 MLL-AF9 were injected into multiple NGS immunodeficient mice"
"22","SRP062170","SRX1136667","bone marrow","bone marrow","CD34 MLL-AF9 were injected into multiple NGS immunodeficient mice"
"23","SRP062170","SRX1136669","bone marrow","bone marrow","CD34 MLL-AF9 were injected into multiple NGS immunodeficient mice"
"24","SRP062170","SRX1136672","bone marrow","bone marrow","CD34 MLL-AF9 were injected into multiple NGS immunodeficient mice"
"25","SRP062170","SRX1136667","bone marrow","bone marrow","CD34 MLL-AF9 were injected into multiple NGS immunodeficient mice"
"26","SRP062170","SRX1136667","bone marrow","bone marrow","CD34 MLL-AF9 were injected into multiple NGS immunodeficient mice"
"27","SRP062170","SRX1136666","bone marrow","bone marrow","CD34 MLL-AF9 were injected into multiple NGS immunodeficient mice"
"28","SRP062170","SRX1136665","bone marrow","bone marrow","CD34 MLL-AF9 were injected into multiple NGS immunodeficient mice"
"29","SRP062170","SRX1136667","bone marrow","bone marrow","CD34 MLL-AF9 were injected into multiple NGS immunodeficient mice"
"30","SRP062170","SRX1136670","bone marrow","bone marrow","CD34 MLL-AF9 were injected into multiple NGS immunodeficient mice"
"31","SRP062170","SRX1136664","bone marrow","bone marrow","CD34 MLL-AF9 were injected into multiple NGS immunodeficient mice"
"32","SRP062170","SRX1136665","bone marrow","bone marrow","CD34 MLL-AF9 were injected into multiple NGS immunodeficient mice"
"33","SRP062170","SRX1136666","bone marrow","bone marrow","CD34 MLL-AF9 were injected into multiple NGS immunodeficient mice"
"34","SRP062170","SRX1136668","bone marrow","bone marrow","CD34 MLL-AF9 were injected into multiple NGS immunodeficient mice"
"35","SRP062170","SRX1136672","bone marrow","bone marrow","CD34 MLL-AF9 were injected into multiple NGS immunodeficient mice"
"36","SRP062170","SRX1136672","bone marrow","bone marrow","CD34 MLL-AF9 were injected into multiple NGS immunodeficient mice"
"37","SRP062170","SRX1136672","bone marrow","bone marrow","CD34 MLL-AF9 were injected into multiple NGS immunodeficient mice"
"38","SRP062170","SRX1136667","bone marrow","bone marrow","CD34 MLL-AF9 were injected into multiple NGS immunodeficient mice"
"39","SRP062170","SRX1136667","bone marrow","bone marrow","CD34 MLL-AF9 were injected into multiple NGS immunodeficient mice"
"40","SRP062170","SRX1136664","bone marrow","bone marrow","CD34 MLL-AF9 were injected into multiple NGS immunodeficient mice"
"41","SRP062170","SRX1136664","bone marrow","bone marrow","CD34 MLL-AF9 were injected into multiple NGS immunodeficient mice"
"42","SRP062170","SRX1136672","bone marrow","bone marrow","CD34 MLL-AF9 were injected into multiple NGS immunodeficient mice"
"43","SRP062170","SRX1136672","bone marrow","bone marrow","CD34 MLL-AF9 were injected into multiple NGS immunodeficient mice"
"44","SRP062170","SRX1136665","bone marrow","bone marrow","CD34 MLL-AF9 were injected into multiple NGS immunodeficient mice"
"45","SRP062170","SRX1136665","bone marrow","bone marrow","CD34 MLL-AF9 were injected into multiple NGS immunodeficient mice"
"46","SRP062170","SRX1136666","bone marrow","bone marrow","CD34 MLL-AF9 were injected into multiple NGS immunodeficient mice"
"47","SRP062170","SRX1136671","bone marrow","bone marrow","CD34 MLL-AF9 were injected into multiple NGS immunodeficient mice"
"48","SRP062170","SRX1136668","bone marrow","bone marrow","CD34 MLL-AF9 were injected into multiple NGS immunodeficient mice"
"49","SRP062170","SRX1136672","bone marrow","bone marrow","CD34 MLL-AF9 were injected into multiple NGS immunodeficient mice"
"50","SRP062170","SRX1136672","bone marrow","bone marrow","CD34 MLL-AF9 were injected into multiple NGS immunodeficient mice"
"51","SRP062170","SRX1136671","bone marrow","bone marrow","CD34 MLL-AF9 were injected into multiple NGS immunodeficient mice"
"52","SRP062170","SRX1136664","bone marrow","bone marrow","CD34 MLL-AF9 were injected into multiple NGS immunodeficient mice"
"53","SRP062170","SRX1136672","bone marrow","bone marrow","CD34 MLL-AF9 were injected into multiple NGS immunodeficient mice"
"54","SRP062170","SRX1136665","bone marrow","bone marrow","CD34 MLL-AF9 were injected into multiple NGS immunodeficient mice"
"55","SRP062170","SRX1136666","bone marrow","bone marrow","CD34 MLL-AF9 were injected into multiple NGS immunodeficient mice"
"56","SRP062170","SRX1136665","bone marrow","bone marrow","CD34 MLL-AF9 were injected into multiple NGS immunodeficient mice"
"57","SRP062170","SRX1136664","bone marrow","bone marrow","CD34 MLL-AF9 were injected into multiple NGS immunodeficient mice"
"58","SRP062170","SRX1136671","bone marrow","bone marrow","CD34 MLL-AF9 were injected into multiple NGS immunodeficient mice"
"59","SRP062170","SRX1136664","bone marrow","bone marrow","CD34 MLL-AF9 were injected into multiple NGS immunodeficient mice"
"60","SRP062170","SRX1136671","bone marrow","bone marrow","CD34 MLL-AF9 were injected into multiple NGS immunodeficient mice"
"61","SRP062170","SRX1136670","bone marrow","bone marrow","CD34 MLL-AF9 were injected into multiple NGS immunodeficient mice"
"62","SRP062170","SRX1136667","bone marrow","bone marrow","CD34 MLL-AF9 were injected into multiple NGS immunodeficient mice"
"63","SRP062170","SRX1136672","bone marrow","bone marrow","CD34 MLL-AF9 were injected into multiple NGS immunodeficient mice"
"64","SRP062170","SRX1136672","bone marrow","bone marrow","CD34 MLL-AF9 were injected into multiple NGS immunodeficient mice"
"65","SRP062170","SRX1136669","bone marrow","bone marrow","CD34 MLL-AF9 were injected into multiple NGS immunodeficient mice"
"66","SRP062170","SRX1136664","bone marrow","bone marrow","CD34 MLL-AF9 were injected into multiple NGS immunodeficient mice"
"67","SRP062170","SRX1136671","bone marrow","bone marrow","CD34 MLL-AF9 were injected into multiple NGS immunodeficient mice"
"68","SRP062170","SRX1136669","bone marrow","bone marrow","CD34 MLL-AF9 were injected into multiple NGS immunodeficient mice"
"69","SRP062170","SRX1136671","bone marrow","bone marrow","CD34 MLL-AF9 were injected into multiple NGS immunodeficient mice"
"70","SRP062170","SRX1136672","bone marrow","bone marrow","CD34 MLL-AF9 were injected into multiple NGS immunodeficient mice"
"71","SRP062170","SRX1136672","bone marrow","bone marrow","CD34 MLL-AF9 were injected into multiple NGS immunodeficient mice"
"72","SRP062170","SRX1136672","bone marrow","bone marrow","CD34 MLL-AF9 were injected into multiple NGS immunodeficient mice"
"73","SRP062170","SRX1136666","bone marrow","bone marrow","CD34 MLL-AF9 were injected into multiple NGS immunodeficient mice"
"74","SRP062170","SRX1136672","bone marrow","bone marrow","CD34 MLL-AF9 were injected into multiple NGS immunodeficient mice"
"75","SRP062170","SRX1136665","bone marrow","bone marrow","CD34 MLL-AF9 were injected into multiple NGS immunodeficient mice"
"76","SRP062170","SRX1136666","bone marrow","bone marrow","CD34 MLL-AF9 were injected into multiple NGS immunodeficient mice"
"77","SRP062170","SRX1136666","bone marrow","bone marrow","CD34 MLL-AF9 were injected into multiple NGS immunodeficient mice"
