"","study.accession","experiment.accession","source_name","tissue","cell.type","tumor.stage"
"1","SRP058626","SRX1036658","Hepatocellular Carcinoma","Portal vein tumor thrombus","HCC","III"
"2","SRP058626","SRX1036673","Hepatocellular Carcinoma","Portal vein tumor thrombus","HCC","III"
"3","SRP058626","SRX1036664","Hepatocellular Carcinoma","Portal vein tumor thrombus","HCC","III"
"4","SRP058626","SRX1036679","Hepatocellular Carcinoma","Portal vein tumor thrombus","HCC","III"
"5","SRP058626","SRX1036652","Hepatocellular Carcinoma","Portal vein tumor thrombus","HCC","III"
"6","SRP058626","SRX1036661","Hepatocellular Carcinoma","Portal vein tumor thrombus","HCC","III"
"7","SRP058626","SRX1036655","Hepatocellular Carcinoma","Portal vein tumor thrombus","HCC","III"
"8","SRP058626","SRX1036682","Hepatocellular Carcinoma","Portal vein tumor thrombus","HCC","III"
"9","SRP058626","SRX1036676","Hepatocellular Carcinoma","Portal vein tumor thrombus","HCC","III"
"10","SRP058626","SRX1036670","Hepatocellular Carcinoma","Portal vein tumor thrombus","HCC","III"
"11","SRP058626","SRX1036667","Hepatocellular Carcinoma","Portal vein tumor thrombus","HCC","III"
