"","study.accession","experiment.accession","source_name","cell.line","cell.type","passage","treatment"
"1","SRP062941","SRX1167130","CUTLL R1984A","CUTLL1","T-ALL cell line containing a t(7;9) rearrangement and aberrant NOTCH1 activation","<20","highDBZ_R1984A"
"2","SRP062941","SRX1167284","CUTLL ICN1","CUTLL1","T-ALL cell line containing a t(7;9) rearrangement and aberrant NOTCH1 activation","<20","highDBZ_ICN"
"3","SRP062941","SRX1167133","CUTLL ICN1","CUTLL1","T-ALL cell line containing a t(7;9) rearrangement and aberrant NOTCH1 activation","<20","highDBZ_ICN"
"4","SRP062941","SRX1167289","CUTLL R1984A","CUTLL1","T-ALL cell line containing a t(7;9) rearrangement and aberrant NOTCH1 activation","<20","highDBZ_R1984A"
"5","SRP062941","SRX1167285","CUTLL R1984A","CUTLL1","T-ALL cell line containing a t(7;9) rearrangement and aberrant NOTCH1 activation","<20","highDBZ_R1984A"
"6","SRP062941","SRX1167127","CUTLL DMSO","CUTLL1","T-ALL cell line containing a t(7;9) rearrangement and aberrant NOTCH1 activation","<20","mig"
"7","SRP062941","SRX1167128","CUTLL GSI","CUTLL1","T-ALL cell line containing a t(7;9) rearrangement and aberrant NOTCH1 activation","<20","mig_highDBZ"
"8","SRP062941","SRX1167286","CUTLL DMSO","CUTLL1","T-ALL cell line containing a t(7;9) rearrangement and aberrant NOTCH1 activation","<20","mig"
"9","SRP062941","SRX1167129","CUTLL ICN1","CUTLL1","T-ALL cell line containing a t(7;9) rearrangement and aberrant NOTCH1 activation","<20","highDBZ_ICN"
"10","SRP062941","SRX1167287","CUTLL GSI","CUTLL1","T-ALL cell line containing a t(7;9) rearrangement and aberrant NOTCH1 activation","<20","mig_highDBZ"
"11","SRP062941","SRX1167282","CUTLL DMSO","CUTLL1","T-ALL cell line containing a t(7;9) rearrangement and aberrant NOTCH1 activation","<20","mig"
"12","SRP062941","SRX1167131","CUTLL DMSO","CUTLL1","T-ALL cell line containing a t(7;9) rearrangement and aberrant NOTCH1 activation","<20","mig"
"13","SRP062941","SRX1167283","CUTLL GSI","CUTLL1","T-ALL cell line containing a t(7;9) rearrangement and aberrant NOTCH1 activation","<20","mig_highDBZ"
"14","SRP062941","SRX1167288","CUTLL ICN1","CUTLL1","T-ALL cell line containing a t(7;9) rearrangement and aberrant NOTCH1 activation","<20","highDBZ_ICN"
"15","SRP062941","SRX1167132","CUTLL GSI","CUTLL1","T-ALL cell line containing a t(7;9) rearrangement and aberrant NOTCH1 activation","<20","mig_highDBZ"
"16","SRP062941","SRX1167134","CUTLL R1984A","CUTLL1","T-ALL cell line containing a t(7;9) rearrangement and aberrant NOTCH1 activation","<20","highDBZ_R1984A"
