"","study.accession","experiment.accession","source_name","cell.line","cell.type","cell.state"
"1","SRP062230","SRX1140587","HCT116 colon carcinoma cells, Akti-1/2 treated","HCT116","colon carcinoma","AKT1 Low"
"2","SRP062230","SRX1140588","HCT116 colon carcinoma cells, DMSO treated","HCT116","colon carcinoma","AKT1 WT"
"3","SRP062230","SRX1140584","MCF7 breast adenocarcinoma cells, DMSO treated","MCF7","breast adenocarcinoma","AKT1 WT"
"4","SRP062230","SRX1140586","HCT116 colon carcinoma cells, Akti-1/2 treated","HCT116","colon carcinoma","AKT1 Low"
"5","SRP062230","SRX1140582","MCF7 breast adenocarcinoma cells, Akti-1/2 treated","MCF7","breast adenocarcinoma","AKT1 Low"
"6","SRP062230","SRX1140585","MCF7 breast adenocarcinoma cells, DMSO treated","MCF7","breast adenocarcinoma","AKT1 WT"
"7","SRP062230","SRX1140589","HCT116 colon carcinoma cells, DMSO treated","HCT116","colon carcinoma","AKT1 WT"
"8","SRP062230","SRX1140583","MCF7 breast adenocarcinoma cells, Akti-1/2 treated","MCF7","breast adenocarcinoma","AKT1 Low"
