"","study.accession","experiment.accession","source_name","cell.line","induction"
"1","SRP043960","SRX643085","22Rv1-DR","Ch-CRPC","shGATA2a"
"2","SRP043960","SRX643076","DU145-DR","Ch-CRPC","shGATA2a"
"3","SRP043960","SRX643084","22Rv1-DR","Ch-CRPC","shRNA control"
"4","SRP043960","SRX643093","ARCaPM-DR","Ch-CRPC","shRNA control"
"5","SRP043960","SRX643087","ARCaPM-DR","Ch-CRPC","shRNA control"
"6","SRP043960","SRX643095","ARCaPM-DR","Ch-CRPC","shGATA2b"
"7","SRP043960","SRX643088","ARCaPM-DR","Ch-CRPC","shGATA2a"
"8","SRP043960","SRX643072","DU145-DR","Ch-CRPC","shRNA control"
"9","SRP043960","SRX643090","ARCaPM-DR","Ch-CRPC","shRNA control"
"10","SRP043960","SRX643089","ARCaPM-DR","Ch-CRPC","shGATA2b"
"11","SRP043960","SRX643077","DU145-DR","Ch-CRPC","shGATA2b"
"12","SRP043960","SRX643070","DU145-DR","Ch-CRPC","shGATA2a"
"13","SRP043960","SRX643080","22Rv1-DR","Ch-CRPC","shGATA2b"
"14","SRP043960","SRX643086","22Rv1-DR","Ch-CRPC","shGATA2b"
"15","SRP043960","SRX643073","DU145-DR","Ch-CRPC","shGATA2a"
"16","SRP043960","SRX643082","22Rv1-DR","Ch-CRPC","shGATA2a"
"17","SRP043960","SRX643069","DU145-DR","Ch-CRPC","shRNA control"
"18","SRP043960","SRX643092","ARCaPM-DR","Ch-CRPC","shGATA2b"
"19","SRP043960","SRX643078","22Rv1-DR","Ch-CRPC","shRNA control"
"20","SRP043960","SRX643091","ARCaPM-DR","Ch-CRPC","shGATA2a"
"21","SRP043960","SRX643074","DU145-DR","Ch-CRPC","shGATA2b"
"22","SRP043960","SRX643083","22Rv1-DR","Ch-CRPC","shGATA2b"
"23","SRP043960","SRX643094","ARCaPM-DR","Ch-CRPC","shGATA2a"
"24","SRP043960","SRX643079","22Rv1-DR","Ch-CRPC","shGATA2a"
"25","SRP043960","SRX643081","22Rv1-DR","Ch-CRPC","shRNA control"
"26","SRP043960","SRX643075","DU145-DR","Ch-CRPC","shRNA control"
"27","SRP043960","SRX643071","DU145-DR","Ch-CRPC","shGATA2b"
