"","study.accession","experiment.accession","source_name","culture.condition","knock.down","type.of.cd24","cell.line"
"1","SRP048536","SRX717833","breast cancer cell line, MCF7","monolayer (m) cultured cell","wild type (WT)","CD24+","MCF7"
"2","SRP048536","SRX717835","breast cancer cell line, MCF7","sphere (s) forming cell","wild type (WT)","CD24+","MCF7"
"3","SRP048536","SRX717834","breast cancer cell line, MCF7","monolayer (m) cultured cell","hCD24 knock down (KD)","CD24-","MCF7"
"4","SRP048536","SRX717836","breast cancer cell line, MCF7","sphere (s) forming cell","hCD24 knock down (KD)","CD24-","MCF7"
