"","study.accession","experiment.accession","source_name","cell.line","genotype"
"1","SRP062212","SRX1140417","Human pancreatic ductal adenocarcinoma cell line (DSMZ ACC 162)","8988T","KRAS G12V/G12V;TP53 R282W/-"
"2","SRP062212","SRX1140416","Murine pancreatic ductal adenocarcinoma-derived cell line","A13","Kras -/-;Trp53 -/-"
"3","SRP062212","SRX1140420","Human pancreatic ductal adenocarcinoma cell line (DSMZ ACC 162)","8988T","KRAS G12V/G12V;TP53 R282W/-"
"4","SRP062212","SRX1140415","Murine pancreatic ductal adenocarcinoma-derived cell line","A13","Kras -/-;Trp53 -/-"
"5","SRP062212","SRX1140414","Murine pancreatic ductal adenocarcinoma-derived cell line","A13","Kras G12D/G12D;Trp53 -/-"
"6","SRP062212","SRX1140413","Murine pancreatic ductal adenocarcinoma-derived cell line","A13","Kras G12D/G12D;Trp53 -/-"
"7","SRP062212","SRX1140419","Human pancreatic ductal adenocarcinoma cell line (DSMZ ACC 162)","8988T","KRAS G12V/G12V;TP53 R282W/-"
"8","SRP062212","SRX1140422","Human pancreatic ductal adenocarcinoma cell line (DSMZ ACC 162)","8988T","KRAS -/-;TP53 R282W/-"
"9","SRP062212","SRX1140418","Human pancreatic ductal adenocarcinoma cell line (DSMZ ACC 162)","8988T","KRAS G12V/G12V;TP53 R282W/-"
"10","SRP062212","SRX1140423","Human pancreatic ductal adenocarcinoma cell line (DSMZ ACC 162)","8988T","KRAS -/-;TP53 R282W/-"
"11","SRP062212","SRX1140421","Human pancreatic ductal adenocarcinoma cell line (DSMZ ACC 162)","8988T","KRAS -/-;TP53 R282W/-"
