"","study.accession","experiment.accession","source_name","cell.line","shRNA","rip","tgf.beta.treatment","histology"
"1","SRP048532","SRX717654","A549","A549","RBM47","no","yes","lung adenocarcinoma"
"2","SRP048532","SRX717657","A549","A549","none","anti-RBM47 (Sigma-Aldrich, HPA006347), lot no not available","no","lung adenocarcinoma"
"3","SRP048532","SRX717659","A549","A549","none","rabbit IgG, (provided by RIP kit)","no","lung adenocarcinoma"
"4","SRP048532","SRX717652","A549","A549","Negative control","no","no","lung adenocarcinoma"
"5","SRP048532","SRX717653","A549","A549","Negative control","no","no","lung adenocarcinoma"
"6","SRP048532","SRX717655","A549","A549","RBM47","no","yes","lung adenocarcinoma"
"7","SRP048532","SRX717658","A549","A549","none","anti-RBM47 (Sigma-Aldrich, HPA006347), lot no not available","no","lung adenocarcinoma"
"8","SRP048532","SRX717656","A549","A549","none","anti-snRNP70 (provided by RIP-kit)","no","lung adenocarcinoma"
