"","study.accession","experiment.accession","source_name","thyroid.tissue.type","place.of.origin"
"1","SRP014020","SRX345051","follicular thyroid carcinoma cells","follicular thyroid carcinoma","Germany"
"2","SRP014020","SRX345043","follicular thyroid adenoma cells","follicular thyroid adenoma","Poland"
"3","SRP014020","SRX345055","follicular thyroid carcinoma cells","follicular thyroid carcinoma","Germany"
"4","SRP014020","SRX345050","follicular thyroid carcinoma cells","follicular thyroid carcinoma","Germany"
"5","SRP014020","SRX345040","follicular thyroid adenoma cells","follicular thyroid adenoma","Poland"
"6","SRP014020","SRX345049","follicular thyroid adenoma cells","follicular thyroid adenoma","Germany"
"7","SRP014020","SRX345056","follicular thyroid carcinoma cells","follicular thyroid carcinoma","Germany"
"8","SRP014020","SRX345041","follicular thyroid adenoma cells","follicular thyroid adenoma","Poland"
"9","SRP014020","SRX345046","follicular thyroid adenoma cells","follicular thyroid adenoma","Poland"
"10","SRP014020","SRX345058","follicular thyroid carcinoma cells","follicular thyroid carcinoma","Germany"
"11","SRP014020","SRX345052","follicular thyroid carcinoma cells","follicular thyroid carcinoma","Poland"
"12","SRP014020","SRX345059","follicular thyroid carcinoma cells","follicular thyroid carcinoma","Germany"
"13","SRP014020","SRX345053","follicular thyroid carcinoma cells","follicular thyroid carcinoma","Poland"
"14","SRP014020","SRX345057","follicular thyroid carcinoma cells","follicular thyroid carcinoma","Germany"
"15","SRP014020","SRX345047","follicular thyroid adenoma cells","follicular thyroid adenoma","Poland"
"16","SRP014020","SRX345042","follicular thyroid adenoma cells","follicular thyroid adenoma","Poland"
"17","SRP014020","SRX345044","follicular thyroid adenoma cells","follicular thyroid adenoma","Poland"
"18","SRP014020","SRX345054","follicular thyroid carcinoma cells","follicular thyroid carcinoma","Germany"
"19","SRP014020","SRX345048","follicular thyroid adenoma cells","follicular thyroid adenoma","Poland"
"20","SRP014020","SRX345045","follicular thyroid adenoma cells","follicular thyroid adenoma","Poland"
