"","study.accession","experiment.accession","source_name","cell.line","treatment","time"
"1","SRP026342","SRX315253","Liver cell line SK-HEP-1, Antrodia cinnamomea treated, 2 hours","SK-HEP-1","Antrodia cinnamomea","2 hours"
"2","SRP026342","SRX315258","Liver cell line BNL CL.2, Antrodia cinnamomea treated, 4 hours","BNL CL.2","Antrodia cinnamomea","4 hours"
"3","SRP026342","SRX315247","Liver cell line SK-HEP-1, control, 2 hours","SK-HEP-1","DMSO control","2 hours"
"4","SRP026342","SRX315243","Liver cell line SK-HEP-1, control, 2 hours","SK-HEP-1","DMSO control","2 hours"
"5","SRP026342","SRX315255","Liver cell line BNL CL.2, control, 2 hours","BNL CL.2","DMSO control","2 hours"
"6","SRP026342","SRX315257","Liver cell line BNL CL.2, Antrodia cinnamomea treated, 2 hours","BNL CL.2","Antrodia cinnamomea","2 hours"
"7","SRP026342","SRX315252","Liver cell line SK-HEP-1, control, 4 hours","SK-HEP-1","DMSO control","4 hours"
"8","SRP026342","SRX315248","Liver cell line SK-HEP-1, control, 4 hours","SK-HEP-1","DMSO control","4 hours"
"9","SRP026342","SRX315246","Liver cell line SK-HEP-1, Antrodia cinnamomea treated, 4 hours","SK-HEP-1","Antrodia cinnamomea","4 hours"
"10","SRP026342","SRX315244","Liver cell line SK-HEP-1, control, 4 hours","SK-HEP-1","DMSO control","4 hours"
"11","SRP026342","SRX315249","Liver cell line SK-HEP-1, Antrodia cinnamomea treated, 2 hours","SK-HEP-1","Antrodia cinnamomea","2 hours"
"12","SRP026342","SRX315250","Liver cell line SK-HEP-1, Antrodia cinnamomea treated, 4 hours","SK-HEP-1","Antrodia cinnamomea","4 hours"
"13","SRP026342","SRX315254","Liver cell line SK-HEP-1, Antrodia cinnamomea treated, 4 hours","SK-HEP-1","Antrodia cinnamomea","4 hours"
"14","SRP026342","SRX315245","Liver cell line SK-HEP-1, Antrodia cinnamomea treated, 2 hours","SK-HEP-1","Antrodia cinnamomea","2 hours"
"15","SRP026342","SRX315251","Liver cell line SK-HEP-1, control, 2 hours","SK-HEP-1","DMSO control","2 hours"
"16","SRP026342","SRX315256","Liver cell line BNL CL.2, control, 4 hours","BNL CL.2","DMSO control","4 hours"
