"","study.accession","experiment.accession","source_name","cell.line","tissue","vector"
"1","SRP043090","SRX588486","MDA231-BrM2a","MDA-MB-231 derivative","breast cancer cell line","pRetroX-Tight-Pur Flag WT RBM47"
"2","SRP043090","SRX588481","MDA231-BrM2a","MDA-MB-231 derivative","breast cancer cell line","pRetroX-Tight-Pur"
"3","SRP043090","SRX588483","MDA231-BrM2a","MDA-MB-231 derivative","breast cancer cell line","pRetroX-Tight-Pur"
"4","SRP043090","SRX588485","MDA231-BrM2a","MDA-MB-231 derivative","breast cancer cell line","pRetroX-Tight-Pur Flag WT RBM47"
"5","SRP043090","SRX588482","MDA231-BrM2a","MDA-MB-231 derivative","breast cancer cell line","pRetroX-Tight-Pur"
"6","SRP043090","SRX588484","MDA231-BrM2a","MDA-MB-231 derivative","breast cancer cell line","pRetroX-Tight-Pur Flag WT RBM47"
