"","study.accession","experiment.accession","source_name","tissue","tissue.archive.method","stromal.signature","prognosis"
"1","SRP017575","SRX210673","PF","Soft Tissue","FFPE","PF signature","UNCLEAR"
"2","SRP017575","SRX210674","PF","Soft Tissue","FFPE","PF signature","UNCLEAR"
"3","SRP017575","SRX210676","PF","Soft Tissue","FFPE","PF signature","UNCLEAR"
"4","SRP017575","SRX210671","PF","Soft Tissue","FFPE","PF signature","UNCLEAR"
"5","SRP017575","SRX210689","NF","Soft Tissue","FFPE","NF signature","UNCLEAR"
"6","SRP017575","SRX210656","FC","Soft Tissue","FFPE","FC signature","UNCLEAR"
"7","SRP017575","SRX210668","IF","Soft Tissue","FFPE","IF signature","UNCLEAR"
"8","SRP017575","SRX210657","FC","Soft Tissue","FFPE","FC signature","UNCLEAR"
"9","SRP017575","SRX210683","FOTS","Soft Tissue","FFPE","FOTS signature","BAD"
"10","SRP017575","SRX210646","DTF","Soft Tissue","FFPE","DTF(3SEQ) signature","UNCLEAR"
"11","SRP017575","SRX210653","DFSP","Soft Tissue","FFPE","DFSP signature","UNCLEAR"
"12","SRP017575","SRX210658","FC","Soft Tissue","FFPE","FC signature","UNCLEAR"
"13","SRP017575","SRX210651","SFT","Soft Tissue","FFPE","SFT signature","UNCLEAR"
"14","SRP017575","SRX210663","EF","Soft Tissue","FFPE","EF signature","GOOD"
"15","SRP017575","SRX210647","SFT","Soft Tissue","FFPE","SFT signature","UNCLEAR"
"16","SRP017575","SRX210649","SFT","Soft Tissue","FFPE","SFT signature","UNCLEAR"
"17","SRP017575","SRX210687","NF","Soft Tissue","FFPE","NF signature","UNCLEAR"
"18","SRP017575","SRX210662","EF","Soft Tissue","FFPE","EF signature","GOOD"
"19","SRP017575","SRX210682","NPAF","Soft Tissue","FFPE","NPAF signature","UNCLEAR"
"20","SRP017575","SRX210666","IF","Soft Tissue","FFPE","IF signature","UNCLEAR"
"21","SRP017575","SRX210642","DTF","Soft Tissue","FFPE","DTF(3SEQ) signature","UNCLEAR"
"22","SRP017575","SRX210661","FC","Soft Tissue","FFPE","FC signature","UNCLEAR"
"23","SRP017575","SRX210655","DFSP","Soft Tissue","FFPE","DFSP signature","UNCLEAR"
"24","SRP017575","SRX210669","PF","Soft Tissue","FFPE","PF signature","UNCLEAR"
"25","SRP017575","SRX210650","SFT","Soft Tissue","FFPE","SFT signature","UNCLEAR"
"26","SRP017575","SRX210685","FOTS","Soft Tissue","FFPE","FOTS signature","BAD"
"27","SRP017575","SRX210648","SFT","Soft Tissue","FFPE","SFT signature","UNCLEAR"
"28","SRP017575","SRX210645","DTF","Soft Tissue","FFPE","DTF(3SEQ) signature","UNCLEAR"
"29","SRP017575","SRX210686","FOTS","Soft Tissue","FFPE","FOTS signature","BAD"
"30","SRP017575","SRX210675","PF","Soft Tissue","FFPE","PF signature","UNCLEAR"
"31","SRP017575","SRX210679","NPAF","Soft Tissue","FFPE","NPAF signature","UNCLEAR"
"32","SRP017575","SRX210644","DTF","Soft Tissue","FFPE","DTF(3SEQ) signature","UNCLEAR"
"33","SRP017575","SRX210654","DFSP","Soft Tissue","FFPE","DFSP signature","UNCLEAR"
"34","SRP017575","SRX210667","IF","Soft Tissue","FFPE","IF signature","UNCLEAR"
"35","SRP017575","SRX210677","NPAF","Soft Tissue","FFPE","NPAF signature","UNCLEAR"
"36","SRP017575","SRX210680","NPAF","Soft Tissue","FFPE","NPAF signature","UNCLEAR"
"37","SRP017575","SRX210664","EF","Soft Tissue","FFPE","EF signature","GOOD"
"38","SRP017575","SRX210688","NF","Soft Tissue","FFPE","NF signature","UNCLEAR"
"39","SRP017575","SRX210665","EF","Soft Tissue","FFPE","EF signature","GOOD"
"40","SRP017575","SRX210691","NF","Soft Tissue","FFPE","NF signature","UNCLEAR"
"41","SRP017575","SRX210670","PF","Soft Tissue","FFPE","PF signature","UNCLEAR"
"42","SRP017575","SRX210660","FC","Soft Tissue","FFPE","FC signature","UNCLEAR"
"43","SRP017575","SRX210690","NF","Soft Tissue","FFPE","NF signature","UNCLEAR"
"44","SRP017575","SRX210681","NPAF","Soft Tissue","FFPE","NPAF signature","UNCLEAR"
"45","SRP017575","SRX210678","NPAF","Soft Tissue","FFPE","NPAF signature","UNCLEAR"
"46","SRP017575","SRX210684","FOTS","Soft Tissue","FFPE","FOTS signature","BAD"
"47","SRP017575","SRX210659","FC","Soft Tissue","FFPE","FC signature","UNCLEAR"
"48","SRP017575","SRX210652","DFSP","Soft Tissue","FFPE","DFSP signature","UNCLEAR"
"49","SRP017575","SRX210643","DTF","Soft Tissue","FFPE","DTF(3SEQ) signature","UNCLEAR"
"50","SRP017575","SRX210672","PF","Soft Tissue","FFPE","PF signature","UNCLEAR"
"51","SRP017575","SRX210692","NF","Soft Tissue","FFPE","NF signature","UNCLEAR"
"52","SRP017575","SRX210640","DTF","Soft Tissue","FFPE","DTF(3SEQ) signature","UNCLEAR"
"53","SRP017575","SRX210641","DTF","Soft Tissue","FFPE","DTF(3SEQ) signature","UNCLEAR"
