"","study.accession","experiment.accession","source_name","cell.line","antibody.target","chip.antibody.vendor","treated.with"
"1","SRP045565","SRX682377","TSU-1621-MT_ChIP CTD of RNA polymerase II","TSU-1621-MT","RNAPII","Diagenode",NA
"2","SRP045565","SRX682388","TSU-1621-MT_ChIP TAL1/SCL","TSU-1621-MT","TAL1","Santa Cruz",NA
"3","SRP045565","SRX682384","TSU-1621-MT_ChIP RUNX1","TSU-1621-MT","RUNX1","Abcam",NA
"4","SRP045565","SRX682375","TSU-1621-MT_ChIP ERG 1/2/3","TSU-1621-MT","ERG","Santa Cruz",NA
"5","SRP045565","SRX682381","TSU-1621-MT_ChIP RXR","TSU-1621-MT","RXR","Santa Cruz",NA
"6","SRP045565","SRX682386","TSU-1621-MT_ChIP GATA2","TSU-1621-MT","GATA2","Santa Cruz",NA
"7","SRP045565","SRX682391","TSU-1621-MT_RNA-seq ATRA","TSU-1621-MT",NA,NA,"1 uM ATRA for 24 hrs"
"8","SRP045565","SRX682393","TSU-1621-MT_RNA-seq shRNA FUS-ERG","TSU-1621-MT",NA,NA,"shRNA FUS-ERG"
"9","SRP045565","SRX682392","TSU-1621-MT_RNA-seq control shRNA","TSU-1621-MT",NA,NA,"control shRNA"
"10","SRP045565","SRX682387","TSU-1621-MT_ChIP LYL1","TSU-1621-MT","LYL1","Santa Cruz",NA
"11","SRP045565","SRX682378","TSU-1621-MT_ChIP CTD of RNA polymerase II ATRA","TSU-1621-MT","RNAPII","Diagenode","1 uM ATRA for 24 hrs"
"12","SRP045565","SRX682389","TSU-1621-MT_RNA-seq control","TSU-1621-MT",NA,NA,NA
"13","SRP045565","SRX682380","TSU-1621-MT_ChIP FLI-1","TSU-1621-MT","FLI1","Santa Cruz",NA
"14","SRP045565","SRX794057","TSU-1621-MT","TSU-1621-MT","SPI1/PU.1","Santa Cruz",NA
"15","SRP045565","SRX682385","TSU-1621-MT_ChIP LMO2","TSU-1621-MT","LMO2","Santa Cruz",NA
"16","SRP045565","SRX682390","TSU-1621-MT_RNA-seq control","TSU-1621-MT",NA,NA,NA
"17","SRP045565","SRX682383","TSU-1621-MT_ChIP N-terminal FUS/TLS ATRA","TSU-1621-MT","FUS","Bethyl","1 uM ATRA for 24 hrs"
"18","SRP045565","SRX682379","TSU-1621-MT_ChIP RAR alpha","TSU-1621-MT","RAR","Diagenode",NA
"19","SRP045565","SRX682376","TSU-1621-MT_ChIP ERG 1/2/3 ATRA","TSU-1621-MT","ERG","Santa Cruz","1 uM ATRA for 24 hrs"
"20","SRP045565","SRX682382","TSU-1621-MT_ChIP N-terminal FUS/TLS","TSU-1621-MT","FUS","Bethyl",NA
