"","study.accession","experiment.accession","source_name","tissue","treatment","protocol"
"1","SRP049650","SRX1722798","Patient A38","lung metastasis, DMSO control","DMSO","10% FBS"
"2","SRP049650","SRX756842","Patient A38",NA,NA,"70% (A38-Lg) serum free media"
"3","SRP049650","SRX756841","Patient A38",NA,NA,"70% (A38-Lg) 10% FBS"
"4","SRP049650","SRX756840","Patient A38",NA,NA,"70% (A38-Lg) 10% FBS"
"5","SRP049650","SRX1722800","Patient A13","primary tumor",NA,"10% FBS"
"6","SRP049650","SRX1722803","Patient A13","primary tumor",NA,"10% FBS"
"7","SRP049650","SRX756839","Patient A38",NA,NA,"100% (A38-Per) serum free media"
"8","SRP049650","SRX756837","Patient A38",NA,NA,"100% (A38-Per) 10% FBS"
"9","SRP049650","SRX1722801","Patient A13","primary tumor",NA,"10% FBS"
"10","SRP049650","SRX1722791","Patient A38","liver metastasis",NA,"10% FBS"
"11","SRP049650","SRX756836","Patient A38",NA,NA,"100% (A38-Per) 10% FBS"
"12","SRP049650","SRX1722797","Patient A38","lung metastasis, 6AN treated","6AN treated","10% FBS"
"13","SRP049650","SRX1722802","Patient A13","primary tumor",NA,"10% FBS"
"14","SRP049650","SRX756838","Patient A38",NA,NA,"100% (A38-Per) serum free media"
"15","SRP049650","SRX756843","Patient A38",NA,NA,"70% (A38-Lg) serum free media"
"16","SRP049650","SRX1722799","Patient A38","lung metastasis, DMSO control","DMSO","10% FBS"
"17","SRP049650","SRX1722805","Patient A13","lung metastasis",NA,"10% FBS"
"18","SRP049650","SRX1722804","Patient A13","lung metastasis",NA,"10% FBS"
"19","SRP049650","SRX1722796","Patient A38","lung metastasis, 6AN treated","6AN treated","10% FBS"
"20","SRP049650","SRX1722790","Patient A38","liver metastasis",NA,"10% FBS"
