"","study.accession","experiment.accession","source_name","diagnosis","cell.type"
"1","SRP059963","SRX1077243","healthy donor","healthy","CD11b+ myelomonocytic cells"
"2","SRP059963","SRX1077249","healthy donor","healthy","CD11b+ myelomonocytic cells"
"3","SRP059963","SRX1077244","healthy donor","healthy","CD11b+ myelomonocytic cells"
"4","SRP059963","SRX1077247","metastatic breast cancer patient","metastatic breast cancer","CD11b+ myelomonocytic cells"
"5","SRP059963","SRX1077245","metastatic breast cancer patient","metastatic breast cancer","CD11b+ myelomonocytic cells"
"6","SRP059963","SRX1077246","healthy donor","healthy","CD11b+ myelomonocytic cells"
"7","SRP059963","SRX1077250","metastatic breast cancer patient","metastatic breast cancer","CD11b+ myelomonocytic cells"
"8","SRP059963","SRX1077248","metastatic breast cancer patient","metastatic breast cancer","CD11b+ myelomonocytic cells"
