"","study.accession","experiment.accession","source_name","cell.line","transfection","chip.antibody"
"1","SRP056530","SRX968425","Renal Cancer Cell Line","786-O","HIF-1a (pRRL-HIF-1a)",NA
"2","SRP056530","SRX968419","Renal Cancer Cell Line","786-O","HIF-1a (pRRL-HIF-1a)","HIF-2alpha Antibody (PM9)"
"3","SRP056530","SRX968417","Renal Cancer Cell Line","786-O","HIF-1a (pRRL-HIF-1a)","HIF-1alpha Antibody (PM14)"
"4","SRP056530","SRX968416","Renal Cancer Cell Line","786-O","control (pRRL)","none"
"5","SRP056530","SRX968424","Renal Cancer Cell Line","786-O","HIF-1a (pRRL-HIF-1a)",NA
"6","SRP056530","SRX968423","Renal Cancer Cell Line","786-O","HIF-2a (pRRL-HIF-2a)","none"
"7","SRP056530","SRX968421","Renal Cancer Cell Line","786-O","HIF-2a (pRRL-HIF-2a)","Novus Biological, NB100-110"
"8","SRP056530","SRX968428","Renal Cancer Cell Line","786-O","HIF-2a (pRRL-HIF-2a)",NA
"9","SRP056530","SRX968432","Renal Cancer Cell Line","786-O","control (pRRL)",NA
"10","SRP056530","SRX968426","Renal Cancer Cell Line","786-O","HIF-1a (pRRL-HIF-1a)",NA
"11","SRP056530","SRX968430","Renal Cancer Cell Line","786-O","control (pRRL)",NA
"12","SRP056530","SRX968418","Renal Cancer Cell Line","786-O","HIF-1a (pRRL-HIF-1a)","Novus Biological, NB100-110"
"13","SRP056530","SRX968431","Renal Cancer Cell Line","786-O","control (pRRL)",NA
"14","SRP056530","SRX968415","Renal Cancer Cell Line","786-O","control (pRRL)","HIF-2alpha Antibody (PM9)"
"15","SRP056530","SRX968420","Renal Cancer Cell Line","786-O","HIF-1a (pRRL-HIF-1a)","none"
"16","SRP056530","SRX968429","Renal Cancer Cell Line","786-O","HIF-2a (pRRL-HIF-2a)",NA
"17","SRP056530","SRX968414","Renal Cancer Cell Line","786-O","control (pRRL)","Novus Biological, NB100-110"
"18","SRP056530","SRX968422","Renal Cancer Cell Line","786-O","HIF-2a (pRRL-HIF-2a)","HIF-2alpha Antibody (PM9)"
"19","SRP056530","SRX968427","Renal Cancer Cell Line","786-O","HIF-2a (pRRL-HIF-2a)",NA
