"","study.accession","experiment.accession","source_name","cell.line","cancer","type","chip.antibody"
"1","SRP040300","SRX1044410","RNA_Compound A 4h_2","MDA-MB-231","Breast adenocarcinoma","TNBC",NA
"2","SRP040300","SRX1044404","RNA_Dexamethasone 2h_2","MDA-MB-231","Breast adenocarcinoma","TNBC",NA
"3","SRP040300","SRX1044407","RNA_Compound A 2h_1","MDA-MB-231","Breast adenocarcinoma","TNBC",NA
"4","SRP040300","SRX1044416","p65_Compound A","MDA-MB-231","Breast adenocarcinoma","TNBC","NF?B p65 Antibody (C-20) from Santa Cruz Biotechnology"
"5","SRP040300","SRX495667","MDA-MB-231 cells","MDA-MB-231","Breast adenocarcinoma",NA,"Glucocorticoid Receptor (D8H2) XP<U+00AE> Rabbit mAb #3660 from CST"
"6","SRP040300","SRX1044412","AP1_Dexamethasone","MDA-MB-231","Breast adenocarcinoma","TNBC","c-Jun Antibody (H-79) from Santa Cruz Biotechnology"
"7","SRP040300","SRX1044403","RNA_Dexamethasone 2h_1","MDA-MB-231","Breast adenocarcinoma","TNBC",NA
"8","SRP040300","SRX495670","MDA-MB-231 cells","MDA-MB-231","Breast adenocarcinoma",NA,"Glucocorticoid Receptor (D8H2) XP<U+00AE> Rabbit mAb #3660 from CST"
"9","SRP040300","SRX1044413","AP1_Compound A","MDA-MB-231","Breast adenocarcinoma","TNBC","c-Jun Antibody (H-79) from Santa Cruz Biotechnology"
"10","SRP040300","SRX1044406","RNA_Dexamethasone 4h_2","MDA-MB-231","Breast adenocarcinoma","TNBC",NA
"11","SRP040300","SRX1044415","p65_Dexamethasone","MDA-MB-231","Breast adenocarcinoma","TNBC","NF?B p65 Antibody (C-20) from Santa Cruz Biotechnology"
"12","SRP040300","SRX1044408","RNA_Compound A 2h_2","MDA-MB-231","Breast adenocarcinoma","TNBC",NA
"13","SRP040300","SRX1044405","RNA_Dexamethasone 4h_1","MDA-MB-231","Breast adenocarcinoma","TNBC",NA
"14","SRP040300","SRX1044414","p65_Vehicle","MDA-MB-231","Breast adenocarcinoma","TNBC","NF?B p65 Antibody (C-20) from Santa Cruz Biotechnology"
"15","SRP040300","SRX495668","MDA-MB-231 cells","MDA-MB-231","Breast adenocarcinoma",NA,"Glucocorticoid Receptor (D8H2) XP<U+00AE> Rabbit mAb #3660 from CST"
"16","SRP040300","SRX495671","MDA-MB-231 cells","MDA-MB-231","Breast adenocarcinoma",NA,"Glucocorticoid Receptor (D8H2) XP<U+00AE> Rabbit mAb #3660 from CST"
"17","SRP040300","SRX1044402","RNA_Vehicle_2","MDA-MB-231","Breast adenocarcinoma","TNBC",NA
"18","SRP040300","SRX1044411","AP1_Vehicle","MDA-MB-231","Breast adenocarcinoma","TNBC","c-Jun Antibody (H-79) from Santa Cruz Biotechnology"
"19","SRP040300","SRX1044401","RNA_Vehicle_1","MDA-MB-231","Breast adenocarcinoma","TNBC",NA
"20","SRP040300","SRX495669","MDA-MB-231 cells","MDA-MB-231","Breast adenocarcinoma",NA,"Glucocorticoid Receptor (D8H2) XP<U+00AE> Rabbit mAb #3660 from CST"
"21","SRP040300","SRX1044409","RNA_Compound A 4h_1","MDA-MB-231","Breast adenocarcinoma","TNBC",NA
"22","SRP040300","SRX495666","MDA-MB-231 cells","MDA-MB-231","Breast adenocarcinoma",NA,"Glucocorticoid Receptor (D8H2) XP<U+00AE> Rabbit mAb #3660 from CST"
