"","study.accession","experiment.accession","source_name","cell.type","treatment"
"1","SRP034736","SRX1338941","Human cord blood derived CD34+ cells","CD34+","ERG3 overexpressing"
"2","SRP034736","SRX1338940","Human cord blood derived CD34+ cells","CD34+","Empty vector transduced"
"3","SRP034736","SRX1338943","Human cord blood derived CD34+ cells","CD34+","ERG3 S238D overexpressing"
"4","SRP034736","SRX1338939","Human cord blood derived CD34+ cells","CD34+","Untransduced control"
"5","SRP034736","SRX1338934","Human cord blood derived CD34+ cells","CD34+","Untransduced control"
"6","SRP034736","SRX1338942","Human cord blood derived CD34+ cells","CD34+","ERG3 S283A overexpressing"
"7","SRP034736","SRX1338938","Human cord blood derived CD34+ cells","CD34+","ERG3 S238D overexpressing"
"8","SRP034736","SRX399543","CD34+ cells","CD34+ cells","ERG overexpression"
"9","SRP034736","SRX1338937","Human cord blood derived CD34+ cells","CD34+","ERG3 S283A overexpressing"
"10","SRP034736","SRX1338936","Human cord blood derived CD34+ cells","CD34+","ERG3 overexpressing"
"11","SRP034736","SRX399542","CD34+ cells","CD34+ cells","control"
"12","SRP034736","SRX399545","CD34+ cells","CD34+ cells","ERG overexpression"
"13","SRP034736","SRX399544","CD34+ cells","CD34+ cells","control"
"14","SRP034736","SRX1338935","Human cord blood derived CD34+ cells","CD34+","Empty vector transduced"
