"","study.accession","experiment.accession","source_name","cell.line","environment"
"1","SRP051506","SRX822018","SW620 colon cancer cell line","SW620","2D culture conditions"
"2","SRP051506","SRX822016","SW620 colon cancer cell line","SW620","2D culture conditions"
"3","SRP051506","SRX822017","SW620 colon cancer cell line","SW620","Mouse xenograft"
"4","SRP051506","SRX822020","SW620 colon cancer cell line","SW620","2D culture conditions"
"5","SRP051506","SRX822015","SW620 colon cancer cell line","SW620","Mouse xenograft"
"6","SRP051506","SRX822019","SW620 colon cancer cell line","SW620","2D culture conditions"
