"","study.accession","experiment.accession","source_name","cell.line","treatment"
"1","SRP038987","SRX3599599","SK-N-BE(2)","SK-N-BE(2)","48 hours Hypoxia"
"2","SRP038987","SRX476317","SK-N-BE(2)","SK-N-BE(2)","hypoxia"
"3","SRP038987","SRX476314","SK-N-BE(2)","SK-N-BE(2)","hypoxia"
"4","SRP038987","SRX476316","SK-N-BE(2)","SK-N-BE(2)","normoxia"
"5","SRP038987","SRX476313","SK-N-BE(2)","SK-N-BE(2)","normoxia"
"6","SRP038987","SRX3599595","NBl-WN cells","NBL-WN","48 hours Hypoxia"
"7","SRP038987","SRX3599593","NBl-WN cells","NBL-WN","Treatment: 48 hours Hypoxia"
"8","SRP038987","SRX3599598","SK-N-BE(2)","SK-N-BE(2)","48 hours Normoxia"
"9","SRP038987","SRX3599600","SK-N-BE(2)","SK-N-BE(2)","48 hours Hypoxia"
"10","SRP038987","SRX3599597","SK-N-BE(2)","SK-N-BE(2)","48 hours Normoxia"
"11","SRP038987","SRX3599592","NBL-WN cells","NBL-WN","Treatment: 48 hours Normoxia"
"12","SRP038987","SRX3599596","NBl-WN cells","NBL-WN",NA
"13","SRP038987","SRX3599592","NBL-WN cells","NBL-WN","Treatment: 48 hours Normoxia"
"14","SRP038987","SRX3599593","NBl-WN cells","NBL-WN","Treatment: 48 hours Hypoxia"
"15","SRP038987","SRX3599593","NBl-WN cells","NBL-WN","Treatment: 48 hours Hypoxia"
"16","SRP038987","SRX3599594","NBL-WN cells","NBL-WN","48 hours Normoxia"
"17","SRP038987","SRX3599592","NBL-WN cells","NBL-WN","Treatment: 48 hours Normoxia"
"18","SRP038987","SRX476315","SK-N-BE(2)","SK-N-BE(2)","input control"
