"","study.accession","experiment.accession","source_name","treatment","cell.line","cell","cell.type","cell.subtype","age","Sex","biomaterial.provider"
"1","SRP040418","SRX497435","Breast","10 nM E2","MCF-7","AdERbeta","Epithelial","Adenocarcinoma","69","female","ATCC"
"2","SRP040418","SRX497447","Breast","1 uM liquiritigenin","MCF-7","AdERbeta+SiERalpha","Epithelial","Adenocarcinoma","69","female","ATCC"
"3","SRP040418","SRX497425","Breast","10 nM E2","MCF-7","Ad","Epithelial","Adenocarcinoma","69","female","ATCC"
"4","SRP040418","SRX497428","Breast","1 uM genistein","MCF-7","Ad","Epithelial","Adenocarcinoma","69","female","ATCC"
"5","SRP040418","SRX497433","Breast","control","MCF-7","AdERbeta","Epithelial","Adenocarcinoma","69","female","ATCC"
"6","SRP040418","SRX497431","Breast","1 uM liquiritigenin","MCF-7","Ad","Epithelial","Adenocarcinoma","69","female","ATCC"
"7","SRP040418","SRX497426","Breast","10 nM E2","MCF-7","Ad","Epithelial","Adenocarcinoma","69","female","ATCC"
"8","SRP040418","SRX497424","Breast","control","MCF-7","Ad","Epithelial","Adenocarcinoma","69","female","ATCC"
"9","SRP040418","SRX497445","Breast","1 uM S-equol","MCF-7","AdERbeta+SiERalpha","Epithelial","Adenocarcinoma","69","female","ATCC"
"10","SRP040418","SRX497439","Breast","control","MCF-7","AdERbeta+SiERalpha","Epithelial","Adenocarcinoma","69","female","ATCC"
"11","SRP040418","SRX497451","Breast","1 uM liquiritigenin","MCF-7","AdERbeta","Epithelial","Adenocarcinoma","69","female","ATCC"
"12","SRP040418","SRX497437","Breast","1 uM genistein","MCF-7","AdERbeta","Epithelial","Adenocarcinoma","69","female","ATCC"
"13","SRP040418","SRX497432","Breast","1 uM liquiritigenin","MCF-7","Ad","Epithelial","Adenocarcinoma","69","female","ATCC"
"14","SRP040418","SRX497441","Breast","10 nM E2","MCF-7","AdERbeta+SiERalpha","Epithelial","Adenocarcinoma","69","female","ATCC"
"15","SRP040418","SRX497449","Breast","1 uM S-equol","MCF-7","AdERbeta","Epithelial","Adenocarcinoma","69","female","ATCC"
"16","SRP040418","SRX497444","Breast","1 uM genistein","MCF-7","AdERbeta+SiERalpha","Epithelial","Adenocarcinoma","69","female","ATCC"
"17","SRP040418","SRX497423","Breast","control","MCF-7","Ad","Epithelial","Adenocarcinoma","69","female","ATCC"
"18","SRP040418","SRX497448","Breast","1 uM liquiritigenin","MCF-7","AdERbeta+SiERalpha","Epithelial","Adenocarcinoma","69","female","ATCC"
"19","SRP040418","SRX497434","Breast","control","MCF-7","AdERbeta","Epithelial","Adenocarcinoma","69","female","ATCC"
"20","SRP040418","SRX497438","Breast","1 uM genistein","MCF-7","AdERbeta","Epithelial","Adenocarcinoma","69","female","ATCC"
"21","SRP040418","SRX497430","Breast","1 uM S-equol","MCF-7","Ad","Epithelial","Adenocarcinoma","69","female","ATCC"
"22","SRP040418","SRX497450","Breast","1 uM S-equol","MCF-7","AdERbeta","Epithelial","Adenocarcinoma","69","female","ATCC"
"23","SRP040418","SRX497429","Breast","1 uM S-equol","MCF-7","Ad","Epithelial","Adenocarcinoma","69","female","ATCC"
"24","SRP040418","SRX497443","Breast","1 uM genistein","MCF-7","AdERbeta+SiERalpha","Epithelial","Adenocarcinoma","69","female","ATCC"
"25","SRP040418","SRX497436","Breast","10 nM E2","MCF-7","AdERbeta","Epithelial","Adenocarcinoma","69","female","ATCC"
"26","SRP040418","SRX497440","Breast","control","MCF-7","AdERbeta+SiERalpha","Epithelial","Adenocarcinoma","69","female","ATCC"
"27","SRP040418","SRX497446","Breast","1 uM S-equol","MCF-7","AdERbeta+SiERalpha","Epithelial","Adenocarcinoma","69","female","ATCC"
"28","SRP040418","SRX497452","Breast","1 uM liquiritigenin","MCF-7","AdERbeta","Epithelial","Adenocarcinoma","69","female","ATCC"
"29","SRP040418","SRX497442","Breast","10 nM E2","MCF-7","AdERbeta+SiERalpha","Epithelial","Adenocarcinoma","69","female","ATCC"
"30","SRP040418","SRX497427","Breast","1 uM genistein","MCF-7","Ad","Epithelial","Adenocarcinoma","69","female","ATCC"
