"","study.accession","experiment.accession","source_name","individual","cell.type"
"1","SRP039972","SRX484893","Culture of a circulating tumor cell isolated from the blood of a patient with metastatic estrogen receptor positive breast cancer","Patient-4 (a.k.a. BRx-50)","circulating tumor cell from blood"
"2","SRP039972","SRX484893","Culture of a circulating tumor cell isolated from the blood of a patient with metastatic estrogen receptor positive breast cancer","Patient-4 (a.k.a. BRx-50)","circulating tumor cell from blood"
"3","SRP039972","SRX484891","Culture of a circulating tumor cell isolated from the blood of a patient with metastatic estrogen receptor positive breast cancer","Patient-2 (a.k.a. BRx-07)","circulating tumor cell from blood"
"4","SRP039972","SRX484892","Culture of a circulating tumor cell isolated from the blood of a patient with metastatic estrogen receptor positive breast cancer","Patient-3 (a.k.a. BRx-68)","circulating tumor cell from blood"
"5","SRP039972","SRX484895","Culture of a circulating tumor cell isolated from the blood of a patient with metastatic estrogen receptor positive breast cancer","Patient-6 (a.k.a. BRx-61)","circulating tumor cell from blood"
"6","SRP039972","SRX484890","Culture of a circulating tumor cell isolated from the blood of a patient with metastatic estrogen receptor positive breast cancer","Patient-1 (a.k.a. BRx-33)","circulating tumor cell from blood"
"7","SRP039972","SRX484894","Culture of a circulating tumor cell isolated from the blood of a patient with metastatic estrogen receptor positive breast cancer","Patient-5 (a.k.a. BRx-42)","circulating tumor cell from blood"
"8","SRP039972","SRX484891","Culture of a circulating tumor cell isolated from the blood of a patient with metastatic estrogen receptor positive breast cancer","Patient-2 (a.k.a. BRx-07)","circulating tumor cell from blood"
"9","SRP039972","SRX484894","Culture of a circulating tumor cell isolated from the blood of a patient with metastatic estrogen receptor positive breast cancer","Patient-5 (a.k.a. BRx-42)","circulating tumor cell from blood"
"10","SRP039972","SRX484890","Culture of a circulating tumor cell isolated from the blood of a patient with metastatic estrogen receptor positive breast cancer","Patient-1 (a.k.a. BRx-33)","circulating tumor cell from blood"
"11","SRP039972","SRX484895","Culture of a circulating tumor cell isolated from the blood of a patient with metastatic estrogen receptor positive breast cancer","Patient-6 (a.k.a. BRx-61)","circulating tumor cell from blood"
"12","SRP039972","SRX484890","Culture of a circulating tumor cell isolated from the blood of a patient with metastatic estrogen receptor positive breast cancer","Patient-1 (a.k.a. BRx-33)","circulating tumor cell from blood"
"13","SRP039972","SRX484893","Culture of a circulating tumor cell isolated from the blood of a patient with metastatic estrogen receptor positive breast cancer","Patient-4 (a.k.a. BRx-50)","circulating tumor cell from blood"
"14","SRP039972","SRX484894","Culture of a circulating tumor cell isolated from the blood of a patient with metastatic estrogen receptor positive breast cancer","Patient-5 (a.k.a. BRx-42)","circulating tumor cell from blood"
"15","SRP039972","SRX484890","Culture of a circulating tumor cell isolated from the blood of a patient with metastatic estrogen receptor positive breast cancer","Patient-1 (a.k.a. BRx-33)","circulating tumor cell from blood"
"16","SRP039972","SRX484891","Culture of a circulating tumor cell isolated from the blood of a patient with metastatic estrogen receptor positive breast cancer","Patient-2 (a.k.a. BRx-07)","circulating tumor cell from blood"
"17","SRP039972","SRX484892","Culture of a circulating tumor cell isolated from the blood of a patient with metastatic estrogen receptor positive breast cancer","Patient-3 (a.k.a. BRx-68)","circulating tumor cell from blood"
"18","SRP039972","SRX484895","Culture of a circulating tumor cell isolated from the blood of a patient with metastatic estrogen receptor positive breast cancer","Patient-6 (a.k.a. BRx-61)","circulating tumor cell from blood"
"19","SRP039972","SRX484893","Culture of a circulating tumor cell isolated from the blood of a patient with metastatic estrogen receptor positive breast cancer","Patient-4 (a.k.a. BRx-50)","circulating tumor cell from blood"
"20","SRP039972","SRX484892","Culture of a circulating tumor cell isolated from the blood of a patient with metastatic estrogen receptor positive breast cancer","Patient-3 (a.k.a. BRx-68)","circulating tumor cell from blood"
"21","SRP039972","SRX484895","Culture of a circulating tumor cell isolated from the blood of a patient with metastatic estrogen receptor positive breast cancer","Patient-6 (a.k.a. BRx-61)","circulating tumor cell from blood"
"22","SRP039972","SRX484895","Culture of a circulating tumor cell isolated from the blood of a patient with metastatic estrogen receptor positive breast cancer","Patient-6 (a.k.a. BRx-61)","circulating tumor cell from blood"
"23","SRP039972","SRX484893","Culture of a circulating tumor cell isolated from the blood of a patient with metastatic estrogen receptor positive breast cancer","Patient-4 (a.k.a. BRx-50)","circulating tumor cell from blood"
"24","SRP039972","SRX484891","Culture of a circulating tumor cell isolated from the blood of a patient with metastatic estrogen receptor positive breast cancer","Patient-2 (a.k.a. BRx-07)","circulating tumor cell from blood"
"25","SRP039972","SRX484894","Culture of a circulating tumor cell isolated from the blood of a patient with metastatic estrogen receptor positive breast cancer","Patient-5 (a.k.a. BRx-42)","circulating tumor cell from blood"
"26","SRP039972","SRX484892","Culture of a circulating tumor cell isolated from the blood of a patient with metastatic estrogen receptor positive breast cancer","Patient-3 (a.k.a. BRx-68)","circulating tumor cell from blood"
"27","SRP039972","SRX484892","Culture of a circulating tumor cell isolated from the blood of a patient with metastatic estrogen receptor positive breast cancer","Patient-3 (a.k.a. BRx-68)","circulating tumor cell from blood"
"28","SRP039972","SRX484891","Culture of a circulating tumor cell isolated from the blood of a patient with metastatic estrogen receptor positive breast cancer","Patient-2 (a.k.a. BRx-07)","circulating tumor cell from blood"
"29","SRP039972","SRX484890","Culture of a circulating tumor cell isolated from the blood of a patient with metastatic estrogen receptor positive breast cancer","Patient-1 (a.k.a. BRx-33)","circulating tumor cell from blood"
"30","SRP039972","SRX484890","Culture of a circulating tumor cell isolated from the blood of a patient with metastatic estrogen receptor positive breast cancer","Patient-1 (a.k.a. BRx-33)","circulating tumor cell from blood"
"31","SRP039972","SRX484893","Culture of a circulating tumor cell isolated from the blood of a patient with metastatic estrogen receptor positive breast cancer","Patient-4 (a.k.a. BRx-50)","circulating tumor cell from blood"
"32","SRP039972","SRX484894","Culture of a circulating tumor cell isolated from the blood of a patient with metastatic estrogen receptor positive breast cancer","Patient-5 (a.k.a. BRx-42)","circulating tumor cell from blood"
"33","SRP039972","SRX484894","Culture of a circulating tumor cell isolated from the blood of a patient with metastatic estrogen receptor positive breast cancer","Patient-5 (a.k.a. BRx-42)","circulating tumor cell from blood"
"34","SRP039972","SRX484892","Culture of a circulating tumor cell isolated from the blood of a patient with metastatic estrogen receptor positive breast cancer","Patient-3 (a.k.a. BRx-68)","circulating tumor cell from blood"
"35","SRP039972","SRX484895","Culture of a circulating tumor cell isolated from the blood of a patient with metastatic estrogen receptor positive breast cancer","Patient-6 (a.k.a. BRx-61)","circulating tumor cell from blood"
"36","SRP039972","SRX484891","Culture of a circulating tumor cell isolated from the blood of a patient with metastatic estrogen receptor positive breast cancer","Patient-2 (a.k.a. BRx-07)","circulating tumor cell from blood"
