"","study.accession","experiment.accession","isolate","age","biomaterial_provider","sex","tissue","cell_line","cell_subtype","BioSampleModel"
"1","SRP048484","SRX716987","rna","NA","MCTP","NA","Lung_tissue_3","Yes","adeno_carcinoma","Human"
"2","SRP048484","SRX717015","rna","NA","MCTP","NA","Lung_tissue_16","Yes","adeno_carcinoma","Human"
"3","SRP048484","SRX716983","rna","NA","MCTP","NA","Lung_tissue_1","Yes","adeno_carcinoma","Human"
"4","SRP048484","SRX717022","rna","NA","MCTP","NA","Lung_tissue_23","Yes","adeno_carcinoma","Human"
"5","SRP048484","SRX717019","rna","NA","MCTP","NA","Lung_tissue_20","Yes","adeno_carcinoma","Human"
"6","SRP048484","SRX717006","rna","NA","MCTP","NA","Lung_tissue_10","Yes","adeno_carcinoma","Human"
"7","SRP048484","SRX717000","rna","NA","MCTP","NA","Lung_tissue_9","Yes","adeno_carcinoma","Human"
"8","SRP048484","SRX717007","rna","NA","MCTP","NA","Lung_tissue_11","Yes","squamous","Human"
"9","SRP048484","SRX717011","rna","NA","MCTP","NA","Lung_tissue_12","Yes","adeno_carcinoma","Human"
"10","SRP048484","SRX717020","rna","NA","MCTP","NA","Lung_tissue_21","Yes","adeno_carcinoma","Human"
"11","SRP048484","SRX716984","rna","NA","MCTP","NA","Lung_tissue_2","Yes","adeno_carcinoma","Human"
"12","SRP048484","SRX716989","rna","NA","MCTP","NA","Lung_tissue_4","Yes","adeno_carcinoma","Human"
"13","SRP048484","SRX717018","rna","NA","MCTP","NA","Lung_tissue_19","Yes","bronchus_carcinoid","Human"
"14","SRP048484","SRX717017","rna","NA","MCTP","NA","Lung_tissue_18","Yes","adeno_carcinoma","Human"
"15","SRP048484","SRX717016","rna","NA","MCTP","NA","Lung_tissue_17","Yes","small_cell","Human"
"16","SRP048484","SRX717014","rna","NA","MCTP","NA","Lung_tissue_15","Yes","adeno_carcinoma","Human"
"17","SRP048484","SRX716992","rna","NA","MCTP","NA","Lung_tissue_6","Yes","adeno_carcinoma","Human"
"18","SRP048484","SRX716991","rna","NA","MCTP","NA","Lung_tissue_5","Yes","adeno_carcinoma","Human"
"19","SRP048484","SRX717013","rna","NA","MCTP","NA","Lung_tissue_14","Yes","adeno_carcinoma","Human"
"20","SRP048484","SRX717012","rna","NA","MCTP","NA","Lung_tissue_13","Yes","adeno_carcinoma","Human"
