"","study.accession","experiment.accession","Sample.ID","Sample.type"
"1","SRP013021","SRX147677","LNCaP","RNA"
"2","SRP013021","SRX147678","Tumour 890","RNA"
"3","SRP013021","SRX147676","LTL-313B","RNA"
"4","SRP013021","SRX147677","LNCaP","RNA"
"5","SRP013021","SRX147666","LTL-313B","DNA"
"6","SRP013021","SRX147666","LTL-313B","DNA"
"7","SRP013021","SRX147678","Tumour 890","RNA"
"8","SRP013021","SRX147667","Tumour 890","DNA"
"9","SRP013021","SRX147676","LTL-313B","RNA"
"10","SRP013021","SRX147668","LTL-313H","DNA"
"11","SRP013021","SRX147675","LTL-313H","RNA"
"12","SRP013021","SRX147678","Tumour 890","RNA"
"13","SRP013021","SRX147668","LTL-313H","DNA"
"14","SRP013021","SRX147667","Tumour 890","DNA"
"15","SRP013021","SRX147678","Tumour 890","RNA"
"16","SRP013021","SRX147668","LTL-313H","DNA"
"17","SRP013021","SRX147667","Tumour 890","DNA"
"18","SRP013021","SRX147678","Tumour 890","RNA"
"19","SRP013021","SRX147676","LTL-313B","RNA"
"20","SRP013021","SRX147666","LTL-313B","DNA"
"21","SRP013021","SRX147676","LTL-313B","RNA"
"22","SRP013021","SRX147666","LTL-313B","DNA"
"23","SRP013021","SRX147677","LNCaP","RNA"
"24","SRP013021","SRX147667","Tumour 890","DNA"
"25","SRP013021","SRX147678","Tumour 890","RNA"
"26","SRP013021","SRX147678","Tumour 890","RNA"
"27","SRP013021","SRX147675","LTL-313H","RNA"
"28","SRP013021","SRX147677","LNCaP","RNA"
"29","SRP013021","SRX147677","LNCaP","RNA"
"30","SRP013021","SRX147675","LTL-313H","RNA"
"31","SRP013021","SRX147675","LTL-313H","RNA"
"32","SRP013021","SRX147668","LTL-313H","DNA"
