"","study.accession","experiment.accession","source_name","plasmid","cell.line"
"1","SRP041252","SRX520235","triple-negative breast carcinoma from pleural effusion","pcDNA-FLAG-LKB1 wildtype","MDA-MB-231"
"2","SRP041252","SRX520236","triple-negative breast carcinoma from pleural effusion","pcDNA-FLAG-LKB1 wildtype","MDA-MB-231"
"3","SRP041252","SRX520233","triple-negative breast carcinoma from pleural effusion","pcDNA-Vector","MDA-MB-231"
"4","SRP041252","SRX520234","triple-negative breast carcinoma from pleural effusion","pcDNA-Vector","MDA-MB-231"
