"","study.accession","experiment.accession","source_name","tissue.type","disease.status"
"1","SRP006900","SRX066252","normal tissue","normal bowel tissue","stage III colorectal cancer patients"
"2","SRP006900","SRX066254","normal tissue","normal bowel tissue","stage III colorectal cancer patients"
"3","SRP006900","SRX066255","colorectal tumor tissue","Bowel adenocarcinoma tissue","stage III colorectal cancer patients"
"4","SRP006900","SRX066253","colorectal tumor tissue","Bowel adenocarcinoma tissue","stage III colorectal cancer patients"
