"","study.accession","experiment.accession","isolate","age","biomaterial_provider","sex","tissue","BioSampleModel","health_state"
"1","SRP045655","SRX684863","Normal individual with no reported history of illness","23","Healthy Volunteers","male","Saliva","Human",NA
"2","SRP045655","SRX3021379","Road accident victim postmartom sample (Reported to be not suffering from any illness)","22","Human Brain Bank, NIMHANS,Bangalore,India","male","Frontal Cortex","Human","healthy"
"3","SRP045655","SRX684854","Normal individual with no reported history of illness","23","Healthy Volunteers","male","Blood","Human",NA
"4","SRP045655","SRX3021381","Road accident victim postmartom sample (Reported to be not suffering from any illness)","15","Human Brain Bank, NIMHANS,Bangalore,India","female","Frontal Cortex","Human","healthy"
"5","SRP045655","SRX3021363","Road accident victim postmartom sample (Reported to be not suffering from any illness)","15","Human Brain Bank, NIMHANS,Bangalore,India","female","Corpus Callosum","Human","healthy"
"6","SRP045655","SRX3021366","Road accident victim postmartom sample (Reported to be not suffering from any illness)","24","Human Brain Bank, NIMHANS,Bangalore,India","male","Corpus Callosum","Human","healthy"
"7","SRP045655","SRX3021374","Road accident victim postmartom sample (Reported to be not suffering from any illness)","24","Human Brain Bank, NIMHANS,Bangalore,India","male","Corpus Callosum","Human","healthy"
"8","SRP045655","SRX684862","Normal individual with no reported history of illness","40","Healthy Volunteers","male","Saliva","Human",NA
"9","SRP045655","SRX3021367","Road accident victim postmartom sample (Reported to be not suffering from any illness)","22","Human Brain Bank, NIMHANS,Bangalore,India","male","Frontal Cortex","Human","healthy"
"10","SRP045655","SRX857535","Road accident victim postmartom sample (Reported to be not suffering from any illness)","40","Human Brain Bank, NIMHANS,Bangalore,India","male","Corpus Callosum","Human",NA
"11","SRP045655","SRX3021361","Road accident victim postmartom sample (Reported to be not suffering from any illness)","16","Human Brain Bank, NIMHANS,Bangalore,India","male","Corpus Callosum","Human","healthy"
"12","SRP045655","SRX3021364","Road accident victim postmartom sample (Reported to be not suffering from any illness)","16","Human Brain Bank, NIMHANS,Bangalore,India","male","Corpus Callosum","Human","healthy"
"13","SRP045655","SRX857533","Road accident victim postmartom sample (Reported to be not suffering from any illness)","45","Human Brain Bank, NIMHANS,Bangalore,India","female","Corpus Callosum","Human",NA
"14","SRP045655","SRX3021378","Road accident victim postmartom sample (Reported to be not suffering from any illness)","35","Human Brain Bank, NIMHANS,Bangalore,India","male","Corpus Callosum","Human","healthy"
"15","SRP045655","SRX684255","Road accident victim postmartom sample (Reported to be not suffering from any illness)","40","Human Brain Bank, NIMHANS,Bangalore,India","male","Frontal Cortex","Human",NA
"16","SRP045655","SRX684253","Road accident victim postmartom sample (Reported to be not suffering from any illness)","45","Human Brain Bank, NIMHANS,Bangalore,India","female","Frontal Cortex","Human",NA
"17","SRP045655","SRX3021380","Road accident victim postmartom sample (Reported to be not suffering from any illness)","35","Human Brain Bank, NIMHANS,Bangalore,India","male","Frontal Cortex","Human","healthy"
"18","SRP045655","SRX857530","Road accident victim postmartom sample (Reported to be not suffering from any illness)","40","Human Brain Bank, NIMHANS,Bangalore,India","male","Frontal Cortex","Human",NA
"19","SRP045655","SRX3021370","Road accident victim postmartom sample (Reported to be not suffering from any illness)","16","Human Brain Bank, NIMHANS,Bangalore,India","male","Frontal Cortex","Human","healthy"
"20","SRP045655","SRX857522","Road accident victim postmartom sample (Reported to be not suffering from any illness)","45","Human Brain Bank, NIMHANS,Bangalore,India","female","Frontal Cortex","Human",NA
"21","SRP045655","SRX3021376","Road accident victim postmartom sample (Reported to be not suffering from any illness)","24","Human Brain Bank, NIMHANS,Bangalore,India","male","Frontal Cortex","Human","healthy"
"22","SRP045655","SRX684284","Normal individual with no reported history of illness","25","Healthy Volunteers","female","Blood","Human",NA
"23","SRP045655","SRX684282","Normal individual with no reported history of illness","27","Healthy Volunteers","female","Blood","Human",NA
"24","SRP045655","SRX3021360","Road accident victim postmartom sample (Reported to be not suffering from any illness)","22","Human Brain Bank, NIMHANS,Bangalore,India","male","Corpus Callosum","Human","healthy"
"25","SRP045655","SRX3021375","Road accident victim postmartom sample (Reported to be not suffering from any illness)","17","Human Brain Bank, NIMHANS,Bangalore,India","male","Frontal Cortex","Human","healthy"
"26","SRP045655","SRX857536","Road accident victim postmartom sample (Reported to be not suffering from any illness)","23","Human Brain Bank, NIMHANS,Bangalore,India","male","Corpus Callosum","Human",NA
"27","SRP045655","SRX684864","Normal individual with no reported history of illness","23","Healthy Volunteers","female","Saliva","Human",NA
"28","SRP045655","SRX857532","Road accident victim postmartom sample (Reported to be not suffering from any illness)","27","Human Brain Bank, NIMHANS,Bangalore,India","male","Corpus Callosum","Human",NA
"29","SRP045655","SRX684857","Normal individual with no reported history of illness","27","Healthy Volunteers","female","Saliva","Human",NA
"30","SRP045655","SRX3021373","Road accident victim postmartom sample (Reported to be not suffering from any illness)","17","Human Brain Bank, NIMHANS,Bangalore,India","male","Corpus Callosum","Human","healthy"
"31","SRP045655","SRX3021382","Road accident victim postmartom sample (Reported to be not suffering from any illness)","16","Human Brain Bank, NIMHANS,Bangalore,India","male","Frontal Cortex","Human","healthy"
"32","SRP045655","SRX684251","Road accident victim postmartom sample (Reported to be not suffering from any illness)","27","Human Brain Bank, NIMHANS,Bangalore,India","male","Frontal Cortex","Human",NA
"33","SRP045655","SRX684859","Normal individual with no reported history of illness","25","Healthy Volunteers","female","Saliva","Human",NA
"34","SRP045655","SRX3021368","Road accident victim postmartom sample (Reported to be not suffering from any illness)","35","Human Brain Bank, NIMHANS,Bangalore,India","male","Frontal Cortex","Human","healthy"
"35","SRP045655","SRX3021369","Road accident victim postmartom sample (Reported to be not suffering from any illness)","15","Human Brain Bank, NIMHANS,Bangalore,India","female","Frontal Cortex","Human","healthy"
"36","SRP045655","SRX3021362","Road accident victim postmartom sample (Reported to be not suffering from any illness)","15","Human Brain Bank, NIMHANS,Bangalore,India","female","Corpus Callosum","Human","healthy"
"37","SRP045655","SRX857531","Road accident victim postmartom sample (Reported to be not suffering from any illness)","23","Human Brain Bank, NIMHANS,Bangalore,India","male","Frontal Cortex","Human",NA
"38","SRP045655","SRX684259","Road accident victim postmartom sample (Reported to be not suffering from any illness)","40","Human Brain Bank, NIMHANS,Bangalore,India","male","Corpus Callosum","Human",NA
"39","SRP045655","SRX857512","Road accident victim postmartom sample (Reported to be not suffering from any illness)","27","Human Brain Bank, NIMHANS,Bangalore,India","male","Frontal Cortex","Human",NA
"40","SRP045655","SRX684256","Road accident victim postmartom sample (Reported to be not suffering from any illness)","23","Human Brain Bank, NIMHANS,Bangalore,India","male","Frontal Cortex","Human",NA
"41","SRP045655","SRX3021377","Road accident victim postmartom sample (Reported to be not suffering from any illness)","22","Human Brain Bank, NIMHANS,Bangalore,India","male","Corpus Callosum","Human","healthy"
"42","SRP045655","SRX3021371","Road accident victim postmartom sample (Reported to be not suffering from any illness)","17","Human Brain Bank, NIMHANS,Bangalore,India","male","Frontal Cortex","Human","healthy"
"43","SRP045655","SRX3021359","Road accident victim postmartom sample (Reported to be not suffering from any illness)","35","Human Brain Bank, NIMHANS,Bangalore,India","male","Corpus Callosum","Human","healthy"
"44","SRP045655","SRX684285","Normal individual with no reported history of illness","40","Healthy Volunteers","male","Blood","Human",NA
"45","SRP045655","SRX684258","Road accident victim postmartom sample (Reported to be not suffering from any illness)","45","Human Brain Bank, NIMHANS,Bangalore,India","female","Corpus Callosum","Human",NA
"46","SRP045655","SRX684257","Road accident victim postmartom sample (Reported to be not suffering from any illness)","23","Human Brain Bank, NIMHANS,Bangalore,India","male","Corpus Callosum","Human",NA
"47","SRP045655","SRX3021372","Road accident victim postmartom sample (Reported to be not suffering from any illness)","24","Human Brain Bank, NIMHANS,Bangalore,India","male","Frontal Cortex","Human","healthy"
"48","SRP045655","SRX3021365","Road accident victim postmartom sample (Reported to be not suffering from any illness)","17","Human Brain Bank, NIMHANS,Bangalore,India","male","Corpus Callosum","Human","healthy"
"49","SRP045655","SRX684856","Normal individual with no reported history of illness","23","Healthy Volunteers","female","Blood","Human",NA
"50","SRP045655","SRX684281","Road accident victim postmartom sample (Reported to be not suffering from any illness)","27","Human Brain Bank, NIMHANS,Bangalore,India","male","Corpus Callosum","Human",NA
