"","study.accession","experiment.accession","source_name","tissue","cell.type","passage","transfected.with"
"1","SRP052998","SRX860956","HDF si-CSL","abdomen skin","primary dermal fibroblasts","5","siRNA against CSL"
"2","SRP052998","SRX860954","HDF si-CTRL","abdomen skin","primary dermal fibroblasts","5","control siRNA"
"3","SRP052998","SRX860955","HDF si-CSL","abdomen skin","primary dermal fibroblasts","5","siRNA against CSL"
"4","SRP052998","SRX860954","HDF si-CTRL","abdomen skin","primary dermal fibroblasts","5","control siRNA"
"5","SRP052998","SRX860956","HDF si-CSL","abdomen skin","primary dermal fibroblasts","5","siRNA against CSL"
"6","SRP052998","SRX860956","HDF si-CSL","abdomen skin","primary dermal fibroblasts","5","siRNA against CSL"
"7","SRP052998","SRX860956","HDF si-CSL","abdomen skin","primary dermal fibroblasts","5","siRNA against CSL"
"8","SRP052998","SRX860956","HDF si-CSL","abdomen skin","primary dermal fibroblasts","5","siRNA against CSL"
"9","SRP052998","SRX860954","HDF si-CTRL","abdomen skin","primary dermal fibroblasts","5","control siRNA"
"10","SRP052998","SRX860954","HDF si-CTRL","abdomen skin","primary dermal fibroblasts","5","control siRNA"
"11","SRP052998","SRX860955","HDF si-CSL","abdomen skin","primary dermal fibroblasts","5","siRNA against CSL"
"12","SRP052998","SRX860955","HDF si-CSL","abdomen skin","primary dermal fibroblasts","5","siRNA against CSL"
"13","SRP052998","SRX860954","HDF si-CTRL","abdomen skin","primary dermal fibroblasts","5","control siRNA"
"14","SRP052998","SRX860956","HDF si-CSL","abdomen skin","primary dermal fibroblasts","5","siRNA against CSL"
"15","SRP052998","SRX860955","HDF si-CSL","abdomen skin","primary dermal fibroblasts","5","siRNA against CSL"
"16","SRP052998","SRX860956","HDF si-CSL","abdomen skin","primary dermal fibroblasts","5","siRNA against CSL"
"17","SRP052998","SRX860956","HDF si-CSL","abdomen skin","primary dermal fibroblasts","5","siRNA against CSL"
"18","SRP052998","SRX860955","HDF si-CSL","abdomen skin","primary dermal fibroblasts","5","siRNA against CSL"
"19","SRP052998","SRX860954","HDF si-CTRL","abdomen skin","primary dermal fibroblasts","5","control siRNA"
"20","SRP052998","SRX860956","HDF si-CSL","abdomen skin","primary dermal fibroblasts","5","siRNA against CSL"
