"","study.accession","experiment.accession","isolate","age","biomaterial_provider","sex","tissue","disease","sample_type","treatment","treatment.length","BioSampleModel"
"1","SRP057571","SRX1004693","pancreatic adenocarcinoma cells","62 years old","ATCC","female","pancreatic adenocarcinoma cells","pancreatic cancer","replicate 2","DMSO","6 hours","Human"
"2","SRP057571","SRX1004695","pancreatic adenocarcinoma cells","62 years old","ATCC","female","pancreatic adenocarcinoma cells","pancreatic cancer","replicate 1","Calcipotriol","2 hours","Human"
"3","SRP057571","SRX1004700","pancreatic adenocarcinoma cells","62 years old","ATCC","female","pancreatic adenocarcinoma cells","pancreatic cancer","replicate 3","Calcipotriol","2 hours","Human"
"4","SRP057571","SRX1004701","pancreatic adenocarcinoma cells","62 years old","ATCC","female","pancreatic adenocarcinoma cells","pancreatic cancer","replicate 1","Calcipotriol","6 hours","Human"
"5","SRP057571","SRX1004704","pancreatic adenocarcinoma cells","62 years old","ATCC","female","pancreatic adenocarcinoma cells","pancreatic cancer","replicate 2","Calcipotriol","6 hours","Human"
"6","SRP057571","SRX1004705","pancreatic adenocarcinoma cells","62 years old","ATCC","female","pancreatic adenocarcinoma cells","pancreatic cancer","replicate 3","Calcipotriol","6 hours","Human"
"7","SRP057571","SRX1004664","pancreatic adenocarcinoma cells","62 years old","ATCC","female","pancreatic adenocarcinoma cells","pancreatic cancer","replicate 1","DMSO","2 hours","Human"
"8","SRP057571","SRX1004697","pancreatic adenocarcinoma cells","62 years old","ATCC","female","pancreatic adenocarcinoma cells","pancreatic cancer","replicate 2","Calcipotriol","2 hours","Human"
"9","SRP057571","SRX1004666","pancreatic adenocarcinoma cells","62 years old","ATCC","female","pancreatic adenocarcinoma cells","pancreatic cancer","replicate 2","DMSO","2 hours","Human"
"10","SRP057571","SRX1004689","pancreatic adenocarcinoma cells","62 years old","ATCC","female","pancreatic adenocarcinoma cells","pancreatic cancer","replicate 3","DMSO","2 hours","Human"
"11","SRP057571","SRX1004690","pancreatic adenocarcinoma cells","62 years old","ATCC","female","pancreatic adenocarcinoma cells","pancreatic cancer","replicate 1","DMSO","6 hours","Human"
"12","SRP057571","SRX1004694","pancreatic adenocarcinoma cells","62 years old","ATCC","female","pancreatic adenocarcinoma cells","pancreatic cancer","replicate 3","DMSO","6 hours","Human"
