"","study.accession","experiment.accession","source_name","tissue","individual","gender","age","primary.tumor.and.nat.rna","primary.tumor.biopsy.method","primary.tumor.grade","primary.tumor.cirrhosis","recurrent.tumor.method","recurrent.tumor.organ","recurrent.tumor.grade","recurrent.tumor.cirrhosis","glu","alt","ast","ggt","tb","db","alb","hgb","pt","hbsag","hbvdna","afp","cea","ca199","bclc.stage.pre.ltx","definitions"
"1","SRP040998","SRX512215","HCC10 Recurrent Tumor","HCC Recurrent Tumor","HCC10","male","59","Yes","OLT","III","Yes","RFA","liver","NA","No","5.03","71","96","79.5","29.6","10.7","40.2","136","12.7",">250<U+FF08>+<U+FF09>","<500","1888.2","3.97","70.8","A3","RFA=Radiofrequency ablation; VATS=Video-assisted thorascopic surgery; OLT=Orthotopic liver transplantation; AFP=Alpha-fetoprotein"
"2","SRP040998","SRX512246","HCC-C2 Non-recurrent Tumor's Adjacent Normal","HCC Non-recurrent Tumor's Adjacent Normal","HCC-C2","male","55","Yes","OLT","I-II","Yes","0","0","0","0","4.55","78","134","64.2","35.8","14.1","22.3","113","17",">240","1040000","5.2","4.79","72.6","D","RFA=Radiofrequency ablation; VATS=Video-assisted thorascopic surgery; OLT=Orthotopic liver transplantation; AFP=Alpha-fetoprotein"
"3","SRP040998","SRX512226","HCC7 Recurrent Tumor's Adjacent Normal","HCC Recurrent Tumor's Adjacent Normal","HCC7","not collected","#N/A","#N/A","#N/A","#N/A","#N/A","#N/A","#N/A","#N/A","#N/A","#N/A","#N/A","#N/A","#N/A","#N/A","#N/A","#N/A","#N/A","#N/A","#N/A","#N/A","#N/A","#N/A","#N/A","#N/A","RFA=Radiofrequency ablation; VATS=Video-assisted thorascopic surgery; OLT=Orthotopic liver transplantation; AFP=Alpha-fetoprotein"
"4","SRP040998","SRX512220","HCC4 Recurrent Tumor's Adjacent Normal","HCC Recurrent Tumor's Adjacent Normal","HCC4","male","59","Yes","OLT","II","No","RFA","liver","NA","No","5.4","20","19","37.7","17.4","3.9","43.7","145","11.6","15.22(+)","<500","2.5","1.27","8.4","B","RFA=Radiofrequency ablation; VATS=Video-assisted thorascopic surgery; OLT=Orthotopic liver transplantation; AFP=Alpha-fetoprotein"
"5","SRP040998","SRX512225","HCC6 Recurrent Tumor","HCC Recurrent Tumor","HCC6","male","41","Yes","OLT","III","Yes","VATS","lung","NA","NA","4.48","28","30","39.7","10","4.2","47.4","114","10.8",">250<U+FF08>+<U+FF09>","<500","126","NA","NA","B","RFA=Radiofrequency ablation; VATS=Video-assisted thorascopic surgery; OLT=Orthotopic liver transplantation; AFP=Alpha-fetoprotein"
"6","SRP040998","SRX512236","HCC-C14 Non-recurrent Tumor's Adjacent Normal","HCC Non-recurrent Tumor's Adjacent Normal","HCC-C14","male","59","Yes","OLT","<U+2161>","Yes","0","0","0","0","5.46","197","296","53.6","74.7","25.1","31.4","118","15.8",">240","9000000","240.7","0.87","27.1","B","RFA=Radiofrequency ablation; VATS=Video-assisted thorascopic surgery; OLT=Orthotopic liver transplantation; AFP=Alpha-fetoprotein"
"7","SRP040998","SRX512228","HCC8 Recurrent Tumor's Adjacent Normal","HCC Recurrent Tumor's Adjacent Normal","HCC8","male","42","Yes","OLT","III","Yes","RFA","liver","NA","NA","5.1","87","65","380.2","22.2","5.8","39.3","139","12.1",">250<U+FF08>+<U+FF09>","<500",">3000","1.85","44.8","B","RFA=Radiofrequency ablation; VATS=Video-assisted thorascopic surgery; OLT=Orthotopic liver transplantation; AFP=Alpha-fetoprotein"
"8","SRP040998","SRX512243","HCC-C18 Non-recurrent Tumor","HCC Non-recurrent Tumor","HCC-C18","male","57","Yes","OLT","<U+2160>","Yes","0","0","0","0","4.95","43","38","139.9","16.3","6.5","39.2","150","13.4",">250","20100","6.6","1.85","45.6","A2","RFA=Radiofrequency ablation; VATS=Video-assisted thorascopic surgery; OLT=Orthotopic liver transplantation; AFP=Alpha-fetoprotein"
"9","SRP040998","SRX512231","HCC-C11 Non-recurrent Tumor","HCC Non-recurrent Tumor","HCC-C11","male","62","Yes","OLT","<U+2160>","Yes","0","0","0","0","12.01","27","34","75.8","34.5","10.3","40.5","137","12.4",">240","<1000","5.4","2.6","51.8","A3","RFA=Radiofrequency ablation; VATS=Video-assisted thorascopic surgery; OLT=Orthotopic liver transplantation; AFP=Alpha-fetoprotein"
"10","SRP040998","SRX512241","HCC-C16 Non-recurrent Tumor","HCC Non-recurrent Tumor","HCC-C16","male","49","Yes","OLT","<U+2161>-<U+2162>","Yes","0","0","0","0","4.89","52","140","68.9","64.9","23.2","30","92","14.9",">240","<500","128.9","2.11","29.5","A3","RFA=Radiofrequency ablation; VATS=Video-assisted thorascopic surgery; OLT=Orthotopic liver transplantation; AFP=Alpha-fetoprotein"
"11","SRP040998","SRX512244","HCC-C19 Non-recurrent Tumor's Adjacent Normal","HCC Non-recurrent Tumor's Adjacent Normal","HCC-C19","male","41","Yes","OLT","<U+2161>-<U+2162>","Yes","0","0","0","0","4.85","12","16","21.1","21.5","7","46","142","12.9","219.91","<500","220.9","2.01","19","B","RFA=Radiofrequency ablation; VATS=Video-assisted thorascopic surgery; OLT=Orthotopic liver transplantation; AFP=Alpha-fetoprotein"
"12","SRP040998","SRX512233","HCC-C12 Non-recurrent Tumor","HCC Non-recurrent Tumor","HCC-C12","male","40","Yes","OLT","<U+2161>-<U+2162>","Yes","0","0","0","0","NA","38","19","47.3","12.7","4","43.5","150","11.2",">240","110000","210.8","1.85","21.3","A2","RFA=Radiofrequency ablation; VATS=Video-assisted thorascopic surgery; OLT=Orthotopic liver transplantation; AFP=Alpha-fetoprotein"
"13","SRP040998","SRX512221","HCC4 Recurrent Tumor","HCC Recurrent Tumor","HCC4","male","59","Yes","OLT","II","No","RFA","liver","NA","No","5.4","20","19","37.7","17.4","3.9","43.7","145","11.6","15.22(+)","<500","2.5","1.27","8.4","B","RFA=Radiofrequency ablation; VATS=Video-assisted thorascopic surgery; OLT=Orthotopic liver transplantation; AFP=Alpha-fetoprotein"
"14","SRP040998","SRX512222","HCC5 Recurrent Tumor's Adjacent Normal","HCC Recurrent Tumor's Adjacent Normal","HCC5","male","67","Yes","OLT","II","Yes","RFA","liver","NA","NA","8.03","54","64","213.2","56.7","22.9","30.2","112","12.9","<0.01(-)","<500",">3000","2.34","28.7","B","RFA=Radiofrequency ablation; VATS=Video-assisted thorascopic surgery; OLT=Orthotopic liver transplantation; AFP=Alpha-fetoprotein"
"15","SRP040998","SRX512235","HCC-C13 Non-recurrent Tumor","HCC Non-recurrent Tumor","HCC-C13","male","49","Yes","OLT","I-II","Yes","0","0","0","0","4.19","26","38","55","22.1","3.5","25.8","130","12.1",">240","<500","4.3","1.97","21.5","C","RFA=Radiofrequency ablation; VATS=Video-assisted thorascopic surgery; OLT=Orthotopic liver transplantation; AFP=Alpha-fetoprotein"
"16","SRP040998","SRX512248","HCC-C8 Non-recurrent Tumor's Adjacent Normal","HCC Non-recurrent Tumor's Adjacent Normal","HCC-C8","male","64","Yes","OLT","<U+2160>","Yes","0","0","0","0","4.73","16","25","56.4","47.7","16.1","30.8","148","15.7",">240","<1000","62.5","2.81","21","A3","RFA=Radiofrequency ablation; VATS=Video-assisted thorascopic surgery; OLT=Orthotopic liver transplantation; AFP=Alpha-fetoprotein"
"17","SRP040998","SRX512240","HCC-C16 Non-recurrent Tumor's Adjacent Normal","HCC Non-recurrent Tumor's Adjacent Normal","HCC-C16","male","49","Yes","OLT","<U+2161>-<U+2162>","Yes","0","0","0","0","4.89","52","140","68.9","64.9","23.2","30","92","14.9",">240","<500","128.9","2.11","29.5","A3","RFA=Radiofrequency ablation; VATS=Video-assisted thorascopic surgery; OLT=Orthotopic liver transplantation; AFP=Alpha-fetoprotein"
"18","SRP040998","SRX512237","HCC-C14 Non-recurrent Tumor","HCC Non-recurrent Tumor","HCC-C14","male","59","Yes","OLT","<U+2161>","Yes","0","0","0","0","5.46","197","296","53.6","74.7","25.1","31.4","118","15.8",">240","9000000","240.7","0.87","27.1","B","RFA=Radiofrequency ablation; VATS=Video-assisted thorascopic surgery; OLT=Orthotopic liver transplantation; AFP=Alpha-fetoprotein"
"19","SRP040998","SRX512252","HCC-C6 Non-recurrent Tumor's Adjacent Normal","HCC Non-recurrent Tumor's Adjacent Normal","HCC-C6","male","51","Yes","OLT","<U+2161>","Yes","0","0","0","0","7.52","11","14","5.8","52.1","15.5","31.6","75","16.3",">240","<1000","137.5","1.4","4.5","A3","RFA=Radiofrequency ablation; VATS=Video-assisted thorascopic surgery; OLT=Orthotopic liver transplantation; AFP=Alpha-fetoprotein"
"20","SRP040998","SRX512219","HCC3 Recurrent Tumor","HCC Recurrent Tumor","HCC3","male","42","Yes","OLT","III","Yes","RFA","liver","NA","Yes","7.23","30","56","198.7","34.8","15.5","33.9","144","12.3",">240<U+FF08>+<U+FF09>","<500",">3000","3.3","119.8","B","RFA=Radiofrequency ablation; VATS=Video-assisted thorascopic surgery; OLT=Orthotopic liver transplantation; AFP=Alpha-fetoprotein"
"21","SRP040998","SRX512249","HCC-C8 Non-recurrent Tumor","HCC Non-recurrent Tumor","HCC-C8","male","64","Yes","OLT","<U+2160>","Yes","0","0","0","0","4.73","16","25","56.4","47.7","16.1","30.8","148","15.7",">240","<1000","62.5","2.81","21","A3","RFA=Radiofrequency ablation; VATS=Video-assisted thorascopic surgery; OLT=Orthotopic liver transplantation; AFP=Alpha-fetoprotein"
"22","SRP040998","SRX512230","HCC-C11 Non-recurrent Tumor's Adjacent Normal","HCC Non-recurrent Tumor's Adjacent Normal","HCC-C11","male","62","Yes","OLT","<U+2160>","Yes","0","0","0","0","12.01","27","34","75.8","34.5","10.3","40.5","137","12.4",">240","<1000","5.4","2.6","51.8","A3","RFA=Radiofrequency ablation; VATS=Video-assisted thorascopic surgery; OLT=Orthotopic liver transplantation; AFP=Alpha-fetoprotein"
"23","SRP040998","SRX512234","HCC-C13 Non-recurrent Tumor's Adjacent Normal","HCC Non-recurrent Tumor's Adjacent Normal","HCC-C13","male","49","Yes","OLT","I-II","Yes","0","0","0","0","4.19","26","38","55","22.1","3.5","25.8","130","12.1",">240","<500","4.3","1.97","21.5","C","RFA=Radiofrequency ablation; VATS=Video-assisted thorascopic surgery; OLT=Orthotopic liver transplantation; AFP=Alpha-fetoprotein"
"24","SRP040998","SRX512232","HCC-C12 Non-recurrent Tumor's Adjacent Normal","HCC Non-recurrent Tumor's Adjacent Normal","HCC-C12","male","40","Yes","OLT","<U+2161>-<U+2162>","Yes","0","0","0","0","NA","38","19","47.3","12.7","4","43.5","150","11.2",">240","110000","210.8","1.85","21.3","A2","RFA=Radiofrequency ablation; VATS=Video-assisted thorascopic surgery; OLT=Orthotopic liver transplantation; AFP=Alpha-fetoprotein"
"25","SRP040998","SRX512247","HCC-C2 Non-recurrent Tumor","HCC Non-recurrent Tumor","HCC-C2","male","55","Yes","OLT","I-II","Yes","0","0","0","0","4.55","78","134","64.2","35.8","14.1","22.3","113","17",">240","1040000","5.2","4.79","72.6","D","RFA=Radiofrequency ablation; VATS=Video-assisted thorascopic surgery; OLT=Orthotopic liver transplantation; AFP=Alpha-fetoprotein"
"26","SRP040998","SRX512229","HCC8 Recurrent Tumor","HCC Recurrent Tumor","HCC8","male","42","Yes","OLT","III","Yes","RFA","liver","NA","NA","5.1","87","65","380.2","22.2","5.8","39.3","139","12.1",">250<U+FF08>+<U+FF09>","<500",">3000","1.85","44.8","B","RFA=Radiofrequency ablation; VATS=Video-assisted thorascopic surgery; OLT=Orthotopic liver transplantation; AFP=Alpha-fetoprotein"
"27","SRP040998","SRX512239","HCC-C15 Non-recurrent Tumor","HCC Non-recurrent Tumor","HCC-C15","male","49","Yes","OLT","<U+2161>","Yes","0","0","0","0","8.64","34","24","171.6","33.3","10.5","45.6","146","11.5",">240","<500","NA","NA","NA","B","RFA=Radiofrequency ablation; VATS=Video-assisted thorascopic surgery; OLT=Orthotopic liver transplantation; AFP=Alpha-fetoprotein"
"28","SRP040998","SRX512212","HCC1 Recurrent Tumor's Adjacent Normal","HCC Recurrent Tumor's Adjacent Normal","HCC1","male","48","Yes","OLT","III","Yes","RFA","liver","NA","No","5.19","37","39","133","22.8","5.7","40.6","131","12.1",">240<U+FF08>+<U+FF09>","<1000","2935.9","2.07","33.2","A3","RFA=Radiofrequency ablation; VATS=Video-assisted thorascopic surgery; OLT=Orthotopic liver transplantation; AFP=Alpha-fetoprotein"
"29","SRP040998","SRX512245","HCC-C19 Non-recurrent Tumor","HCC Non-recurrent Tumor","HCC-C19","male","41","Yes","OLT","<U+2161>-<U+2162>","Yes","0","0","0","0","4.85","12","16","21.1","21.5","7","46","142","12.9","219.91","<500","220.9","2.01","19","B","RFA=Radiofrequency ablation; VATS=Video-assisted thorascopic surgery; OLT=Orthotopic liver transplantation; AFP=Alpha-fetoprotein"
"30","SRP040998","SRX512224","HCC6 Recurrent Tumor's Adjacent Normal","HCC Recurrent Tumor's Adjacent Normal","HCC6","male","41","Yes","OLT","III","Yes","VATS","lung","NA","NA","4.48","28","30","39.7","10","4.2","47.4","114","10.8",">250<U+FF08>+<U+FF09>","<500","126","NA","NA","B","RFA=Radiofrequency ablation; VATS=Video-assisted thorascopic surgery; OLT=Orthotopic liver transplantation; AFP=Alpha-fetoprotein"
"31","SRP040998","SRX512242","HCC-C18 Non-recurrent Tumor's Adjacent Normal","HCC Non-recurrent Tumor's Adjacent Normal","HCC-C18","male","57","Yes","OLT","<U+2160>","Yes","0","0","0","0","4.95","43","38","139.9","16.3","6.5","39.2","150","13.4",">250","20100","6.6","1.85","45.6","A2","RFA=Radiofrequency ablation; VATS=Video-assisted thorascopic surgery; OLT=Orthotopic liver transplantation; AFP=Alpha-fetoprotein"
"32","SRP040998","SRX512250","HCC-C9 Non-recurrent Tumor's Adjacent Normal","HCC Non-recurrent Tumor's Adjacent Normal","HCC-C9","male","40","Yes","OLT","<U+2161>","Yes","0","0","0","0","5.32","16","18","35.3","19.7","5.2","42.7","158","11.9","+","1290","9.2","4.85","24.6","A3","RFA=Radiofrequency ablation; VATS=Video-assisted thorascopic surgery; OLT=Orthotopic liver transplantation; AFP=Alpha-fetoprotein"
"33","SRP040998","SRX512217","HCC2 Recurrent Tumor","HCC Recurrent Tumor","HCC2","male","43","Yes","OLT","II","Yes","RFA","liver","NA","NA","5.42","19","33","123.4","20.4","6.7","41.6","140","11.9",">240<U+FF08>+<U+FF09>","6210","1461.1","4.41","<0.8","B","RFA=Radiofrequency ablation; VATS=Video-assisted thorascopic surgery; OLT=Orthotopic liver transplantation; AFP=Alpha-fetoprotein"
"34","SRP040998","SRX512253","HCC-C6 Non-recurrent Tumor","HCC Non-recurrent Tumor","HCC-C6","male","51","Yes","OLT","<U+2161>","Yes","0","0","0","0","7.52","11","14","5.8","52.1","15.5","31.6","75","16.3",">240","<1000","137.5","1.4","4.5","A3","RFA=Radiofrequency ablation; VATS=Video-assisted thorascopic surgery; OLT=Orthotopic liver transplantation; AFP=Alpha-fetoprotein"
"35","SRP040998","SRX512251","HCC-C9 Non-recurrent Tumor","HCC Non-recurrent Tumor","HCC-C9","male","40","Yes","OLT","<U+2161>","Yes","0","0","0","0","5.32","16","18","35.3","19.7","5.2","42.7","158","11.9","+","1290","9.2","4.85","24.6","A3","RFA=Radiofrequency ablation; VATS=Video-assisted thorascopic surgery; OLT=Orthotopic liver transplantation; AFP=Alpha-fetoprotein"
"36","SRP040998","SRX512216","HCC2 Recurrent Tumor's Adjacent Normal","HCC Recurrent Tumor's Adjacent Normal","HCC2","male","43","Yes","OLT","II","Yes","RFA","liver","NA","NA","5.42","19","33","123.4","20.4","6.7","41.6","140","11.9",">240<U+FF08>+<U+FF09>","6210","1461.1","4.41","<0.8","B","RFA=Radiofrequency ablation; VATS=Video-assisted thorascopic surgery; OLT=Orthotopic liver transplantation; AFP=Alpha-fetoprotein"
"37","SRP040998","SRX512213","HCC1 Recurrent Tumor","HCC Recurrent Tumor","HCC1","male","48","Yes","OLT","III","Yes","RFA","liver","NA","No","5.19","37","39","133","22.8","5.7","40.6","131","12.1",">240<U+FF08>+<U+FF09>","<1000","2935.9","2.07","33.2","A3","RFA=Radiofrequency ablation; VATS=Video-assisted thorascopic surgery; OLT=Orthotopic liver transplantation; AFP=Alpha-fetoprotein"
"38","SRP040998","SRX512223","HCC5 Recurrent Tumor","HCC Recurrent Tumor","HCC5","male","67","Yes","OLT","II","Yes","RFA","liver","NA","NA","8.03","54","64","213.2","56.7","22.9","30.2","112","12.9","<0.01(-)","<500",">3000","2.34","28.7","B","RFA=Radiofrequency ablation; VATS=Video-assisted thorascopic surgery; OLT=Orthotopic liver transplantation; AFP=Alpha-fetoprotein"
"39","SRP040998","SRX512214","HCC10 Recurrent Tumor's Adjacent Normal","HCC Recurrent Tumor's Adjacent Normal","HCC10","male","59","Yes","OLT","III","Yes","RFA","liver","NA","No","5.03","71","96","79.5","29.6","10.7","40.2","136","12.7",">250<U+FF08>+<U+FF09>","<500","1888.2","3.97","70.8","A3","RFA=Radiofrequency ablation; VATS=Video-assisted thorascopic surgery; OLT=Orthotopic liver transplantation; AFP=Alpha-fetoprotein"
"40","SRP040998","SRX512227","HCC7 Recurrent Tumor","HCC Recurrent Tumor","HCC7","not collected","#N/A","#N/A","#N/A","#N/A","#N/A","#N/A","#N/A","#N/A","#N/A","#N/A","#N/A","#N/A","#N/A","#N/A","#N/A","#N/A","#N/A","#N/A","#N/A","#N/A","#N/A","#N/A","#N/A","#N/A","RFA=Radiofrequency ablation; VATS=Video-assisted thorascopic surgery; OLT=Orthotopic liver transplantation; AFP=Alpha-fetoprotein"
"41","SRP040998","SRX512218","HCC3 Recurrent Tumor's Adjacent Normal","HCC Recurrent Tumor's Adjacent Normal","HCC3","male","42","Yes","OLT","III","Yes","RFA","liver","NA","Yes","7.23","30","56","198.7","34.8","15.5","33.9","144","12.3",">240<U+FF08>+<U+FF09>","<500",">3000","3.3","119.8","B","RFA=Radiofrequency ablation; VATS=Video-assisted thorascopic surgery; OLT=Orthotopic liver transplantation; AFP=Alpha-fetoprotein"
"42","SRP040998","SRX512238","HCC-C15 Non-recurrent Tumor's Adjacent Normal","HCC Non-recurrent Tumor's Adjacent Normal","HCC-C15","male","49","Yes","OLT","<U+2161>","Yes","0","0","0","0","8.64","34","24","171.6","33.3","10.5","45.6","146","11.5",">240","<500","NA","NA","NA","B","RFA=Radiofrequency ablation; VATS=Video-assisted thorascopic surgery; OLT=Orthotopic liver transplantation; AFP=Alpha-fetoprotein"
