"","study.accession","experiment.accession","gap_accession","gap_parent_phs","submitter.handle","biospecimen.repository","study.name","study.design","biospecimen.repository.sample.id","submitted.sample.id","submitted.subject.id","gap_sample_id","gap_subject_id","sex","study.disease","body.site","histological.type","analyte.type","is.tumor","subject.is.affected","gap_consent_code","gap_consent_short_name"
"1","SRP036561","SRX535311","phs000530","phs000235","CGCI","CGCI","CGCI: HIV+ Tumor Molecular Characterization Project - Lung Cancer (HTMCP - LC)","Tumor vs. Matched-Normal","HTMCP-02-04-01015-01A-01D","HTMCP-02-04-01015-01A-01D","HTMCP-02-04-01015","968123","736674","female","Lymphoma, AIDS-Related","lung","Lung (HIV+)","DNA","Yes","Yes","1","DS-CA-MDS"
"2","SRP036561","SRX534919","phs000530","phs000235","CGCI","CGCI","CGCI: HIV+ Tumor Molecular Characterization Project - Lung Cancer (HTMCP - LC)","Tumor vs. Matched-Normal","HTMCP-02-03-01002-11A-01D","HTMCP-02-03-01002-11A-01D","HTMCP-02-03-01002","968092","736663","female","Lymphoma, AIDS-Related","lung","Lung (HIV+)","DNA","No","Yes","1","DS-CA-MDS"
"3","SRP036561","SRX534925","phs000530","phs000235","CGCI","CGCI","CGCI: HIV+ Tumor Molecular Characterization Project - Lung Cancer (HTMCP - LC)","Tumor vs. Matched-Normal","HTMCP-02-03-01016-01A-01D","HTMCP-02-03-01016-01A-01D","HTMCP-02-03-01016","968114","736671","female","Lymphoma, AIDS-Related","lung","Lung (HIV+)","DNA","Yes","Yes","1","DS-CA-MDS"
"4","SRP036561","SRX516179","phs000530","phs000235","CGCI","CGCI","CGCI: HIV+ Tumor Molecular Characterization Project - Lung Cancer (HTMCP - LC)","Tumor vs. Matched-Normal","HTMCP-02-03-01017-01A-01R","HTMCP-02-03-01017-01A-01R","HTMCP-02-03-01017","968118","736672","female","Lymphoma, AIDS-Related","lung","Lung (HIV+)","RNA","Yes","Yes","1","DS-CA-MDS"
"5","SRP036561","SRX463741","phs000530","phs000235","CGCI","CGCI","CGCI: HIV+ Tumor Molecular Characterization Project - Lung Cancer (HTMCP - LC)","Tumor vs. Matched-Normal","HTMCP-02-03-01018-01A-01R","HTMCP-02-03-01018-01A-01R","HTMCP-02-03-01018","968121","736673","male","Lymphoma, AIDS-Related","lung","Lung (HIV+)","RNA","Yes","Yes","1","DS-CA-MDS"
"6","SRP036561","SRX516178","phs000530","phs000235","CGCI","CGCI","CGCI: HIV+ Tumor Molecular Characterization Project - Lung Cancer (HTMCP - LC)","Tumor vs. Matched-Normal","HTMCP-02-04-01015-01A-01R","HTMCP-02-04-01015-01A-01R","HTMCP-02-04-01015","968124","736674","female","Lymphoma, AIDS-Related","lung","Lung (HIV+)","RNA","Yes","Yes","1","DS-CA-MDS"
"7","SRP036561","SRX535314","phs000530","phs000235","CGCI","CGCI","CGCI: HIV+ Tumor Molecular Characterization Project - Lung Cancer (HTMCP - LC)","Tumor vs. Matched-Normal","HTMCP-02-04-01015-11A-01D","HTMCP-02-04-01015-11A-01D","HTMCP-02-04-01015","968125","736674","female","Lymphoma, AIDS-Related","lung","Lung (HIV+)","DNA","No","Yes","1","DS-CA-MDS"
"8","SRP036561","SRX463734","phs000530","phs000235","CGCI","CGCI","CGCI: HIV+ Tumor Molecular Characterization Project - Lung Cancer (HTMCP - LC)","Tumor vs. Matched-Normal","HTMCP-02-03-01003-01A-01R","HTMCP-02-03-01003-01A-01R","HTMCP-02-03-01003","968094","736664","male","Lymphoma, AIDS-Related","lung","Lung (HIV+)","RNA","Yes","Yes","1","DS-CA-MDS"
"9","SRP036561","SRX516181","phs000530","phs000235","CGCI","CGCI","CGCI: HIV+ Tumor Molecular Characterization Project - Lung Cancer (HTMCP - LC)","Tumor vs. Matched-Normal","HTMCP-02-03-01005-01A-01R","HTMCP-02-03-01005-01A-01R","HTMCP-02-03-01005","968100","736666","male","Lymphoma, AIDS-Related","lung","Lung (HIV+)","RNA","Yes","Yes","1","DS-CA-MDS"
"10","SRP036561","SRX516176","phs000530","phs000235","CGCI","CGCI","CGCI: HIV+ Tumor Molecular Characterization Project - Lung Cancer (HTMCP - LC)","Tumor vs. Matched-Normal","HTMCP-02-03-01006-01A-01R","HTMCP-02-03-01006-01A-01R","HTMCP-02-03-01006","968103","736667","male","Lymphoma, AIDS-Related","lung","Lung (HIV+)","RNA","Yes","Yes","1","DS-CA-MDS"
"11","SRP036561","SRX463739","phs000530","phs000235","CGCI","CGCI","CGCI: HIV+ Tumor Molecular Characterization Project - Lung Cancer (HTMCP - LC)","Tumor vs. Matched-Normal","HTMCP-02-03-01007-01A-01R","HTMCP-02-03-01007-01A-01R","HTMCP-02-03-01007","968106","736668","female","Lymphoma, AIDS-Related","lung","Lung (HIV+)","RNA","Yes","Yes","1","DS-CA-MDS"
"12","SRP036561","SRX534910","phs000530","phs000235","CGCI","CGCI","CGCI: HIV+ Tumor Molecular Characterization Project - Lung Cancer (HTMCP - LC)","Tumor vs. Matched-Normal","HTMCP-02-03-01011-01A-01D","HTMCP-02-03-01011-01A-01D","HTMCP-02-03-01011","968111","736670","male","Lymphoma, AIDS-Related","lung","Lung (HIV+)","DNA","Yes","Yes","1","DS-CA-MDS"
"13","SRP036561","SRX516177","phs000530","phs000235","CGCI","CGCI","CGCI: HIV+ Tumor Molecular Characterization Project - Lung Cancer (HTMCP - LC)","Tumor vs. Matched-Normal","HTMCP-02-03-01002-01A-01R","HTMCP-02-03-01002-01A-01R","HTMCP-02-03-01002","968091","736663","female","Lymphoma, AIDS-Related","lung","Lung (HIV+)","RNA","Yes","Yes","1","DS-CA-MDS"
"14","SRP036561","SRX534909","phs000530","phs000235","CGCI","CGCI","CGCI: HIV+ Tumor Molecular Characterization Project - Lung Cancer (HTMCP - LC)","Tumor vs. Matched-Normal","HTMCP-02-03-01006-11A-01D","HTMCP-02-03-01006-11A-01D","HTMCP-02-03-01006","968104","736667","male","Lymphoma, AIDS-Related","lung","Lung (HIV+)","DNA","No","Yes","1","DS-CA-MDS"
"15","SRP036561","SRX534912","phs000530","phs000235","CGCI","CGCI","CGCI: HIV+ Tumor Molecular Characterization Project - Lung Cancer (HTMCP - LC)","Tumor vs. Matched-Normal","HTMCP-02-03-01006-01A-01D","HTMCP-02-03-01006-01A-01D","HTMCP-02-03-01006","968102","736667","male","Lymphoma, AIDS-Related","lung","Lung (HIV+)","DNA","Yes","Yes","1","DS-CA-MDS"
"16","SRP036561","SRX534928","phs000530","phs000235","CGCI","CGCI","CGCI: HIV+ Tumor Molecular Characterization Project - Lung Cancer (HTMCP - LC)","Tumor vs. Matched-Normal","HTMCP-02-03-01002-01A-01D","HTMCP-02-03-01002-01A-01D","HTMCP-02-03-01002","968090","736663","female","Lymphoma, AIDS-Related","lung","Lung (HIV+)","DNA","Yes","Yes","1","DS-CA-MDS"
"17","SRP036561","SRX534918","phs000530","phs000235","CGCI","CGCI","CGCI: HIV+ Tumor Molecular Characterization Project - Lung Cancer (HTMCP - LC)","Tumor vs. Matched-Normal","HTMCP-02-03-01010-01B-01D","HTMCP-02-03-01010-01B-01D","HTMCP-02-03-01010","968108","736669","male","Lymphoma, AIDS-Related","lung","Lung (HIV+)","DNA","Yes","Yes","1","DS-CA-MDS"
"18","SRP036561","SRX534929","phs000530","phs000235","CGCI","CGCI","CGCI: HIV+ Tumor Molecular Characterization Project - Lung Cancer (HTMCP - LC)","Tumor vs. Matched-Normal","HTMCP-02-03-01003-11A-01D","HTMCP-02-03-01003-11A-01D","HTMCP-02-03-01003","968095","736664","male","Lymphoma, AIDS-Related","lung","Lung (HIV+)","DNA","No","Yes","1","DS-CA-MDS"
"19","SRP036561","SRX463736","phs000530","phs000235","CGCI","CGCI","CGCI: HIV+ Tumor Molecular Characterization Project - Lung Cancer (HTMCP - LC)","Tumor vs. Matched-Normal","HTMCP-02-03-01011-01A-01R","HTMCP-02-03-01011-01A-01R","HTMCP-02-03-01011","968112","736670","male","Lymphoma, AIDS-Related","lung","Lung (HIV+)","RNA","Yes","Yes","1","DS-CA-MDS"
"20","SRP036561","SRX463731","phs000530","phs000235","CGCI","CGCI","CGCI: HIV+ Tumor Molecular Characterization Project - Lung Cancer (HTMCP - LC)","Tumor vs. Matched-Normal","HTMCP-02-03-01006-01A-01R","HTMCP-02-03-01006-01A-01R","HTMCP-02-03-01006","968103","736667","male","Lymphoma, AIDS-Related","lung","Lung (HIV+)","RNA","Yes","Yes","1","DS-CA-MDS"
"21","SRP036561","SRX534915","phs000530","phs000235","CGCI","CGCI","CGCI: HIV+ Tumor Molecular Characterization Project - Lung Cancer (HTMCP - LC)","Tumor vs. Matched-Normal","HTMCP-02-03-01007-11A-01D","HTMCP-02-03-01007-11A-01D","HTMCP-02-03-01007","968107","736668","female","Lymphoma, AIDS-Related","lung","Lung (HIV+)","DNA","No","Yes","1","DS-CA-MDS"
"22","SRP036561","SRX516184","phs000530","phs000235","CGCI","CGCI","CGCI: HIV+ Tumor Molecular Characterization Project - Lung Cancer (HTMCP - LC)","Tumor vs. Matched-Normal","HTMCP-02-03-01010-01B-01R","HTMCP-02-03-01010-01B-01R","HTMCP-02-03-01010","968109","736669","male","Lymphoma, AIDS-Related","lung","Lung (HIV+)","RNA","Yes","Yes","1","DS-CA-MDS"
"23","SRP036561","SRX516175","phs000530","phs000235","CGCI","CGCI","CGCI: HIV+ Tumor Molecular Characterization Project - Lung Cancer (HTMCP - LC)","Tumor vs. Matched-Normal","HTMCP-02-01-01022-01A-01R","HTMCP-02-01-01022-01A-01R","HTMCP-02-01-01022","968088","736662","male","Lymphoma, AIDS-Related","lung","Lung (HIV+)","RNA","Yes","Yes","1","DS-CA-MDS"
"24","SRP036561","SRX516180","phs000530","phs000235","CGCI","CGCI","CGCI: HIV+ Tumor Molecular Characterization Project - Lung Cancer (HTMCP - LC)","Tumor vs. Matched-Normal","HTMCP-02-03-01003-01A-01R","HTMCP-02-03-01003-01A-01R","HTMCP-02-03-01003","968094","736664","male","Lymphoma, AIDS-Related","lung","Lung (HIV+)","RNA","Yes","Yes","1","DS-CA-MDS"
"25","SRP036561","SRX463732","phs000530","phs000235","CGCI","CGCI","CGCI: HIV+ Tumor Molecular Characterization Project - Lung Cancer (HTMCP - LC)","Tumor vs. Matched-Normal","HTMCP-02-03-01010-01B-01R","HTMCP-02-03-01010-01B-01R","HTMCP-02-03-01010","968109","736669","male","Lymphoma, AIDS-Related","lung","Lung (HIV+)","RNA","Yes","Yes","1","DS-CA-MDS"
"26","SRP036561","SRX516175","phs000530","phs000235","CGCI","CGCI","CGCI: HIV+ Tumor Molecular Characterization Project - Lung Cancer (HTMCP - LC)","Tumor vs. Matched-Normal","HTMCP-02-01-01022-01A-01R","HTMCP-02-01-01022-01A-01R","HTMCP-02-01-01022","968088","736662","male","Lymphoma, AIDS-Related","lung","Lung (HIV+)","RNA","Yes","Yes","1","DS-CA-MDS"
"27","SRP036561","SRX463733","phs000530","phs000235","CGCI","CGCI","CGCI: HIV+ Tumor Molecular Characterization Project - Lung Cancer (HTMCP - LC)","Tumor vs. Matched-Normal","HTMCP-02-03-01004-01A-01R","HTMCP-02-03-01004-01A-01R","HTMCP-02-03-01004","968097","736665","male","Lymphoma, AIDS-Related","lung","Lung (HIV+)","RNA","Yes","Yes","1","DS-CA-MDS"
"28","SRP036561","SRX535312","phs000530","phs000235","CGCI","CGCI","CGCI: HIV+ Tumor Molecular Characterization Project - Lung Cancer (HTMCP - LC)","Tumor vs. Matched-Normal","HTMCP-02-03-01018-01A-01D","HTMCP-02-03-01018-01A-01D","HTMCP-02-03-01018","968120","736673","male","Lymphoma, AIDS-Related","lung","Lung (HIV+)","DNA","Yes","Yes","1","DS-CA-MDS"
"29","SRP036561","SRX516183","phs000530","phs000235","CGCI","CGCI","CGCI: HIV+ Tumor Molecular Characterization Project - Lung Cancer (HTMCP - LC)","Tumor vs. Matched-Normal","HTMCP-02-03-01004-01A-01R","HTMCP-02-03-01004-01A-01R","HTMCP-02-03-01004","968097","736665","male","Lymphoma, AIDS-Related","lung","Lung (HIV+)","RNA","Yes","Yes","1","DS-CA-MDS"
"30","SRP036561","SRX463737","phs000530","phs000235","CGCI","CGCI","CGCI: HIV+ Tumor Molecular Characterization Project - Lung Cancer (HTMCP - LC)","Tumor vs. Matched-Normal","HTMCP-02-03-01005-01A-01R","HTMCP-02-03-01005-01A-01R","HTMCP-02-03-01005","968100","736666","male","Lymphoma, AIDS-Related","lung","Lung (HIV+)","RNA","Yes","Yes","1","DS-CA-MDS"
"31","SRP036561","SRX534926","phs000530","phs000235","CGCI","CGCI","CGCI: HIV+ Tumor Molecular Characterization Project - Lung Cancer (HTMCP - LC)","Tumor vs. Matched-Normal","HTMCP-02-03-01017-01A-01D","HTMCP-02-03-01017-01A-01D","HTMCP-02-03-01017","968117","736672","female","Lymphoma, AIDS-Related","lung","Lung (HIV+)","DNA","Yes","Yes","1","DS-CA-MDS"
"32","SRP036561","SRX534922","phs000530","phs000235","CGCI","CGCI","CGCI: HIV+ Tumor Molecular Characterization Project - Lung Cancer (HTMCP - LC)","Tumor vs. Matched-Normal","HTMCP-02-01-01022-01A-01D","HTMCP-02-01-01022-01A-01D","HTMCP-02-01-01022","968087","736662","male","Lymphoma, AIDS-Related","lung","Lung (HIV+)","DNA","Yes","Yes","1","DS-CA-MDS"
"33","SRP036561","SRX535313","phs000530","phs000235","CGCI","CGCI","CGCI: HIV+ Tumor Molecular Characterization Project - Lung Cancer (HTMCP - LC)","Tumor vs. Matched-Normal","HTMCP-02-03-01018-11B-01D","HTMCP-02-03-01018-11B-01D","HTMCP-02-03-01018","968122","736673","male","Lymphoma, AIDS-Related","lung","Lung (HIV+)","DNA","No","Yes","1","DS-CA-MDS"
"34","SRP036561","SRX534924","phs000530","phs000235","CGCI","CGCI","CGCI: HIV+ Tumor Molecular Characterization Project - Lung Cancer (HTMCP - LC)","Tumor vs. Matched-Normal","HTMCP-02-03-01010-11A-01D","HTMCP-02-03-01010-11A-01D","HTMCP-02-03-01010","968110","736669","male","Lymphoma, AIDS-Related","lung","Lung (HIV+)","DNA","No","Yes","1","DS-CA-MDS"
"35","SRP036561","SRX516182","phs000530","phs000235","CGCI","CGCI","CGCI: HIV+ Tumor Molecular Characterization Project - Lung Cancer (HTMCP - LC)","Tumor vs. Matched-Normal","HTMCP-02-03-01018-01A-01R","HTMCP-02-03-01018-01A-01R","HTMCP-02-03-01018","968121","736673","male","Lymphoma, AIDS-Related","lung","Lung (HIV+)","RNA","Yes","Yes","1","DS-CA-MDS"
"36","SRP036561","SRX463742","phs000530","phs000235","CGCI","CGCI","CGCI: HIV+ Tumor Molecular Characterization Project - Lung Cancer (HTMCP - LC)","Tumor vs. Matched-Normal","HTMCP-02-03-01016-01A-01R","HTMCP-02-03-01016-01A-01R","HTMCP-02-03-01016","968115","736671","female","Lymphoma, AIDS-Related","lung","Lung (HIV+)","RNA","Yes","Yes","1","DS-CA-MDS"
"37","SRP036561","SRX516180","phs000530","phs000235","CGCI","CGCI","CGCI: HIV+ Tumor Molecular Characterization Project - Lung Cancer (HTMCP - LC)","Tumor vs. Matched-Normal","HTMCP-02-03-01003-01A-01R","HTMCP-02-03-01003-01A-01R","HTMCP-02-03-01003","968094","736664","male","Lymphoma, AIDS-Related","lung","Lung (HIV+)","RNA","Yes","Yes","1","DS-CA-MDS"
"38","SRP036561","SRX516174","phs000530","phs000235","CGCI","CGCI","CGCI: HIV+ Tumor Molecular Characterization Project - Lung Cancer (HTMCP - LC)","Tumor vs. Matched-Normal","HTMCP-02-03-01007-01A-01R","HTMCP-02-03-01007-01A-01R","HTMCP-02-03-01007","968106","736668","female","Lymphoma, AIDS-Related","lung","Lung (HIV+)","RNA","Yes","Yes","1","DS-CA-MDS"
"39","SRP036561","SRX534917","phs000530","phs000235","CGCI","CGCI","CGCI: HIV+ Tumor Molecular Characterization Project - Lung Cancer (HTMCP - LC)","Tumor vs. Matched-Normal","HTMCP-02-01-01022-11A-01D","HTMCP-02-01-01022-11A-01D","HTMCP-02-01-01022","968089","736662","male","Lymphoma, AIDS-Related","pancreas","Lung (HIV+)","DNA","No","Yes","1","DS-CA-MDS"
"40","SRP036561","SRX463735","phs000530","phs000235","CGCI","CGCI","CGCI: HIV+ Tumor Molecular Characterization Project - Lung Cancer (HTMCP - LC)","Tumor vs. Matched-Normal","HTMCP-02-03-01017-01A-01R","HTMCP-02-03-01017-01A-01R","HTMCP-02-03-01017","968118","736672","female","Lymphoma, AIDS-Related","lung","Lung (HIV+)","RNA","Yes","Yes","1","DS-CA-MDS"
"41","SRP036561","SRX516182","phs000530","phs000235","CGCI","CGCI","CGCI: HIV+ Tumor Molecular Characterization Project - Lung Cancer (HTMCP - LC)","Tumor vs. Matched-Normal","HTMCP-02-03-01018-01A-01R","HTMCP-02-03-01018-01A-01R","HTMCP-02-03-01018","968121","736673","male","Lymphoma, AIDS-Related","lung","Lung (HIV+)","RNA","Yes","Yes","1","DS-CA-MDS"
"42","SRP036561","SRX516184","phs000530","phs000235","CGCI","CGCI","CGCI: HIV+ Tumor Molecular Characterization Project - Lung Cancer (HTMCP - LC)","Tumor vs. Matched-Normal","HTMCP-02-03-01010-01B-01R","HTMCP-02-03-01010-01B-01R","HTMCP-02-03-01010","968109","736669","male","Lymphoma, AIDS-Related","lung","Lung (HIV+)","RNA","Yes","Yes","1","DS-CA-MDS"
"43","SRP036561","SRX463740","phs000530","phs000235","CGCI","CGCI","CGCI: HIV+ Tumor Molecular Characterization Project - Lung Cancer (HTMCP - LC)","Tumor vs. Matched-Normal","HTMCP-02-04-01015-01A-01R","HTMCP-02-04-01015-01A-01R","HTMCP-02-04-01015","968124","736674","female","Lymphoma, AIDS-Related","lung","Lung (HIV+)","RNA","Yes","Yes","1","DS-CA-MDS"
"44","SRP036561","SRX534921","phs000530","phs000235","CGCI","CGCI","CGCI: HIV+ Tumor Molecular Characterization Project - Lung Cancer (HTMCP - LC)","Tumor vs. Matched-Normal","HTMCP-02-03-01011-11A-01D","HTMCP-02-03-01011-11A-01D","HTMCP-02-03-01011","968113","736670","male","Lymphoma, AIDS-Related","lung","Lung (HIV+)","DNA","No","Yes","1","DS-CA-MDS"
"45","SRP036561","SRX534920","phs000530","phs000235","CGCI","CGCI","CGCI: HIV+ Tumor Molecular Characterization Project - Lung Cancer (HTMCP - LC)","Tumor vs. Matched-Normal","HTMCP-02-03-01003-01A-01D","HTMCP-02-03-01003-01A-01D","HTMCP-02-03-01003","968093","736664","male","Lymphoma, AIDS-Related","lung","Lung (HIV+)","DNA","Yes","Yes","1","DS-CA-MDS"
"46","SRP036561","SRX516173","phs000530","phs000235","CGCI","CGCI","CGCI: HIV+ Tumor Molecular Characterization Project - Lung Cancer (HTMCP - LC)","Tumor vs. Matched-Normal","HTMCP-02-03-01016-01A-01R","HTMCP-02-03-01016-01A-01R","HTMCP-02-03-01016","968115","736671","female","Lymphoma, AIDS-Related","lung","Lung (HIV+)","RNA","Yes","Yes","1","DS-CA-MDS"
"47","SRP036561","SRX516178","phs000530","phs000235","CGCI","CGCI","CGCI: HIV+ Tumor Molecular Characterization Project - Lung Cancer (HTMCP - LC)","Tumor vs. Matched-Normal","HTMCP-02-04-01015-01A-01R","HTMCP-02-04-01015-01A-01R","HTMCP-02-04-01015","968124","736674","female","Lymphoma, AIDS-Related","lung","Lung (HIV+)","RNA","Yes","Yes","1","DS-CA-MDS"
"48","SRP036561","SRX534911","phs000530","phs000235","CGCI","CGCI","CGCI: HIV+ Tumor Molecular Characterization Project - Lung Cancer (HTMCP - LC)","Tumor vs. Matched-Normal","HTMCP-02-03-01005-11A-01D","HTMCP-02-03-01005-11A-01D","HTMCP-02-03-01005","968101","736666","male","Lymphoma, AIDS-Related","lung","Lung (HIV+)","DNA","No","Yes","1","DS-CA-MDS"
"49","SRP036561","SRX534908","phs000530","phs000235","CGCI","CGCI","CGCI: HIV+ Tumor Molecular Characterization Project - Lung Cancer (HTMCP - LC)","Tumor vs. Matched-Normal","HTMCP-02-03-01017-11A-01D","HTMCP-02-03-01017-11A-01D","HTMCP-02-03-01017","968119","736672","female","Lymphoma, AIDS-Related","lung","Lung (HIV+)","DNA","No","Yes","1","DS-CA-MDS"
"50","SRP036561","SRX463738","phs000530","phs000235","CGCI","CGCI","CGCI: HIV+ Tumor Molecular Characterization Project - Lung Cancer (HTMCP - LC)","Tumor vs. Matched-Normal","HTMCP-02-01-01022-01A-01R","HTMCP-02-01-01022-01A-01R","HTMCP-02-01-01022","968088","736662","male","Lymphoma, AIDS-Related","lung","Lung (HIV+)","RNA","Yes","Yes","1","DS-CA-MDS"
"51","SRP036561","SRX534927","phs000530","phs000235","CGCI","CGCI","CGCI: HIV+ Tumor Molecular Characterization Project - Lung Cancer (HTMCP - LC)","Tumor vs. Matched-Normal","HTMCP-02-03-01004-01A-01D","HTMCP-02-03-01004-01A-01D","HTMCP-02-03-01004","968096","736665","male","Lymphoma, AIDS-Related","lung","Lung (HIV+)","DNA","Yes","Yes","1","DS-CA-MDS"
"52","SRP036561","SRX516173","phs000530","phs000235","CGCI","CGCI","CGCI: HIV+ Tumor Molecular Characterization Project - Lung Cancer (HTMCP - LC)","Tumor vs. Matched-Normal","HTMCP-02-03-01016-01A-01R","HTMCP-02-03-01016-01A-01R","HTMCP-02-03-01016","968115","736671","female","Lymphoma, AIDS-Related","lung","Lung (HIV+)","RNA","Yes","Yes","1","DS-CA-MDS"
"53","SRP036561","SRX534914","phs000530","phs000235","CGCI","CGCI","CGCI: HIV+ Tumor Molecular Characterization Project - Lung Cancer (HTMCP - LC)","Tumor vs. Matched-Normal","HTMCP-02-03-01016-11A-01D","HTMCP-02-03-01016-11A-01D","HTMCP-02-03-01016","968116","736671","female","Lymphoma, AIDS-Related","lung","Lung (HIV+)","DNA","No","Yes","1","DS-CA-MDS"
"54","SRP036561","SRX534923","phs000530","phs000235","CGCI","CGCI","CGCI: HIV+ Tumor Molecular Characterization Project - Lung Cancer (HTMCP - LC)","Tumor vs. Matched-Normal","HTMCP-02-03-01005-01A-01D","HTMCP-02-03-01005-01A-01D","HTMCP-02-03-01005","968099","736666","male","Lymphoma, AIDS-Related","lung","Lung (HIV+)","DNA","Yes","Yes","1","DS-CA-MDS"
"55","SRP036561","SRX463743","phs000530","phs000235","CGCI","CGCI","CGCI: HIV+ Tumor Molecular Characterization Project - Lung Cancer (HTMCP - LC)","Tumor vs. Matched-Normal","HTMCP-02-03-01002-01A-01R","HTMCP-02-03-01002-01A-01R","HTMCP-02-03-01002","968091","736663","female","Lymphoma, AIDS-Related","lung","Lung (HIV+)","RNA","Yes","Yes","1","DS-CA-MDS"
"56","SRP036561","SRX516176","phs000530","phs000235","CGCI","CGCI","CGCI: HIV+ Tumor Molecular Characterization Project - Lung Cancer (HTMCP - LC)","Tumor vs. Matched-Normal","HTMCP-02-03-01006-01A-01R","HTMCP-02-03-01006-01A-01R","HTMCP-02-03-01006","968103","736667","male","Lymphoma, AIDS-Related","lung","Lung (HIV+)","RNA","Yes","Yes","1","DS-CA-MDS"
"57","SRP036561","SRX516177","phs000530","phs000235","CGCI","CGCI","CGCI: HIV+ Tumor Molecular Characterization Project - Lung Cancer (HTMCP - LC)","Tumor vs. Matched-Normal","HTMCP-02-03-01002-01A-01R","HTMCP-02-03-01002-01A-01R","HTMCP-02-03-01002","968091","736663","female","Lymphoma, AIDS-Related","lung","Lung (HIV+)","RNA","Yes","Yes","1","DS-CA-MDS"
"58","SRP036561","SRX534916","phs000530","phs000235","CGCI","CGCI","CGCI: HIV+ Tumor Molecular Characterization Project - Lung Cancer (HTMCP - LC)","Tumor vs. Matched-Normal","HTMCP-02-03-01004-11A-01D","HTMCP-02-03-01004-11A-01D","HTMCP-02-03-01004","968098","736665","male","Lymphoma, AIDS-Related","lung","Lung (HIV+)","DNA","No","Yes","1","DS-CA-MDS"
"59","SRP036561","SRX516181","phs000530","phs000235","CGCI","CGCI","CGCI: HIV+ Tumor Molecular Characterization Project - Lung Cancer (HTMCP - LC)","Tumor vs. Matched-Normal","HTMCP-02-03-01005-01A-01R","HTMCP-02-03-01005-01A-01R","HTMCP-02-03-01005","968100","736666","male","Lymphoma, AIDS-Related","lung","Lung (HIV+)","RNA","Yes","Yes","1","DS-CA-MDS"
"60","SRP036561","SRX516179","phs000530","phs000235","CGCI","CGCI","CGCI: HIV+ Tumor Molecular Characterization Project - Lung Cancer (HTMCP - LC)","Tumor vs. Matched-Normal","HTMCP-02-03-01017-01A-01R","HTMCP-02-03-01017-01A-01R","HTMCP-02-03-01017","968118","736672","female","Lymphoma, AIDS-Related","lung","Lung (HIV+)","RNA","Yes","Yes","1","DS-CA-MDS"
"61","SRP036561","SRX516183","phs000530","phs000235","CGCI","CGCI","CGCI: HIV+ Tumor Molecular Characterization Project - Lung Cancer (HTMCP - LC)","Tumor vs. Matched-Normal","HTMCP-02-03-01004-01A-01R","HTMCP-02-03-01004-01A-01R","HTMCP-02-03-01004","968097","736665","male","Lymphoma, AIDS-Related","lung","Lung (HIV+)","RNA","Yes","Yes","1","DS-CA-MDS"
"62","SRP036561","SRX534913","phs000530","phs000235","CGCI","CGCI","CGCI: HIV+ Tumor Molecular Characterization Project - Lung Cancer (HTMCP - LC)","Tumor vs. Matched-Normal","HTMCP-02-03-01007-01A-01D","HTMCP-02-03-01007-01A-01D","HTMCP-02-03-01007","968105","736668","female","Lymphoma, AIDS-Related","lung","Lung (HIV+)","DNA","Yes","Yes","1","DS-CA-MDS"
"63","SRP036561","SRX516174","phs000530","phs000235","CGCI","CGCI","CGCI: HIV+ Tumor Molecular Characterization Project - Lung Cancer (HTMCP - LC)","Tumor vs. Matched-Normal","HTMCP-02-03-01007-01A-01R","HTMCP-02-03-01007-01A-01R","HTMCP-02-03-01007","968106","736668","female","Lymphoma, AIDS-Related","lung","Lung (HIV+)","RNA","Yes","Yes","1","DS-CA-MDS"
