"","study.accession","experiment.accession","source_name","cell.line"
"1","SRP063510","SRX1212651","Prostate cancer cell line","LNCaP"
"2","SRP063510","SRX1212654","Prostate cancer cell line","LNCaP"
"3","SRP063510","SRX1212649","Prostate cancer cell line","LNCaP"
"4","SRP063510","SRX1212650","Prostate cancer cell line","LNCaP"
"5","SRP063510","SRX1212656","Prostate cancer cell line","LNCaP"
"6","SRP063510","SRX1212652","Prostate cancer cell line","LNCaP"
"7","SRP063510","SRX1212653","Prostate cancer cell line","LNCaP"
"8","SRP063510","SRX1212655","Prostate cancer cell line","LNCaP"
"9","SRP063510","SRX1212648","Prostate cancer cell line","LNCaP"
