"","study.accession","experiment.accession","source_name","cell.line","tissue"
"1","SRP055863","SRX900961","A549 cell line_with_glucose","A549","lung carcinoma"
"2","SRP055863","SRX900965","A549 cell line_without_glucose","A549","lung carcinoma"
"3","SRP055863","SRX900960","A549 cell line_with_glucose","A549","lung carcinoma"
"4","SRP055863","SRX900963","A549 cell line_without_glucose","A549","lung carcinoma"
"5","SRP055863","SRX900962","A549 cell line_with_glucose","A549","lung carcinoma"
"6","SRP055863","SRX900964","A549 cell line_without_glucose","A549","lung carcinoma"
