"","study.accession","experiment.accession","source_name","cell.line","treatment"
"1","SRP053048","SRX863221","in vitro transformed human skin fibroblasts","CSC_shH1.0-2","washDOX (4d after Dox removal)"
"2","SRP053048","SRX863212","in vitro transformed human skin fibroblasts","CSC_shH1.0-2","NT (uninduced)"
"3","SRP053048","SRX863222","in vitro transformed human skin fibroblasts","CSC_shH1.0-2","washDOX (4d after Dox removal)"
"4","SRP053048","SRX863216","in vitro transformed human skin fibroblasts","CSC_shH1.0-2","SHOT (16h Dox)"
"5","SRP053048","SRX863217","in vitro transformed human skin fibroblasts","CSC_shH1.0-2","DOX (14d Dox)"
"6","SRP053048","SRX863214","in vitro transformed human skin fibroblasts","CSC_shH1.0-2","SHOT (16h Dox)"
"7","SRP053048","SRX863219","in vitro transformed human skin fibroblasts","CSC_shH1.0-2","DOX (14d Dox)"
"8","SRP053048","SRX863203","in vitro transformed human skin fibroblasts","CSC_shH1.0-1","SHOT (16h Dox)"
"9","SRP053048","SRX863208","in vitro transformed human skin fibroblasts","CSC_shH1.0-1","washDOX (4d after Dox removal)"
"10","SRP053048","SRX863210","in vitro transformed human skin fibroblasts","CSC_shH1.0-1","washDOX (4d after Dox removal)"
"11","SRP053048","SRX863206","in vitro transformed human skin fibroblasts","CSC_shH1.0-1","DOX (14d Dox)"
"12","SRP053048","SRX863202","in vitro transformed human skin fibroblasts","CSC_shH1.0-1","SHOT (16h Dox)"
"13","SRP053048","SRX863200","in vitro transformed human skin fibroblasts","CSC_shH1.0-1","NT (uninduced)"
"14","SRP053048","SRX863201","in vitro transformed human skin fibroblasts","CSC_shH1.0-1","NT (uninduced)"
"15","SRP053048","SRX863211","in vitro transformed human skin fibroblasts","CSC_shH1.0-2","NT (uninduced)"
"16","SRP053048","SRX863215","in vitro transformed human skin fibroblasts","CSC_shH1.0-2","SHOT (16h Dox)"
"17","SRP053048","SRX863204","in vitro transformed human skin fibroblasts","CSC_shH1.0-1","SHOT (16h Dox)"
"18","SRP053048","SRX863218","in vitro transformed human skin fibroblasts","CSC_shH1.0-2","DOX (14d Dox)"
"19","SRP053048","SRX863213","in vitro transformed human skin fibroblasts","CSC_shH1.0-2","NT (uninduced)"
"20","SRP053048","SRX863199","in vitro transformed human skin fibroblasts","CSC_shH1.0-1","NT (uninduced)"
"21","SRP053048","SRX863205","in vitro transformed human skin fibroblasts","CSC_shH1.0-1","DOX (14d Dox)"
"22","SRP053048","SRX863209","in vitro transformed human skin fibroblasts","CSC_shH1.0-1","washDOX (4d after Dox removal)"
"23","SRP053048","SRX863207","in vitro transformed human skin fibroblasts","CSC_shH1.0-1","DOX (14d Dox)"
"24","SRP053048","SRX863220","in vitro transformed human skin fibroblasts","CSC_shH1.0-2","washDOX (4d after Dox removal)"
