"","study.accession","experiment.accession","source_name","biomaterial_provider","growth.media","cell.line","cell.type"
"1","SRP063620","SRX1225216","breast medullary carcinoma","ATCC CRL-7721","L-15 Leibovitz","MB-157","breast medullary carcinoma"
"2","SRP063620","SRX1225214","colorectal metastatic adenocarcinoma","ATCC CCL-253","RPM1-1640","NCI-H508","colorectal metastatic adenocarcinoma"
"3","SRP063620","SRX1225212","breast adenocarcinoma","ATCC CRL-2351","RPM1-1640","AU565","breast adenocarcinoma"
"4","SRP063620","SRX1225208","glioblastoma","Professor Nori Kasahara UCLA","DMEM","U-87","glioblastoma"
"5","SRP063620","SRX1225213","colorectal primary adenocarcinoma","ATCC HTB-38","McCoy<U+2019>s 5A","HTB-38","colorectal primary adenocarcinoma"
"6","SRP063620","SRX1225210","glioblastoma","Professor Walter Gunzburg, Institute of Anatomy, Histology and Embryology, University of Veterinary Medicine, Vienna, Austria","DMEM","8-MG","glioblastoma"
"7","SRP063620","SRX1225209","glioblastoma","ATCC CRL-1690","DMEM","T98G","glioblastoma"
"8","SRP063620","SRX1225215","human colorectal metastatic adenocarcinoma","ATCC CCL-222","RPM1-1640","COLO 205","human colorectal metastatic adenocarcinoma"
"9","SRP063620","SRX1225211","glioblastoma","Professor Walter Gunzburg, Institute of Anatomy, Histology and Embryology, University of Veterinary Medicine, Vienna, Austria","DMEM","42-MG","glioblastoma"
