"","study.accession","experiment.accession","source_name","cell.line","sample.type","treatment"
"1","SRP010679","SRX118286","PC3 human prostate cancer cells","PC3","ribosome protected RNA","vehicle"
"2","SRP010679","SRX118291","PC3 human prostate cancer cells","PC3","polyA RNA","vehicle"
"3","SRP010679","SRX118294","PC3 human prostate cancer cells","PC3","ribosome protected RNA","rapamycin"
"4","SRP010679","SRX118288","PC3 human prostate cancer cells","PC3","ribosome protected RNA","rapamycin"
"5","SRP010679","SRX118287","PC3 human prostate cancer cells","PC3","polyA RNA","rapamycin"
"6","SRP010679","SRX118296","PC3 human prostate cancer cells","PC3","ribosome protected RNA","PP242"
"7","SRP010679","SRX118285","PC3 human prostate cancer cells","PC3","polyA RNA","vehicle"
"8","SRP010679","SRX118293","PC3 human prostate cancer cells","PC3","polyA RNA","rapamycin"
"9","SRP010679","SRX118295","PC3 human prostate cancer cells","PC3","polyA RNA","PP242"
"10","SRP010679","SRX118290","PC3 human prostate cancer cells","PC3","ribosome protected RNA","PP242"
"11","SRP010679","SRX118292","PC3 human prostate cancer cells","PC3","ribosome protected RNA","vehicle"
"12","SRP010679","SRX118289","PC3 human prostate cancer cells","PC3","polyA RNA","PP242"
