"","study.accession","experiment.accession","source_name","cell.line","cell.type","lentiviral.infection","treated.with","sample.group","RNAi"
"1","SRP034832","SRX1515439","IMR-32 neuroblastoma cells","IMR-32","neuroblastoma cells","non-infected",NA,NA,NA
"2","SRP034832","SRX1515442","IMR-32 neuroblastoma cells","IMR-32","neuroblastoma cells","infected with Y3 wt RNA",NA,NA,NA
"3","SRP034832","SRX1250597","RNAseq_IMR-32_mock_UV","IMR-32","neuroblastoma cells",NA,"mock RNAi for 96hrs","UV stressed: 0.5mJ/cm2","mock"
"4","SRP034832","SRX1250595","RNAseq_IMR-32_mock_UV","IMR-32","neuroblastoma cells",NA,"mock RNAi for 96hrs","UV stressed: 0.5mJ/cm2","mock"
"5","SRP034832","SRX1250591","RNAseq_IMR-32_mock_noUV","IMR-32","neuroblastoma cells",NA,"mock RNAi for 96hrs","non-stressed","mock"
"6","SRP034832","SRX1515439","IMR-32 neuroblastoma cells","IMR-32","neuroblastoma cells","non-infected",NA,NA,NA
"7","SRP034832","SRX1515444","IMR-32 neuroblastoma cells","IMR-32","neuroblastoma cells","infected with Y3 mut RNA",NA,NA,NA
"8","SRP034832","SRX1515445","IMR-32 neuroblastoma cells","IMR-32","neuroblastoma cells","infected with Y3 mut RNA",NA,NA,NA
"9","SRP034832","SRX1515437","IMR-32 neuroblastoma cells","IMR-32","neuroblastoma cells","non-infected",NA,NA,NA
"10","SRP034832","SRX1250596","RNAseq_IMR-32_mock_UV","IMR-32","neuroblastoma cells",NA,"mock RNAi for 96hrs","UV stressed: 0.5mJ/cm2","mock"
"11","SRP034832","SRX1515441","IMR-32 neuroblastoma cells","IMR-32","neuroblastoma cells","infected with Y3 wt RNA",NA,NA,NA
"12","SRP034832","SRX1515444","IMR-32 neuroblastoma cells","IMR-32","neuroblastoma cells","infected with Y3 mut RNA",NA,NA,NA
"13","SRP034832","SRX1515438","IMR-32 neuroblastoma cells","IMR-32","neuroblastoma cells","non-infected",NA,NA,NA
"14","SRP034832","SRX1515437","IMR-32 neuroblastoma cells","IMR-32","neuroblastoma cells","non-infected",NA,NA,NA
"15","SRP034832","SRX1250599","RNAseq_IMR-32_nELAVL_UV","IMR-32","neuroblastoma cells",NA,"nELAVL RNAi for 96hrs","UV stressed: 0.5mJ/cm2","nELAVL"
"16","SRP034832","SRX1250593","RNAseq_IMR-32_nELAVL_noUV","IMR-32","neuroblastoma cells",NA,"nELAVL RNAi for 96hrs","non-stressed","nELAVL"
"17","SRP034832","SRX1515440","IMR-32 neuroblastoma cells","IMR-32","neuroblastoma cells","infected with Y3 wt RNA",NA,NA,NA
"18","SRP034832","SRX1250594","RNAseq_IMR-32_nELAVL_noUV","IMR-32","neuroblastoma cells",NA,"nELAVL RNAi for 96hrs","non-stressed","nELAVL"
"19","SRP034832","SRX1515443","IMR-32 neuroblastoma cells","IMR-32","neuroblastoma cells","infected with Y3 mut RNA",NA,NA,NA
"20","SRP034832","SRX1250589","RNAseq_IMR-32_mock_noUV","IMR-32","neuroblastoma cells",NA,"mock RNAi for 96hrs","non-stressed","mock"
"21","SRP034832","SRX1515445","IMR-32 neuroblastoma cells","IMR-32","neuroblastoma cells","infected with Y3 mut RNA",NA,NA,NA
"22","SRP034832","SRX1515440","IMR-32 neuroblastoma cells","IMR-32","neuroblastoma cells","infected with Y3 wt RNA",NA,NA,NA
"23","SRP034832","SRX1250590","RNAseq_IMR-32_mock_noUV","IMR-32","neuroblastoma cells",NA,"mock RNAi for 96hrs","non-stressed","mock"
"24","SRP034832","SRX1515441","IMR-32 neuroblastoma cells","IMR-32","neuroblastoma cells","infected with Y3 wt RNA",NA,NA,NA
"25","SRP034832","SRX1250598","RNAseq_IMR-32_nELAVL_UV","IMR-32","neuroblastoma cells",NA,"nELAVL RNAi for 96hrs","UV stressed: 0.5mJ/cm2","nELAVL"
"26","SRP034832","SRX1250600","RNAseq_IMR-32_nELAVL_UV","IMR-32","neuroblastoma cells",NA,"nELAVL RNAi for 96hrs","UV stressed: 0.5mJ/cm2","nELAVL"
"27","SRP034832","SRX1250592","RNAseq_IMR-32_nELAVL_noUV","IMR-32","neuroblastoma cells",NA,"nELAVL RNAi for 96hrs","non-stressed","nELAVL"
"28","SRP034832","SRX1515442","IMR-32 neuroblastoma cells","IMR-32","neuroblastoma cells","infected with Y3 wt RNA",NA,NA,NA
"29","SRP034832","SRX1515443","IMR-32 neuroblastoma cells","IMR-32","neuroblastoma cells","infected with Y3 mut RNA",NA,NA,NA
"30","SRP034832","SRX1515438","IMR-32 neuroblastoma cells","IMR-32","neuroblastoma cells","non-infected",NA,NA,NA
