"","study.accession","experiment.accession","source_name","cell.line","cell.type","transfected.with","genotype.variation"
"1","SRP050245","SRX767450","Breast cancer cell line","MDA-MB-231","highly invasive","mt-REST","overexpression of mutant REST"
"2","SRP050245","SRX767447","Breast cancer cell line","MCF-7","weakly invasive","si-REST","Downregulation of REST"
"3","SRP050245","SRX767446","Breast cancer cell line","MCF-7","weakly invasive","si-GAPDH (control)","control"
"4","SRP050245","SRX767448","Breast cancer cell line","MCF-7","weakly invasive","si-REST","Downregulation of REST"
"5","SRP050245","SRX767449","Breast cancer cell line","MDA-MB-231","highly invasive","EGFP (control)","EGFP control"
"6","SRP050245","SRX767451","Breast cancer cell line","MDA-MB-231","highly invasive","wt-REST","overexpression of wild type REST"
