"","study.accession","experiment.accession","source_name","cell.line","cell.type","tissue"
"1","SRP041993","SRX542649","piRNA Library Lung","SKMES1","Squamous (NLSCLC)","Lung"
"2","SRP041993","SRX542646","piRNA Library Lung","H157","Squamous (NLSCLC)","Lung"
"3","SRP041993","SRX542643","piRNA Library Lung","H1437","Adenocarcinoma (NSCLC)","Lung"
"4","SRP041993","SRX542642","piRNA Library Lung","H522","Adenocarcinoma (NSCLC)","Lung"
"5","SRP041993","SRX542645","piRNA Library Lung","H1944","Adenocarcinoma (NSCLC)","Lung"
"6","SRP041993","SRX542640","piRNA Library Lung","HBE3","Immortalized bronchial epithelial","Lung"
"7","SRP041993","SRX542647","piRNA Library Lung","H226","Squamous (NLSCLC)","Lung"
"8","SRP041993","SRX542641","piRNA Library Lung","HBE4","Immortalized bronchial epithelial","Lung"
"9","SRP041993","SRX542639","piRNA Library Lung","HBE2","Immortalized bronchial epithelial","Lung"
"10","SRP041993","SRX542644","piRNA Library Lung","H1792","Adenocarcinoma (NSCLC)","Lung"
"11","SRP041993","SRX542648","piRNA Library Lung","H596","Squamous (NLSCLC)","Lung"
