"","study.accession","experiment.accession","source_name","tissue"
"1","SRP008496","SRX099137","esophageal cell type","non-tumor"
"2","SRP008496","SRX099135","esophageal cell type","non-tumor"
"3","SRP008496","SRX099130","esophageal cell type","tumor"
"4","SRP008496","SRX099139","esophageal cell type","non-tumor"
"5","SRP008496","SRX099132","esophageal cell type","tumor"
"6","SRP008496","SRX099134","esophageal cell type","tumor"
"7","SRP008496","SRX099133","esophageal cell type","tumor"
"8","SRP008496","SRX099136","esophageal cell type","non-tumor"
"9","SRP008496","SRX099138","esophageal cell type","non-tumor"
"10","SRP008496","SRX099129","esophageal cell type","tumor"
"11","SRP008496","SRX099131","esophageal cell type","tumor"
"12","SRP008496","SRX099128","esophageal cell type","tumor"
