"","study.accession","experiment.accession","source_name","diagnosis","dek.status","hpv.status"
"1","SRP060234","SRX1079058","HPV- RNA-Seq Knockdown","Head and Neck Squamous Cell Carcinoma","DEK Knockdown","HPV-"
"2","SRP060234","SRX1079060","HPV+ RNA-Seq Knockdown","Head and Neck Squamous Cell Carcinoma","DEK Knockdown","HPV+"
"3","SRP060234","SRX1079057","HPV- RNA-Seq Control","Head and Neck Squamous Cell Carcinoma","Control","HPV-"
"4","SRP060234","SRX1079059","HPV+ RNA-Seq Control","Head and Neck Squamous Cell Carcinoma","Control","HPV+"
