"","study.accession","experiment.accession","source_name","cell.line","cell.type","phenotype","passage"
"1","SRP041819","SRX539554","Multiple myeloma","TKO","Multiple myeloma","Low levels of MMSET","15-20"
"2","SRP041819","SRX539553","Multiple myeloma","TKO","Multiple myeloma","Low levels of MMSET","15-20"
"3","SRP041819","SRX539549","Multiple myeloma","TKO","Multiple myeloma","Low levels of MMSET","15-20"
"4","SRP041819","SRX539551","Multiple myeloma","KMS11","Multiple myeloma","High levels of MMSET","15-20"
"5","SRP041819","SRX539550","Multiple myeloma","TKO","Multiple myeloma","Low levels of MMSET","15-20"
"6","SRP041819","SRX539552","Multiple myeloma","KMS11","Multiple myeloma","High levels of MMSET","15-20"
"7","SRP041819","SRX539547","Multiple myeloma","KMS11","Multiple myeloma","High levels of MMSET","15-20"
"8","SRP041819","SRX539548","Multiple myeloma","KMS11","Multiple myeloma","High levels of MMSET","15-20"
