"","study.accession","experiment.accession","source_name","cell.line","cell.type","ebv.infection.status"
"1","SRP045859","SRX689188","human gastric carcinoma_experimentally infected with EBV","NUGC3-EBV","NUGC3 in vitro infected with EBV","EBV(+); experimentally infected with EBV"
"2","SRP045859","SRX689190","human gastric carcinoma_experimentally infected with EBV","SNU-484-EBV","SNU-484 in vitro infected with EBV","EBV(+); experimentally infected with EBV"
"3","SRP045859","SRX689187","human gastric carcinoma","NUGC3","human gastric cancer cell line","EBV(-)"
"4","SRP045859","SRX689191","human gastric carcinoma","SNU-638","human gastric cancer cell line","EBV(-)"
"5","SRP045859","SRX689193","human gastric carcinoma_naturally infected with EBV","SNU-719","human gastric cancer cell line with natural EBV infection","EBV(+); naturally infected with EBV"
"6","SRP045859","SRX689192","human gastric carcinoma_experimentally infected with EBV","SNU-638-EBV","SNU-638 in vitro infected with EBV","EBV(+); experimentally infected with EBV"
"7","SRP045859","SRX689186","human gastric carcinoma_naturally infected with EBV","NCC-24","human gastric cancer cell line with natural EBV infection","EBV(+); naturally infected with EBV"
"8","SRP045859","SRX689194","human gastric carcinoma_naturally infected with EBV","YCCEL-1","human gastric cancer cell line with natural EBV infection","EBV(+); naturally infected with EBV"
"9","SRP045859","SRX689189","human gastric carcinoma","SNU-484","human gastric cancer cell line","EBV(-)"
