"","study.accession","experiment.accession","source_name","cell.line","cell.type","treatment","degenerate.linker"
"1","SRP034830","SRX400212","HITS-CLIP_IMR-32_UV5","IMR-32","neuroblastoma cells","UV stressed: 0.5mJ/cm2","25nt: begins with CATG, ends with G"
"2","SRP034830","SRX400213","HITS-CLIP_IMR-32_UV5","IMR-32","neuroblastoma cells","UV stressed: 0.5mJ/cm2","25nt: begins with AGTG, ends with G"
"3","SRP034830","SRX400208","HITS-CLIP_IMR-32_UV2","IMR-32","neuroblastoma cells","UV stressed: 0.2mJ/cm2","25nt: begins with CGTA, ends with G"
"4","SRP034830","SRX400206","HITS-CLIP_IMR-32_noUV","IMR-32","neuroblastoma cells","non-stressed","7nt: begins with GA, ends with G"
"5","SRP034830","SRX400211","HITS-CLIP_IMR-32_UV5","IMR-32","neuroblastoma cells","UV stressed: 0.5mJ/cm2","25nt: begins with GTGC, ends with G"
"6","SRP034830","SRX400210","HITS-CLIP_IMR-32_UV2","IMR-32","neuroblastoma cells","UV stressed: 0.2mJ/cm2","25nt: begins with TCAC, ends with G"
"7","SRP034830","SRX400205","HITS-CLIP_IMR-32_noUV","IMR-32","neuroblastoma cells","non-stressed","25nt: begins with GATC, ends with G"
"8","SRP034830","SRX400207","HITS-CLIP_IMR-32_noUV","IMR-32","neuroblastoma cells","non-stressed","7nt: begins with AC, ends with G"
"9","SRP034830","SRX400209","HITS-CLIP_IMR-32_UV2","IMR-32","neuroblastoma cells","UV stressed: 0.2mJ/cm2","25nt: begins with GCAT, ends with G"
