"","study.accession","experiment.accession","source_name","cell.type","strain","passages"
"1","SRP018377","SRX222269","MEF cell line","Fibroblast cell line generated from E13.5 embryos of NEAT1 KO mice","C57BL/6","2 to 3"
"2","SRP018377","SRX222270","VCaP cell line","Prostate cancer cell line",NA,"5 to 6"
"3","SRP018377","SRX222271","VCaP ERa cell line","Prostate cancer cell line overexpressing ERa",NA,"4 to 5"
"4","SRP018377","SRX222268","MEF cell line","Fibroblast cell line generated from E13.5 embryos of WT mice","C57BL/6","2 to 3"
