"","study.accession","experiment.accession","source_name","cell.line","source.tissue","cell.type","genotype.variation"
"1","SRP034601","SRX395844","Jun-D knockdown in PC3 cells using shRNA","PC3","bone metastasis of grade IV prostate cancer","prostate cancer cells","Jun-D knockdown"
"2","SRP034601","SRX395840","Luciferase knockdown in PC3 cells using shRNA","PC3","bone metastasis of grade IV prostate cancer","prostate cancer cells","WT (Luciferase knockdown control)"
"3","SRP034601","SRX395841","c-Jun knockdown in PC3 cells using shRNA","PC3","bone metastasis of grade IV prostate cancer","prostate cancer cells","c-Jun knockdown"
"4","SRP034601","SRX395838","Luciferase knockdown in PC3 cells using shRNA","PC3","bone metastasis of grade IV prostate cancer","prostate cancer cells","WT (Luciferase knockdown control)"
"5","SRP034601","SRX395845","Jun-D knockdown in PC3 cells using shRNA","PC3","bone metastasis of grade IV prostate cancer","prostate cancer cells","Jun-D knockdown"
"6","SRP034601","SRX395839","Luciferase knockdown in PC3 cells using shRNA","PC3","bone metastasis of grade IV prostate cancer","prostate cancer cells","WT (Luciferase knockdown control)"
"7","SRP034601","SRX395846","Jun-D knockdown in PC3 cells using shRNA","PC3","bone metastasis of grade IV prostate cancer","prostate cancer cells","Jun-D knockdown"
"8","SRP034601","SRX395842","c-Jun knockdown in PC3 cells using shRNA","PC3","bone metastasis of grade IV prostate cancer","prostate cancer cells","c-Jun knockdown"
"9","SRP034601","SRX395843","c-Jun knockdown in PC3 cells using shRNA","PC3","bone metastasis of grade IV prostate cancer","prostate cancer cells","c-Jun knockdown"
