"","study.accession","experiment.accession","source_name","country.location","tissue","tumor.stage","therapy"
"1","SRP017979","SRX217772","adjacent normal tissue of stage III CRC tumor","Chinese in eastern China","adjacent normal tissue of colorectal cancer","stage III","no therapy"
"2","SRP017979","SRX217775","tumor tissue of stage III CRC patient who received Transcatheter Arterial Infusion chemotherapy one week before surgical resection","Chinese in eastern China","tumor tissue of colorectal cancer","stage III","Transcatheter Arterial Infusion chemotherapy one week before surgical resection"
"3","SRP017979","SRX217774","adjacent normal tissue of stage III CRC patient who received Transcatheter Arterial Infusion chemotherapy one week before surgical resection","Chinese in eastern China","adjacent normal tissue of colorectal cancer","stage III","Transcatheter Arterial Infusion chemotherapy one week before surgical resection"
"4","SRP017979","SRX217773","tumor tissue of stage III CRC","Chinese in eastern China","tumor tissue of colorectal cancer","stage III","no therapy"
