"","study.accession","experiment.accession","source_name","ttf.1.expression","treatment","histology"
"1","SRP040727","SRX504179","A549 cells infected with Ad-LacZ, TGF-beta treated","no","TGF-beta","lung adenocarcinoma"
"2","SRP040727","SRX504180","A549 cells infected with Ad-TTF-1, TGF-beta treated","exogenous expression","TGF-beta","lung adenocarcinoma"
"3","SRP040727","SRX504177","A549 cells infected with Ad-LacZ, control","no","none","lung adenocarcinoma"
"4","SRP040727","SRX504178","A549 cells infected with Ad-TTF-1, control","exogenous expression","none","lung adenocarcinoma"
