"","study.accession","experiment.accession","anonymized_name","body_site","sex","SF3B1.K700E.mutation.status"
"1","SRP033115","SRX423307","Sample_A20_0002","Breast","Female","Wildtype"
"2","SRP033115","SRX423331","Sample_A20_0015","Breast","Female","Wildtype"
"3","SRP033115","SRX423313","Sample_A20_0011","Breast","Female","Wildtype"
"4","SRP033115","SRX423330","Sample_A20_0014","Breast","Female","Wildtype"
"5","SRP033115","SRX423328","Sample_A20_0013","Breast","Female","Mutant"
"6","SRP033115","SRX423327","Sample_A20_0012","Breast","Female","Wildtype"
"7","SRP033115","SRX423312","Sample_A20_0009","Breast","Female","Wildtype"
"8","SRP033115","SRX423308","Sample_A20_0003","Breast","Female","Mutant"
"9","SRP033115","SRX423333","Sample_A20_0017","Breast","Female","Wildtype"
"10","SRP033115","SRX423311","Sample_A20_0006","Breast","Female","Wildtype"
"11","SRP033115","SRX423309","Sample_A20_0004","Breast","Female","Mutant"
"12","SRP033115","SRX423310","Sample_A20_0005","Breast","Female","Wildtype"
"13","SRP033115","SRX378888","Sample_A20_0001","Breast","Female","Wildtype"
"14","SRP033115","SRX423332","Sample_A20_0016","Breast","Female","Wildtype"
