"","study.accession","experiment.accession","source_name","tumor.group","tissue","disease.state","cell.line"
"1","SRP012546","SRX144699","renal","RCC stage IV","clear cell renal cell carcinoma","clear cell renal cell carcinoma  stage IV",NA
"2","SRP012546","SRX144684","renal","NRC","non-tumoral renal cortex",NA,NA
"3","SRP012546","SRX144679","renal","NRC","non-tumoral renal cortex",NA,NA
"4","SRP012546","SRX144680","renal","NRC","non-tumoral renal cortex",NA,NA
"5","SRP012546","SRX144681","renal","NRC","non-tumoral renal cortex",NA,NA
"6","SRP012546","SRX144700","renal","RCC stage IV","clear cell renal cell carcinoma","clear cell renal cell carcinoma  stage IV",NA
"7","SRP012546","SRX144686","renal","NRC","non-tumoral renal cortex",NA,NA
"8","SRP012546","SRX144687","renal","NRC","non-tumoral renal cortex",NA,NA
"9","SRP012546","SRX144690","renal","RCC recurrence","clear cell renal cell carcinoma","clear cell renal cell carcinoma  recurrence",NA
"10","SRP012546","SRX144682","renal","NRC","non-tumoral renal cortex",NA,NA
"11","SRP012546","SRX144704","renal","RCC without recurrence","clear cell renal cell carcinoma","clear cell renal cell carcinoma  without recurrence",NA
"12","SRP012546","SRX144708","renal","RCC without recurrence","clear cell renal cell carcinoma","clear cell renal cell carcinoma  without recurrence",NA
"13","SRP012546","SRX144691","renal","RCC recurrence","clear cell renal cell carcinoma","clear cell renal cell carcinoma  recurrence",NA
"14","SRP012546","SRX144697","renal","RCC stage IV","clear cell renal cell carcinoma","clear cell renal cell carcinoma  stage IV",NA
"15","SRP012546","SRX144706","renal","RCC without recurrence","clear cell renal cell carcinoma","clear cell renal cell carcinoma  without recurrence",NA
"16","SRP012546","SRX144683","renal","NRC","non-tumoral renal cortex",NA,NA
"17","SRP012546","SRX144694","renal","RCC recurrence","clear cell renal cell carcinoma","clear cell renal cell carcinoma  recurrence",NA
"18","SRP012546","SRX144705","renal","RCC without recurrence","clear cell renal cell carcinoma","clear cell renal cell carcinoma  without recurrence",NA
"19","SRP012546","SRX144693","renal","RCC recurrence","clear cell renal cell carcinoma","clear cell renal cell carcinoma  recurrence",NA
"20","SRP012546","SRX144703","renal","RCC without recurrence","clear cell renal cell carcinoma","clear cell renal cell carcinoma  without recurrence",NA
"21","SRP012546","SRX144698","renal","RCC stage IV","clear cell renal cell carcinoma","clear cell renal cell carcinoma  stage IV",NA
"22","SRP012546","SRX144678","renal","NRC","non-tumoral renal cortex",NA,NA
"23","SRP012546","SRX144695","renal","RCC recurrence","clear cell renal cell carcinoma","clear cell renal cell carcinoma  recurrence",NA
"24","SRP012546","SRX144711","renal cell line","MZ1257",NA,NA,"MZ1257"
"25","SRP012546","SRX144692","renal","RCC recurrence","clear cell renal cell carcinoma","clear cell renal cell carcinoma  recurrence",NA
"26","SRP012546","SRX144685","renal","NRC","non-tumoral renal cortex",NA,NA
"27","SRP012546","SRX144701","renal","RCC stage IV","clear cell renal cell carcinoma","clear cell renal cell carcinoma  stage IV",NA
"28","SRP012546","SRX144709","renal","RCC without recurrence","clear cell renal cell carcinoma","clear cell renal cell carcinoma  without recurrence",NA
"29","SRP012546","SRX144677","renal","NRC","non-tumoral renal cortex",NA,NA
"30","SRP012546","SRX144707","renal","RCC without recurrence","clear cell renal cell carcinoma","clear cell renal cell carcinoma  without recurrence",NA
"31","SRP012546","SRX144688","renal","RCC recurrence","clear cell renal cell carcinoma","clear cell renal cell carcinoma  recurrence",NA
"32","SRP012546","SRX144689","renal","RCC recurrence","clear cell renal cell carcinoma","clear cell renal cell carcinoma  recurrence",NA
"33","SRP012546","SRX144702","renal","RCC stage IV","clear cell renal cell carcinoma","clear cell renal cell carcinoma  stage IV",NA
"34","SRP012546","SRX144710","renal cell line","SKRC7",NA,NA,"SKRC7"
"35","SRP012546","SRX144696","renal","RCC stage IV","clear cell renal cell carcinoma","clear cell renal cell carcinoma  stage IV",NA
