"","study.accession","experiment.accession","source_name","cell.line","cell.type"
"1","SRP041825","SRX539596","Glioblastoma","LN229","glioblastoma"
"2","SRP041825","SRX539587","Glioblastoma","LN229","glioblastoma"
"3","SRP041825","SRX539593","Glioblastoma","LN229","glioblastoma"
"4","SRP041825","SRX539591","Glioblastoma","LN229","glioblastoma"
"5","SRP041825","SRX539591","Glioblastoma","LN229","glioblastoma"
"6","SRP041825","SRX539589","Glioblastoma","LN229","glioblastoma"
"7","SRP041825","SRX539595","Glioblastoma","LN229","glioblastoma"
"8","SRP041825","SRX539592","Glioblastoma","LN229","glioblastoma"
"9","SRP041825","SRX539592","Glioblastoma","LN229","glioblastoma"
"10","SRP041825","SRX539597","Glioblastoma","LN229","glioblastoma"
"11","SRP041825","SRX539594","Glioblastoma","LN229","glioblastoma"
"12","SRP041825","SRX539596","Glioblastoma","LN229","glioblastoma"
"13","SRP041825","SRX539588","Glioblastoma","LN229","glioblastoma"
"14","SRP041825","SRX539594","Glioblastoma","LN229","glioblastoma"
"15","SRP041825","SRX539593","Glioblastoma","LN229","glioblastoma"
"16","SRP041825","SRX539597","Glioblastoma","LN229","glioblastoma"
"17","SRP041825","SRX539587","Glioblastoma","LN229","glioblastoma"
"18","SRP041825","SRX539586","Glioblastoma","LN229","glioblastoma"
"19","SRP041825","SRX539590","Glioblastoma","LN229","glioblastoma"
"20","SRP041825","SRX539595","Glioblastoma","LN229","glioblastoma"
"21","SRP041825","SRX539586","Glioblastoma","LN229","glioblastoma"
"22","SRP041825","SRX539588","Glioblastoma","LN229","glioblastoma"
"23","SRP041825","SRX539589","Glioblastoma","LN229","glioblastoma"
"24","SRP041825","SRX539590","Glioblastoma","LN229","glioblastoma"
